source,source_place_id,hashtags,nature,culture,art,food,activity,sports,healing,festival,semantic_text,taxonomy_version,labeling_method,labeling_confidence,labeling_evidence,reviewed_at
gwangju_tour,nature.cs:2,#자연|#정원|#산책|#공원|#아이동반|#주차가능|#휠체어|#반려동물,1.0,0.0,0.0,0.0,0.0,0.0,0.75,0.0,"광주호 호수생태원 광주호는 1976년 완공된 이래 광주와 담양군 일대 농업용수로 활용하고 있는 인공 호수다. 광주호 상류에 2006년 개장한 광주호 호수생태원은 다양한 동식물에게 서식처를 제공하며 생태계 보전에 기여하고 있다. 진달래, 개나리, 자산홍, 장미, 철쭉, 수국 등 형형색색의 야생화가 핀 테마별 꽃 단지와 부엽식물원이 있어 다양한 생물을 관찰할 수 있고, 버들길, 풀피리길, 별뫼길, 가물치길, 돌밑길 등의 산책길에는 각각의 이름과 주제에 맞는 볼거리로 가득하다. 호수생태원 주변에는 환벽당, 취가정 등 조선 시대 가사 문학의 산실이라 할 수 있는 정자들이 있다. 송강 정철이 '성산별곡' '식영정 20영' 등의 한시를 남긴 식영정, 조선 시대 정원 문화의 진수를 보여주는 소쇄원과도 가깝다. [출처: 광주 트래블 컬렉션] #자연 #정원 #산책 #공원 #아이동반 #주차가능 #휠체어 #반려동물",1.0.0,import,0.55,"[{""source"": ""gwangju_tour"", ""source_url"": ""https://tour.gwangju.go.kr/home/tour/info/nature.cs?act=view&infoId=2"", ""note"": ""규칙 기반 라벨 초안. 사람 교차검수 필요""}]",
gwangju_tour,nature.cs:360,#자연|#무등산|#문화유산|#예술|#전시|#공원|#시즌한정|#아이동반|#주차가능|#휠체어,1.0,0.5,0.75,0.0,0.0,0.0,0.75,0.5,"무등산 국립공원 2025~2026 한국관광100선 선정 국가지질공원이자 유네스코 세계지질공원으로 지정된 무등산국립공원은 전체면적 75.425㎢, 해발1,187m로 광주,담양,화순에 걸쳐 있다. 서석대, 입석대로 불리는 주상절리(용암이 식을 때 수축하여 생기는 절리 중에 단면의 형태가 오각형이나 육각형의 기둥 모양인 것)을 포함해 기암괴석 등 61개의 자연경관을 자랑한다. 수달, 상제나비, 삵, 담비, 하늘다람쥐, 으름난초 등 멸종위기종 8종을 포함해 총 4,012종의 동식물이 서식하는 것으로 알려져 있다. 신의 돌기둥으로 불리는 주상절리, 광주문화재자료 제1호 천년고찰 증심사, 조선시대 가사문학의 정취가 담긴 가사문화권, 문화·예술의 혼이 서린 운림동 미술관, 원효계곡의 산세 속에 위치한 원효사 등 무등산국립공원은 광주의 모든 것을 품고 있다. 뿐만 아니라 청록색의 무등산 수박과 소박한 건강식인 무등산보리밥도 맛볼 수 있다. 광주 도심에 위치해 있어서 계절마다 수많은 사람들이 찾는다. #자연 #무등산 #문화유산 #예술 #전시 #공원 #시즌한정 #아이동반 #주차가능 #휠체어",1.0.0,import,0.57,"[{""source"": ""gwangju_tour"", ""source_url"": ""https://tour.gwangju.go.kr/home/tour/info/nature.cs?act=view&infoId=360"", ""note"": ""규칙 기반 라벨 초안. 사람 교차검수 필요""}]",
gwangju_tour,nature.cs:1395,#자연|#숲|#힐링|#주차가능|#휠체어,1.0,0.0,0.0,0.0,0.0,0.0,0.5,0.0,"광주시립수목원 타 지역의 자연환경이 우수한 지역에 설치된 수목원과는 다르게 , 광주시립수목원은 시민들이 혐오시설로 인식하고 외면 받고 있는 광역 위생 쓰레기 매립장 주변 훼손지를 수목을 식재하여 자연생태환경을 복원하고 편의시설을 설치하는 등의 수목원 조성사업을 통해 , 시민들에게 휴식과 정서 함양 등을 할 수 있는 공간을 제공하는 등 토지이용 효율을 제공합니다 #자연 #숲 #힐링 #주차가능 #휠체어",1.0.0,import,0.47,"[{""source"": ""gwangju_tour"", ""source_url"": ""https://tour.gwangju.go.kr/home/tour/info/nature.cs?act=view&infoId=1395"", ""note"": ""규칙 기반 라벨 초안. 사람 교차검수 필요""}]",
gwangju_tour,nature.cs:255,#자연|#무등산|#역사|#근대문화|#시장|#레저,0.75,0.75,0.0,0.5,0.5,0.0,0.0,0.0,"광주천 무등산 남쪽 자락, 용추계곡에서 발원해 도심을 관통한 뒤 영산강으로 합류하는 하천, 천연기념물이자 멸종 위기 종인 수달과 원앙, 황조롱이, 소쩍새, 삵, 말똥가리 등이 서식한다. 광주천은 조선 시대부터 현재까지 도시 역사에서 중요한 의미를 지닌 장소다. '조탄강'이라 불리던 조선 시대에는 강폭이 지금의 5배 이상이었으며, 드넓은 하천부지는 시민들의 놀이터이자 빨래터였다. 광주천 중류 조탄보에 가둔 물로 광주읍성 바깥에 해자를 지어 적의 침입을 막기도 했다. 일제강점기에에 '광주천'으로 이름이 바뀌었으며, 직강화 사업을 진행하면서 강폭이 좁아지고 수량도 줄었다. 1970년대에 광주천의 지류를 덮는 복개 사업을 본격화했는데, 그 결과 주요 지류는 하수구가 되고, 복개된 하천 위에는 도로와 시장이 생겼다. 광주천의 계속된 오염으로 환경단체와 시민들이 광주천 살리기 운동을 꾸준히 펼쳐 일부 수질개선과 천변 미화 등의 성과를 거두고 있다. [출처: 광주 관광 트래블 컬렉션] #자연 #무등산 #역사 #근대문화 #시장 #레저",1.0.0,import,0.53,"[{""source"": ""gwangju_tour"", ""source_url"": ""https://tour.gwangju.go.kr/home/tour/info/nature.cs?act=view&infoId=255"", ""note"": ""규칙 기반 라벨 초안. 사람 교차검수 필요""}]",
gwangju_tour,nature.cs:1227,#자연|#역사|#근대문화|#공원,0.75,0.75,0.0,0.0,0.0,0.0,0.5,0.0,"뒹굴동굴 이 동굴은 일제강점기에 만들어진 방공호 지하시설이다. 광주 도심에 거주하는 일본인들을 미국의 공습으로부터 대피시키기 위해 1940년대 사직공원 밑에 방공호를 건설하였다. 일본인 거주지역에 가깝고 양림산의 지반이 단단하여 안정된 대피가 가능했기 때문에 일본은 방공호를 건설하면서 당초에는 네곳의 입구를 두고 가운데 광장을 만들 계획이었으나, 단단한 화강암 지반으로 인하여 공사 진척이 느려져 완공되지 못한 채 전쟁이 종료되었다. 현재는 일제강점기 잔재물로서 역사문화 유적지로 운영 중이다. #자연 #역사 #근대문화 #공원",1.0.0,import,0.47,"[{""source"": ""gwangju_tour"", ""source_url"": ""https://tour.gwangju.go.kr/home/tour/info/nature.cs?act=view&infoId=1227"", ""note"": ""규칙 기반 라벨 초안. 사람 교차검수 필요""}]",
gwangju_tour,nature.cs:1071,#자연|#숲|#산책|#야경|#시즌한정|#반려동물,0.75,0.0,0.0,0.0,0.0,0.0,0.5,0.75,"너릿재 옛길 너릿재 옛길은 광주 동구 선교동에서 화순읍을 잇는 약 4.3Km의 고갯길로, 예로부터 광주와 전남 동남부권을 연결하는 중요한 통로였습니다. 1971년 너릿재터널 개통 후에 오랜 세월 속에서 사라지지 않고 “걷기 좋은 명품 숲길”로 다시 탄생한 너릿재 옛길은 계절마다 색다른 아름다움을 선사합니다. 특히, 봄이 되면 산등성이를 따라 놓인 고갯길 따라, 연분홍빛 벚꽃길이 장관을 이룹니다. 사람의 손길이 닿지 않고 자연그대로 피어난 벚꽃들을 보기위해 많은 시민들이 찾는 인기장소가 되었습니다. #자연 #숲 #산책 #야경 #시즌한정 #반려동물",1.0.0,import,0.5,"[{""source"": ""gwangju_tour"", ""source_url"": ""https://tour.gwangju.go.kr/home/tour/info/nature.cs?act=view&infoId=1071"", ""note"": ""규칙 기반 라벨 초안. 사람 교차검수 필요""}]",
gwangju_tour,history.cs:1146,#역사|#민주인권|#전시|#체험|#교육,0.0,1.0,0.5,0.0,0.75,0.0,0.0,0.0,"4·19민주혁명 역사관 ‘4·19민주혁명 역사관’은 초·중·고 학생들의 역사문화체험학습 공간으로 운영된다. 특히 정의와 자유, 평화로 상징되는4·19민주이념을 학생들이 잘 체험할 수 있도록 전시 공간을 조성했다. 상설전시관의 바닥은 4·19민주혁명 당시의 신문기사들로 꾸몄다. 입구 정면은 광주 4·19혁명 최초로 광주고 학생들이 교문을 박차고 나와 구호를 외치는 모습을 담은 사진을 확대 전시했다. ‘광주 4·19, 그 날의 일들’을 주제로 묶인 전시에는 광주 4·19혁명 전개 과정을 시간대별로 게시했다. 3·15장송시위부터 이홍길 하숙집 모의, 광주교 교장실 대치, 타종, 광주고 교문 돌파, 시내시위, 경찰 발포의 과정이 생생하게 담겼다. 또 광주 4·19혁명 주역들인 이병열, 김영용, 윤승웅 씨 등의 증언도 함께 전시한다. #역사 #민주인권 #전시 #체험 #교육",1.0.0,import,0.53,"[{""source"": ""gwangju_tour"", ""source_url"": ""https://tour.gwangju.go.kr/home/tour/info/history.cs?act=view&infoId=1146"", ""note"": ""규칙 기반 라벨 초안. 사람 교차검수 필요""}]",
gwangju_tour,history.cs:1171,#역사|#민주인권|#시장,0.0,1.0,0.0,0.5,0.0,0.0,0.0,0.0,4·19혁명기념관 광주4·19혁명기념관은 전국에서 유일하다. 3·15부정선거 첫 규탄 이른바 곡(哭)민주주의 장송’ 봉기가 4·19혁명의 첫 횃불로 도화선을 그었던 역사적 상징성을 지니고 있다. 이 기념관은 4·19혁명 46년만에 광주광역시 제4기 박광태 시장의 용단으로 건립된 것으로 매년 1천여명의 전국방문객을 맞고 있다. #역사 #민주인권 #시장,1.0.0,import,0.53,"[{""source"": ""gwangju_tour"", ""source_url"": ""https://tour.gwangju.go.kr/home/tour/info/history.cs?act=view&infoId=1171"", ""note"": ""규칙 기반 라벨 초안. 사람 교차검수 필요""}]",
gwangju_tour,history.cs:1073,#역사|#민주인권|#교육|#아이동반|#휠체어,0.0,1.0,0.0,0.0,0.5,0.0,0.0,0.0,"5·18민주화운동기록관 광주광역시에서는 세계기록유산 소장기관으로 인류의 공동유산인 5·18민주화운동 기록유산을 체계적으로 수집하여 영구보존하고 5·18의 역사적 의미를 세계인들과 함께 공유하기 위해 5·18민주화운동기록관을 설립하였습니다. 1980년 5월 역사적 현장이었던 옛 광주가톨릭센터에 자리한 5·18민주화운동기록관에는 그동안 여러 곳에 흩어져 있던 5·18기록물들이 체계적으로 수집·보관되어 있습니다. 5·18의 발발과 진압을 비롯한 원천자료에서부터 문서, 음향, 구술, 학술, 문화적 재현물, 정부기관과 군사사법기관의 자료,시민들의 기록과 증언, 기자들의 사진과 취재수첩, 피해자들의 병원진료 기록 등 4천2백여 권, 86만 페이지, 사진 필름 3천7백여 컷에 달하는 등재 기록물이 수장고에 영구 보존되어 있습니다. 정기해설: (월~토) 10:00, 11:00, 14:00, 15:00, 16:30 / (일) 10시, 11시, 14시30분, 16시 (단체 예약 062-613-8288) ※ 40~50분 소요(단체 일정에 따라 시간조정 가능) #역사 #민주인권 #교육 #아이동반 #휠체어",1.0.0,import,0.5,"[{""source"": ""gwangju_tour"", ""source_url"": ""https://tour.gwangju.go.kr/home/tour/info/history.cs?act=view&infoId=1073"", ""note"": ""규칙 기반 라벨 초안. 사람 교차검수 필요""}]",
gwangju_tour,history.cs:140,#역사|#전통,0.0,1.0,0.0,0.0,0.0,0.0,0.0,0.0,"고원희 가옥 임진왜란 때 금산(錦山) 전투에서 전사한 의병장 고경명(高敬命)의 옛 집터를 그 후손들이 여러차례 고쳐지은 집이다. 이 집은후손들이 여러 차례 고쳐 지은 집으로 현존 가옥은 1917년 건축한 것이다. 예전에는 더 많은 건물이 있었는데 현재는 사랑채, 안채, 곳간채, 사당, 대문등이 남아있다. 대문은 정면 세칸 측면 한칸이다. 사랑채는 정면 네칸 측면 한칸으로 앞뒤로 마루가 있는 팔작 기와집이다. 다듬돌 바른층 쌓기의 두벌대 기단위에 덤병주초석을 놓고 원형기둥을 세웠다. 기둥 위에는 우미량과 굴도리, 장혀를 보아지와 함께 결합하였다. 평면은 좌로부터 한칸의 방 3개와 한칸의 대청을 1단 높혀 누(樓)마루로 되어 있다. 안채는 정면 여섯칸, 측면 한칸에 전후좌우에 마루가 있는 팔작 기와집이다. 다듬돌 바른층 쌓기의 외벌대 기단위에 덤벙 주초석을 놓고 앞열은 원형 그 외는 사각기둥을 세웠다. 원형 기둥위에는 우미량과 굴도리, 장혀를 보아지와 함께 결합하였다. 내부가구는 고주위에 대량을 걸치고 판대공을 놓았으며 구 위에 종도리를 놓았다. 평면은 좌로부터 한칸반의 부엌, 두칸의 대청, 한칸의 방으로 되어 있다. 창호는 전체가 양쪽으로 열어지는 문이며, 방으로 되어 있고 그 위에 넉살창이 있다. 숭정기원후오갑정사윤이월초구일(崇禎紀元後五甲丁巳閏二月初九日)이라는 상량문에 글씨가 쓰여 있는데 이것으로 건립연대가 1917년임을 알수 있다. 사당은 고경명장군과 그 아들 종후, 인후 형제의 부조묘이다. 이 사당은 정면 세칸 측면 한칸으로 앞에만 마루가 있으며 맞배지붕이다. 외별대의 낮은 기단위에 덤벙 주초석을 놓고 현형기둥을 세웠다. 기둥 위에는 첨자형의 포로 결합하였고, 초익공 위에는 용두를 빼내고 장혀와 굴도리를 얹었다. 내부가구는 대량위에 동자주를 얹고 종보를 걸친 뒤 그 위에 다시 판대공을 놓았으며, 겹처마에 조잡한 모조 단청을 하고 있다. 건립연대는 안채보다 빠른 시기로 추측된다. #역사 #전통",1.0.0,import,0.4,"[{""source"": ""gwangju_tour"", ""source_url"": ""https://tour.gwangju.go.kr/home/tour/info/history.cs?act=view&infoId=140"", ""note"": ""규칙 기반 라벨 초안. 사람 교차검수 필요""}]",
gwangju_tour,history.cs:1268,#역사|#근대문화|#야경,0.0,1.0,0.0,0.0,0.0,0.0,0.0,0.5,"광주 3.1 만세운동 기념비 광주는 일제강점기 시절 광주학생운동을 시작으로 다양한 독립운동이 펼쳐진 고장이다. 이러한 고장에서 3·1 만세운동이 벌어진 것은 당연한 결과이다. 이러한 광주지역의 3·1 만세운동을 기념하고 당시의 넋을 기리기 위해 만들어진 것이 “광주 3.1 만세운동 기념비”이다. 1995년 5월 10일에 건립한 이 기념비는 양림동 256번지 수피아여고 후문 안에 자리 잡고 있다. 앞면에는 ""광주 3·1 만세운동 기념""이라고 새겨져 있고, 뒷면은 1919년 3월 10일 광주 3·1 만세운동에 앞장섰기 때문에 옥고를 치른 수피아 학생들의 이름을 새겨 길이 기념하고자 했다. * 당시의 넋을 기리는 기념비의 추모시 * 기념비에는 박순애, 이태옥, 김양순, 윤혈녀, 김덕순, 조옥희, 이금봉, 하영자, 강화선, 이라혈, 최수향, 김만순, 홍순해 등 23명의 명단이 새겨져 있으며, 옆면은 ""역사의 별이 되어"" 라는 추모시가 다음과 같이 새겨져 있다.천추에 이름 석자 누구나 남기는가, 기미년 3·1 운동 선두에 서서 구국의 일념으로 충성을 맹세하고 태극기 앞에 두고서 독립만세를 외쳤네. 일제의 총칼 앞에 나라가 침탈 당하자 자유 없는 속박에서 사느니보다 사슬을 끊기 위해 목숨 걸고 싸웠네. 모진 고문을 당하여도 이겨낸 고결한 애국 얼이 역사의 별이 되어 무궁토록 빛나네. * 규 모: 넓이 4㎡ 길이 7m * 형 상: 3·1 운동 때 여학생들이 태극기를 들고 만세를 부르고 있는 형상 #역사 #근대문화 #야경",1.0.0,import,0.45,"[{""source"": ""gwangju_tour"", ""source_url"": ""https://tour.gwangju.go.kr/home/tour/info/history.cs?act=view&infoId=1268"", ""note"": ""규칙 기반 라벨 초안. 사람 교차검수 필요""}]",
gwangju_tour,history.cs:1266,#정원|#역사|#근대문화|#전시|#힐링|#공원,0.5,1.0,0.75,0.0,0.0,0.0,0.75,0.0,"광주 경찰충혼탑 경찰충혼답은 광주 사직공원에 위치해 있는 탑으로 높이가 약 14m에 이른다. 광주공원 입구의 계단을 한참 오르다 보면 나타난다. 이 탑은 여순 사건과 한국전쟁 등 당시 국가를 위해 목숨을 바친 광주, 전남출신 순국 경찰관 3,196명의 위패를 봉안하고 있다. 경찰충혼탑은 원래 1956년 전남도청 앞 상무관 정원에 건립되었는데 시간이 지나 탑이 붕괴 위험에 처해졌고, 이것을 1981년 10월 23일 현재의 위치(사구동 177번지)에 이전 건립하여 지금에 이르고 있다. * 경찰충혼탑이 있는 광주 사직공원 * 사직공원은 광주시의 제1호 공원이다. 옛날에는 성거사가 있었으며 일제강점기 때는 일본인들의 신사가 있던 곳인데 현재는 현충각과 광주시립 박물관, 시민관 등이 자리하고 있다.현충탑을 중심으로 한 공터는 노인들의 휴식처로 애용된다. 사직공원은 장수의 상징인 거북이 형상을 하고 있으며, 이곳에는 1974년 새로 설립한 광주시립 국악원과 조선조 이래의 생활도구를 전시한 민속관이 광주시립박물관에 병설되어있다. #정원 #역사 #근대문화 #전시 #힐링 #공원",1.0.0,import,0.6,"[{""source"": ""gwangju_tour"", ""source_url"": ""https://tour.gwangju.go.kr/home/tour/info/history.cs?act=view&infoId=1266"", ""note"": ""규칙 기반 라벨 초안. 사람 교차검수 필요""}]",
gwangju_tour,culture.cs:161,#예술|#공원|#실내|#비오는날,0.0,0.0,0.75,0.0,0.0,0.0,0.5,0.0,"(전) 광주 성거사지 오층석탑 광주천변에 위치한 광주공원은 성거산(聖居山)이라 불리웠다. 여기에 성거사라는 절이 있었다고 한다. 이 절에 있던 5층 석탑이라 하여 전 성거사지 오층석탑이라 명했다. 고려시대에 세워진 것으로 추정되며 보물 제109호로 지정되어 있다. 석탑의 아랫부분은 단층이며, 이 위에 2단으로 나누어 5개의 돌을 맞추고 있다. 이는 이전에 볼 수 없던 고려시대에 흔히 나타나는 특색이다. 지붕돌 밑면의 받침은 4단이고 각 귀퉁이는 모두 약간씩 치켜 올려져 있다. 1961년에 석탑을 다시 고쳐 세울 때 2층 탑신에서 금동으로 만든 집 모양의 사리장치가 발견되었다. 이 석탑과 관련하여 이야기 하나가 전해지고 있다. 성거산의 모양이 거북이처럼 생겨 지명도 구동(龜洞)으로 불리운다. 그런데 거북이가 광주를 떠나는 방향으로 가는 형세여서 광주를 떠나지 못하도록 거북의 등 위치에 성거사를 세우고 거북의 목 부근에는 5층석탑을 세웠다는 이야기다. 당초에 석탑은 꼬리부분에 세우려 했으나 몇 번이고 무너지자 지나가는 승려가 움직이는 꼬리에 세우려하니 무너지는 것이라며 움직이지 못하게 목에 세워야 한다고 해서 현재의 자리에 세워졌다 한다. #예술 #공원 #실내 #비오는날",1.0.0,import,0.4,"[{""source"": ""gwangju_tour"", ""source_url"": ""https://tour.gwangju.go.kr/home/tour/info/culture.cs?act=view&infoId=161"", ""note"": ""규칙 기반 라벨 초안. 사람 교차검수 필요""}]",
gwangju_tour,culture.cs:1253,#예술|#실내|#비오는날,0.0,0.0,0.75,0.0,0.0,0.0,0.0,0.0,"경장각 경장각은 조선인조(仁祖1551∼1627) 때의 문신(文臣)이었던 이신의(李信儀)을 배양하는 곳이다. 이 곳에는 이신의의 유물로 선조왕 친필병풍(親筆屛風)과 거문고가 보존되어 있다. 병풍은 인조가 그의 충절을 가상히하여 선조왕 친필을 하사한 것이며, 거문고는 석탄이 평소 애용하던 거문고이다. 이신의는 정묘호란 때 왕을 대동하여 강화도로 가던 중 병으로 인천에 체류하다가 수원 마정리에서 객사하였다. #예술 #실내 #비오는날",1.0.0,import,0.38,"[{""source"": ""gwangju_tour"", ""source_url"": ""https://tour.gwangju.go.kr/home/tour/info/culture.cs?act=view&infoId=1253"", ""note"": ""규칙 기반 라벨 초안. 사람 교차검수 필요""}]",
gwangju_tour,culture.cs:1050,#예술|#전시|#교육|#축제|#실내|#비오는날|#아이동반|#휠체어,0.0,0.0,1.0,0.0,0.5,0.0,0.0,0.5,"광주 미디어아트 플랫폼 2014년 12월 국내에서 처음으로 유네스코 미디어아트 창의도시로 선정된 광주시는 ‘광주 미디어아트 창의도시 마스터플랜’ 수립을 시작으로 미디어아트 창의벨트, 미디어아트 플랫폼 조성, 미디어아트 플랫폼 파사드 콘텐츠 개발, 미디어아트 페스티벌 개최 등 ‘미디어아트’를 통해 예술과 삶의 연결을 주도하는 문화산업 도시로서의 기반을 구축해왔다. 광주미디어아트플랫폼(G.MAP/Gwangju Media Art Platform) 은 광주시의 미디어아트 관련 특성화 정책을 총괄적으로 수행하는 컨트롤 타워로서, 시민과 예술가의 창의 역량을 축적하고 창의적인 도시환경 개선을 통해 예술-과학-산업의 선순환 기능을 주도해 나갈 것이다. G.MAP은 지하 2층, 지상 3층 규모로 건립되었으며, 크게 창작과 전시, 교육 및 교류 공간으로 구분된다. G.MAP은 시민, 예술가, 창의 인력이 만드는 미디어아트 문화 공간, 예술, 기술, 산업이 융합하는 미디어아트 창의 공간, 전 세계 창의도시를 연결하는 교류공간 등 세계를 향한 미디어아트의 허브로서 역할을 해나갈 것이다. ○시설현황 - 주요시설: 전시실, 미디어아트라운지, 창·제작실, 세미나실, 네트워킹실 [출처: 광주미디아트플랫폼 누리집] #예술 #전시 #교육 #축제 #실내 #비오는날 #아이동반 #휠체어",1.0.0,import,0.5,"[{""source"": ""gwangju_tour"", ""source_url"": ""https://tour.gwangju.go.kr/home/tour/info/culture.cs?act=view&infoId=1050"", ""note"": ""규칙 기반 라벨 초안. 사람 교차검수 필요""}]",
gwangju_tour,culture.cs:162,#역사|#예술|#실내|#비오는날,0.0,0.75,0.75,0.0,0.0,0.0,0.0,0.0,"광주 자운사 목조아미타래여좌상 및 복장유물 이 불상은 복장품에서 1388년 중수개금한 내용의 기문이 밝혀져 그 이전에 조성되었음을 알 수 있다. 재료의 특성상 목제가 오랫동안 전래되기 어려운 한계가 있다는 것을 감안하면 고려시대에 조성된 목조 불상으로서 중요한 자료이다. 1276년에 제작된 개운사 목조 아미타불좌상을 비롯하여 수국사 목조아미타불좌상, 화성 봉림사 목조아미타불좌상 등 대체로 12세기 말에 제작되었다고 생각되는 일련의 목불좌상들과 같은 계열의 불상이다. 자운사의 복장전적은 대수구다라니(大隨求陀羅尼) 및 주금강경(注金剛經) 등 국내에 처음 소개되는 의미 있는 자료가 다수 있으며, 함께 발견된 복장조성기에 의해 복장이 조성된 절대연대가 확실하여 서지학 분야의 판본 연구는 물론, 불교학의 내용 연구와 미술사의 도상(圖像) 연구에 있어서 중요한 자료적 가치를 지닌 복장 유물로 평가된다. 또한 섬유류의 유물이 존속하기 어려운 우리나라의 기후·환경 조건 등을 고려할 때 자운사 복장직물의 역사적·민속적 가치가 크다. 1611년에 내장된 후령통(候鈴筒)과 팔엽연화(八葉蓮花), 오보병(五寶甁)도 일괄 부속품으로 함께 지정한다. #역사 #예술 #실내 #비오는날",1.0.0,import,0.45,"[{""source"": ""gwangju_tour"", ""source_url"": ""https://tour.gwangju.go.kr/home/tour/info/culture.cs?act=view&infoId=162"", ""note"": ""규칙 기반 라벨 초안. 사람 교차검수 필요""}]",
gwangju_tour,culture.cs:163,#예술|#실내|#비오는날,0.0,0.0,0.75,0.0,0.0,0.0,0.0,0.0,"광주 지산동 오층석탑 광주광역시내에 상당한 거리를 두고 떨어져 있는 2기의 탑 가운데 동쪽에 위치한 것으로 통일신라 후기의 석탑이다. 탑이 서있는 부근은 백주사(栢州寺)터로 알려져 있기도 하나 추정할 만한 자료는 아직 발견되지 않았다. 탑의 구성은 2단의 기단(基壇) 위에 5층의 탑신(塔身)을 세운 형태로 신라석탑의 기본형을 잃지 않고 있다. 탑의 받침대 역할을 하는 기단부는 여러 개의 돌을 짜맞추어 구성하였으며, 탑신부의 몸돌과 지붕돌은 각각 하나의 돌로 이루어졌다. 특히 지붕돌 밑면의 받침이 1층은 5단인데 비해 2층부터는 4단으로 간략화되어, 양식상 만들어진 시대가 통일신라 후기로 내려옴을 알 수 있다. 1955년 해체, 수리할 때 4층 지붕돌 윗면에서 사리장치가 발견되었고 1961년에 다시 수리를 하여 일부 석재를 보완하였다. 광주 전남지방에 남아있는 몇 안 되는 5층석탑 가운데서도 우수한 통일신라 후기의 석탑이다. #예술 #실내 #비오는날",1.0.0,import,0.38,"[{""source"": ""gwangju_tour"", ""source_url"": ""https://tour.gwangju.go.kr/home/tour/info/culture.cs?act=view&infoId=163"", ""note"": ""규칙 기반 라벨 초안. 사람 교차검수 필요""}]",
gwangju_tour,culture.cs:1248,#역사|#전통|#예술|#체험|#교육|#시즌한정|#실내|#비오는날|#아이동반|#주차가능,0.0,0.75,0.75,0.0,1.0,0.0,0.0,0.5,"광주광산문화원 광산문화원은 1965년 2월 25일 창립된 역사와 전통을 자랑하는 문화원이다. 광주광역시 전체면적의 46%에 해당하는 광산구는 광주광역시의 역사와 궤를 같이하고 있을뿐만 아니라 천혜의 경관으로 도시와 농촌이 잘 어우러진 아름다운 곳이다. 광산문화원은 이러한 지리적 여건과 역사성을 살려 지역문화 창달에 앞장서고 있다. 광산문화원의 대표적인 사업으로는 향토사연구를 비롯하여, 민족애국시인인 용아 박용철 전국백일장, 어등미술대전, 문화학교를 운영하고 있다 * 문화사업 * 광산문화원에서는 각계각층의 지역주민의 참여를 기반으로 문화예술교육을 통한 건전한 여가문화 활성화를 위한 문화학교를 운영 중에 있다. 노래, 재즈, 요가, POP, 문학기행 등의 강좌를 운영하고 있으며, 도자기 체험 등 주말가족프로그램도 운영하고 있다. 또한 평소 문학에 관심이 많은 분들에게 자기개발과 자아성취의 장을 마련하고, 문학에 소질이 있는 숨은 인재를 발굴하여 지역문화발전에 기여하고자 용아 박용철 전국백일장을 개최한다 이외에도 방학기간이나 주말에 가족과 함께하는 전통문화체험(한지공예교실, 도자기현장체험교실)을 함으로써 우리전통문화에 대한 이해와 가치관을 함양시키는 전통예술학교를 운영 중이며, 광산지역의 유래, 전설, 인물 등의 향토자료를 조사하는 어등의 맥 사업도 진행 중이다. #역사 #전통 #예술 #체험 #교육 #시즌한정 #실내 #비오는날 #아이동반 #주차가능",1.0.0,import,0.6,"[{""source"": ""gwangju_tour"", ""source_url"": ""https://tour.gwangju.go.kr/home/tour/info/culture.cs?act=view&infoId=1248"", ""note"": ""규칙 기반 라벨 초안. 사람 교차검수 필요""}]",
gwangju_tour,food.cs:1183,#로컬푸드|#실내|#비오는날,0.0,0.0,0.0,0.75,0.0,0.0,0.0,0.0,"100족발본점 국내유일 족발보쌈 명인의집 백족발 우리나라 족발의 원조는 장충동 족발입니다. 냉채족발의 원조는 부산이구요. 매운족발의 원조는 창신동입니다. 음식하면 전라도 음식을 으뜸으로 치는데 전라도 족발의 원조가 없더군요. 그래서 2년의 노력끝에 전라도의 맛과 멋, 그리고 푸짐한 인심과 특징을 담아낸 전라도식 족발보쌈음식을 만들었습니다. 이제 백족발에서 전라도 족발보쌈음식을 경험해 보시기 바랍니다. 저희집 시그니쳐 메뉴는 파숙지족보 한상차림입니다. #로컬푸드 #실내 #비오는날",1.0.0,import,0.38,"[{""source"": ""gwangju_tour"", ""source_url"": ""https://tour.gwangju.go.kr/home/tour/info/food.cs?act=view&infoId=1183"", ""note"": ""규칙 기반 라벨 초안. 사람 교차검수 필요""}]",
gwangju_tour,food.cs:1304,#로컬푸드|#야경|#실내|#비오는날,0.0,0.0,0.0,0.75,0.0,0.0,0.0,0.5,"1960백선청원모밀 충장로에서 모르는 사람이 없을 정도로 유명한 곳이 바로 1960 청원모밀이다. 1960년부터 모밀국수를 만들고 있는 이곳은 하얀 테이블과 밝은 조명으로 깨끗하게 정리되어 있다. 대표 메뉴인 모밀국수는 시원하고 구수한 맛으로 입맛을 끌어당겨 대중의 입맛을 사로잡는다. 열흘에 한번, 국산 무와 짭조름한 새우젓으로 직접 담근 깍두기는 진한 맛이 돋보인다. #로컬푸드 #야경 #실내 #비오는날",1.0.0,import,0.4,"[{""source"": ""gwangju_tour"", ""source_url"": ""https://tour.gwangju.go.kr/home/tour/info/food.cs?act=view&infoId=1304"", ""note"": ""규칙 기반 라벨 초안. 사람 교차검수 필요""}]",
gwangju_tour,food.cs:1365,#전통|#로컬푸드|#맛집|#실내|#비오는날|#주차가능,0.0,0.5,0.0,0.75,0.0,0.0,0.0,0.0,가매일식 [안심식당 인증 음식점] 일본 전통 고급 생선회와 초밥을 자신 있게 내놓은 전통 일식집이다. 이 집의 조리장을 겸하고 있는 사장은 17년 특급호텔 생활을 정리하고 광주 최고의 전통 일식집을 표방하여 개업하였다. 이 집의 음식 맛은 과거 김대중 대통령 내방 시 직접 담당 요리를 맡았으며 그 맛을 잊지 못해 포장까지 해갔을 정도이다. #전통 #로컬푸드 #맛집 #실내 #비오는날 #주차가능,1.0.0,import,0.45,"[{""source"": ""gwangju_tour"", ""source_url"": ""https://tour.gwangju.go.kr/home/tour/info/food.cs?act=view&infoId=1365"", ""note"": ""규칙 기반 라벨 초안. 사람 교차검수 필요""}]",
gwangju_tour,food.cs:1205,#로컬푸드|#맛집|#실내|#비오는날,0.0,0.0,0.0,0.75,0.0,0.0,0.0,0.0,강의리추어탕 압력솥 누룽지탕과 추어탕으로 여름철 몸보신 할 수 있는 맛집입니다. #로컬푸드 #맛집 #실내 #비오는날,1.0.0,import,0.4,"[{""source"": ""gwangju_tour"", ""source_url"": ""https://tour.gwangju.go.kr/home/tour/info/food.cs?act=view&infoId=1205"", ""note"": ""규칙 기반 라벨 초안. 사람 교차검수 필요""}]",
gwangju_tour,food.cs:1066,#자연|#로컬푸드|#실내|#비오는날,0.5,0.0,0.0,0.75,0.0,0.0,0.0,0.0,강촌 청정지역의 자연산민물고기와 직접 재배한 무청시래기로 만든 탕요리 전문점입니다. #자연 #로컬푸드 #실내 #비오는날,1.0.0,import,0.4,"[{""source"": ""gwangju_tour"", ""source_url"": ""https://tour.gwangju.go.kr/home/tour/info/food.cs?act=view&infoId=1066"", ""note"": ""규칙 기반 라벨 초안. 사람 교차검수 필요""}]",
gwangju_tour,food.cs:1291,#자연|#정원|#예술|#로컬푸드|#맛집|#실내|#비오는날|#주차가능,0.75,0.0,0.5,1.0,0.0,0.0,0.0,0.0,"개마고원 [안심식당 인증 음식점] 개마고원은 맛과 멋, 풍요로움을 전하는 한우고기 전문점으로 광주광역시 서구 상무대로 1094 에 위치하고 있다. 1997년 부터 지금까지 20년을 넘게 해온 광주의 맛집이다. 한우 꽃살 , 갈비살, 안창살,생고기 등 최상급 고기류와 단체 손님에게 안성맞춤인 버섯불고기, 집밥같은 한끼 식사를 드리고자 준비한 한우사골우거지탕, 생고기비빔밥, 새싹비빔밥, 돌돌비빔밥등 개마고원은 누구에게나 기쁨을 주는 맛과 멋의 공간이 될 것이다. 자연 그대로 입맛 돋우는 맛깔스런 음식과 예술혼 깃든 아늑한 공간이다. #자연 #정원 #예술 #로컬푸드 #맛집 #실내 #비오는날 #주차가능",1.0.0,import,0.53,"[{""source"": ""gwangju_tour"", ""source_url"": ""https://tour.gwangju.go.kr/home/tour/info/food.cs?act=view&infoId=1291"", ""note"": ""규칙 기반 라벨 초안. 사람 교차검수 필요""}]",
gwangju_tour,sports.cs:1133,#역사|#민주인권|#체험|#참여형|#스포츠|#공원,0.0,1.0,0.0,0.0,0.75,0.75,0.75,0.0,5·18자유공원 역사체험 5.18민주화운동 당시 민주주의를 지키기 위해 참여하신 분들이 구금되어 군사재판을 받았던 5.18자유공원 일대에서 인권평화화합의 정신을 기리는 역사체험 프로그램을운영하고 있습니다. #역사 #민주인권 #체험 #참여형 #스포츠 #공원,1.0.0,import,0.6,"[{""source"": ""gwangju_tour"", ""source_url"": ""https://tour.gwangju.go.kr/home/tour/info/sports.cs?act=view&infoId=1133"", ""note"": ""규칙 기반 라벨 초안. 사람 교차검수 필요""}]",
gwangju_tour,sports.cs:1131,#정원|#체험|#스포츠|#공원|#주차가능,0.5,0.0,0.0,0.0,0.75,0.75,0.5,0.0,CCTV통합관제센터 VR 영상 체험 안전한 도시환경 조성을 위해 관내 설치된 CCTV의 필요성 및 CCTV통합관제센터의 역할을 널리 알리고자 CCTV VR 영상 체험관을 운영하고 있습니다. 이용 대상은 8세 이상이고 정원은 10명으로 이루어지나 VR체험은 1타임당 5명까지만 가능하므로 2타임에 나누어 진행됩니다. VR체험은 다소 어지러울 수 있으니 체험이 어려우신 분은 제외 할 수 있습니다. [출처: 광주광역시 사회재난과] #정원 #체험 #스포츠 #공원 #주차가능,1.0.0,import,0.45,"[{""source"": ""gwangju_tour"", ""source_url"": ""https://tour.gwangju.go.kr/home/tour/info/sports.cs?act=view&infoId=1131"", ""note"": ""규칙 기반 라벨 초안. 사람 교차검수 필요""}]",
gwangju_tour,sports.cs:1277,#체험|#교육|#스포츠|#느린여행|#아이동반|#주차가능,0.0,0.0,0.0,0.0,0.75,0.75,0.5,0.0,"광주 송정도서관 송정도서관은 광주광역시교육청 산하 공공도서관으로, 지역주민이 원하는 다양한 정보를 신속히 제공하며 교육·문화공간으로서의 소임을 다하고 있다. ""오늘날 나를 있게 한 것은 우리 마을의 작은 도서관이었다""라는 빌 게이츠의 말처럼 이 지역을 대표하는 평생교육기관이다.1974년 3월 15일 개관했던 전남 광산군 공공도서관을 기반으로 하여 1990년 4월 10일 광주 송정도서관으로 개관하며 현재의 도서관으로 재탄생하게 되었다. 현재 지하 1층부터 지상 4층까지 총 1,001평의 크기로 운영되고 있으며 열람석수는 220석에 달한다. * 송정도서관 주요사업 * 송정도서관은 도서대여 및 열람실 운영과 같은 기본적인 사업 외에 독서 감상문 공모 및 시상을 통한 시민 독서량 증대를 꾀하고 있으며, 일일도서관교실 운영, 영어회화교실 등을 운영하고 있다. 또한 겨울과 여름방학에는 청소년을 대상으로 한자사자소학 및 예절교실도 운영하고 있어 지역 주민의 문화의식 고취 및 청소년 교육에 앞장 서고 있다. #체험 #교육 #스포츠 #느린여행 #아이동반 #주차가능",1.0.0,import,0.45,"[{""source"": ""gwangju_tour"", ""source_url"": ""https://tour.gwangju.go.kr/home/tour/info/sports.cs?act=view&infoId=1277"", ""note"": ""규칙 기반 라벨 초안. 사람 교차검수 필요""}]",
gwangju_tour,sports.cs:1240,#전통|#예술|#공연|#체험|#참여형|#스포츠|#축제|#야경,0.0,0.5,1.0,0.0,0.75,0.75,0.0,1.0,"광주공연마루 광주공연마루는 본래 광주가 선도해 온 광산업을 알리기 위해 개막한 ‘2010 광주세계광엑스포’(2010년4월2일~5월9일)의 세계 광엑스포 빛주제 영상관으로 사용되었던 곳입니다. 행사 후 활용 방안으로 시민들의 의견과 광주발전연구원의 연구용역을 거쳐 영구시설물로서 유일하게 현존하고 있으며, 2011년부터 2018년까지 빛고을 유소년 영화체험전을 비롯해 애니메이션 기획전, ACE Fair 관련 3D 특별전, 달맞이 테마극장, 안전콘텐츠 체험관, 문화가 있는 날 수요극장 등이 개최되었으며, 2014년 공연장으로 등록되었습니다. 그러다 광주시가 문화수도 ‘예향광주’의 이미지에 걸맞은 브랜드 상설 공연장을 마련할 계획을 세우며, 2018년 행정안전부로부터 현안사업 특별교부금으로 10억원을 확보해 개조해 광주 브랜드 상설공연장으로 탈바꿈되어 시민들이 일상에서 공연을 즐길 수 있는 공간으로 활용되고 있습니다. ○ 주요사업 - 공연장 대관 및 운영사업: 개그, 미술, 연극, 콘서트, 영화제 등 여러 장르의 작품이 복합적으로 공연되는 문화의 장으로 활용 - 다양한 기획 프로그램을 중심으로 공연문화 활성화 사업 추진 ○ 공연개요 - 장르: 교향, 창극, 발레, 국악국악관현악, 합창, 연극, 오페라, 전통예술 - 기간/시간: 2024. 01. 20. ~ 2024. 12. 22. / 토 ~ 일요일 17시 * 전월 세 번째 수요일 오전 10시 오픈 / 해당 공연 1일 전 17시 마감 - 관람 및 금액: 4세이상(교향악 8세이상) / 관람료는 전체 무료 - 예약안내: 인터넷 예약은 광주예술의전당 누리집에서 가능 / 단체 및 개인 5인 이상 예약시 전화예약(062-613-8372,8379) - 티켓배부: 예약티켓배부는 공연 당일 16시~16시40분 예약내역(관람연령 등) 확인 후 배부하며, 현장티켓은 당일 16시30분 이후 잔여좌석에 대하여 배부함(좌석변경 불가) #전통 #예술 #공연 #체험 #참여형 #스포츠 #축제 #야경",1.0.0,import,0.6,"[{""source"": ""gwangju_tour"", ""source_url"": ""https://tour.gwangju.go.kr/home/tour/info/sports.cs?act=view&infoId=1240"", ""note"": ""규칙 기반 라벨 초안. 사람 교차검수 필요""}]",
gwangju_tour,sports.cs:1281,#체험|#스포츠|#아이동반|#주차가능,0.0,0.0,0.0,0.0,0.75,0.75,0.0,0.0,"광주광역시립 무등도서관 광주시 최초 시립도서관, 광주광역시립무등도서관 1981년 광주시립도서관 중 처음으로 개관한 무등도서관은 현재 사직도서관, 산수도서관, 디지털정보도서관과 합쳐져 광주시립도서관으로 자리매김하고 있다. 무등도서관은 급변하는 정보화 시대에 이용자의 정보욕구를 충족하고 쾌적한 독서환경을 위하여 정숙한 도서관환경을 만들어 나가면서 필요한 모든 자료를 고루 갖추고 이용자에 대한 서비스 질을 높여서 시민들이 필요한 적정 정보를 쉽고, 빠르고, 편리하게 접할 수 있는 도서관으로 성장할 수 있도록 하고자 함에 목표를 두고 있다. 광주시립도서관에 대하여광주광역시의 도서관은 1981년 무등도서관이 최초로 개관한 이래, 1989년 사직도서관이, 1997년 산수도서관이, 2020년 디지털정보도서관이 각각 운영되었다. 이후 1998년 4월에 3개의 도서관을 통합하여 시립도서관으로 명칭을 개칭하게 되었다. #체험 #스포츠 #아이동반 #주차가능",1.0.0,import,0.4,"[{""source"": ""gwangju_tour"", ""source_url"": ""https://tour.gwangju.go.kr/home/tour/info/sports.cs?act=view&infoId=1281"", ""note"": ""규칙 기반 라벨 초안. 사람 교차검수 필요""}]",
gwangju_tour,sports.cs:1280,#체험|#가족체험|#스포츠|#아이동반|#주차가능,0.0,0.0,0.0,0.0,0.75,0.75,0.0,0.0,"광주광역시립 사직도서관 1981년 무등도서관이 최초로 개관한 이래, 1989년 사직도서관이 개관하였고, 1997년 산수도서관이 각각 운영되었다. 각각 운영되던 도서관을 1998년 4월에 통합하여 시립도서관으로 명칭을 개칭하였으며, 현재에 이르고 있다. 광주광역시시립도서관은 급변하는 정보화 시대에 이용자의 정보욕구를 충족하고 쾌적한 독서환경을 위하여 정숙한 도서관환경을 만들어 나가면서 필요한 모든 자료를 고루 갖추고 이용자에 대한 서비스 질 을 높여서 시민들이 필요한 적정 정보를 쉽고, 빠르고, 편리하게 접할 수 있는 도서관으로 성장할 수 있게 하는 것을 목표로 하고 있다. * 유비쿼터스 도서관 서비스 지원 시스템 * 도서관에서는 광주 시민은 물론, 전남 지역민에게도 독서욕구 충족과 다양한 지식과 정보를 제공하기 위하여 55만 3천여 권의 도서와 2만 2천여점의 비도서, 그리고 1만여점의 전자자료를 소장하고 있으며, 또한 21세기 도서관 기능과 역할을 확대하기 위한 「유비쿼터스 도서관 서비스 지원 시스템」을 산수도서관과 무등 어린이도서관에 구축하여 도서관 이용을 희망하는 모든 시민이 집이나 직장, 그리고 지하철에서도 스마트폰으로 직접 도서를 검색하고 대출과 반납이 가능하는 사업을 지난해 말부터 운영하고 있다. #체험 #가족체험 #스포츠 #아이동반 #주차가능",1.0.0,import,0.42,"[{""source"": ""gwangju_tour"", ""source_url"": ""https://tour.gwangju.go.kr/home/tour/info/sports.cs?act=view&infoId=1280"", ""note"": ""규칙 기반 라벨 초안. 사람 교차검수 필요""}]",
gwangju_tour,load.cs:258,#자연|#산|#스포츠|#등산|#산책|#공원,0.75,0.0,0.0,0.0,0.0,0.75,0.75,0.0,"동적골 생태탐방로 동적골 산책로' 는 한국보건사회연구원에서 동구청이 공모하여 '2010 건강영향평가기술지원시범사업'으로 선정된 사업이다. 학운초등학교 앞 동적교에서 체육쉼터에 이르는 동적골 산책로로 무등산 새인봉과 중머리재 등산로의 일부이기도 하다. 동구청에서는 동적골 생태탐방로의 1,700㎡부지에 8만여 송이의 튤립공원을 조성하여 시민들의 사랑을 받고 있다. #자연 #산 #스포츠 #등산 #산책 #공원",1.0.0,import,0.53,"[{""source"": ""gwangju_tour"", ""source_url"": ""https://tour.gwangju.go.kr/home/tour/info/load.cs?act=view&infoId=258"", ""note"": ""규칙 기반 라벨 초안. 사람 교차검수 필요""}]",
gwangju_tour,load.cs:88,#무등산|#역사|#산책|#느린여행,0.5,0.5,0.0,0.0,0.0,0.0,0.75,0.0,"무돌길 무돌길은 마을과 마을을 잇던 길로써 1910년대에 제작된 지도를 기본자료로 하여 발굴 복구한 길이다. '무등산자락 무돌길'이란 이름은 구전으로 알려진 무등산의 옛이름 ""무돌뫼""와 ""무등산을 한바퀴 돌아가는 길""이란 의미를 지닌다. 총길이 약 51.8km, 15개 구간으로 거리와 역사성을 반영하여 복구한 길이다. 자세한 정보는 www.mudeungsan.org(무등산보호단체협의회)에서 제공한다. 제1길~제4길(광주 북구) 11.50km, 3시간 10분 각화마을→신촌마을→등촌마을→배재마을→금정촌→금곡리→평촌리→동림마을 제4길~제7길(전남 담양) 6.5km, 2시간 10분 반석마을→연천리→산음→정곡리→경상리→무동리 제7길~제12길(전남 화순) 18km, 4시간 50분 송계마을→서동마을→용강마을→영평리→장복마을→안심리→수만리→만수동→중지마을 제12길~제15길(광주 동구) 15.8km, 4시간 10분 용연마을→선교마을→광주천(주남→지원동→소태동→학동)→남광주 역사→푸른길(학동→서석동→산수동→풍향동→계림동→중흥동)→광주역 #무등산 #역사 #산책 #느린여행",1.0.0,import,0.45,"[{""source"": ""gwangju_tour"", ""source_url"": ""https://tour.gwangju.go.kr/home/tour/info/load.cs?act=view&infoId=88"", ""note"": ""규칙 기반 라벨 초안. 사람 교차검수 필요""}]",
gwangju_tour,load.cs:203,#산|#무등산|#역사|#등산|#산책|#느린여행,1.0,0.75,0.0,0.0,0.0,0.75,0.75,0.0,"무등산 등산로 새인봉 - 입석대 코스 : 무등산의 전체적인 윤곽과 광주시가지의 풍경을 한 눈에 조망하여 즐기는 중거리 대표 코스, 능선길을 따라 무등산의 아름다운 풍경을 조망하며 입석대·서석대에 오르는 대표적인 탐방 코스(6.8km, 3시간30분 소요) 증심사주차장 입구에서 능선을 따라 오르는 탐방코스로 운소봉, 새인봉, 서인봉 이렇게 큰 봉우리 3개를 넘은 후 장불재를 거쳐 천연기념물 입석대·서석대까지 오르는 코스다. 무등산의 멋진 풍경과 정상을 한눈에 바라보면서 광주시가지의 모습까지도 볼 수 있어 힘들어도 즐겁게 올라갈 수 있는 코스다. 늦재 - 옛길코스 : 오솔길 같은 늦재 구간을 지나 옛길 2번을 경유하는 길로 넓게 펼쳐진 무등산의 경치를 감상하며 걷는 코스, 원효사입구에서 출발하여 늦재, 동화사터, 장불재를 거쳐 옛길 2번을 따라 다시 원효사로 돌아오는 코스로 무등산의 안과 밖 경치를 두루 감상할 수 있는 코스(10.4km, 4시간 50분소요) 무등산의 중턱에서 출발하여 장불재를 거쳐 서석대와 입석대를 조망할 수 있는 코스로 무등산의 전체적인 윤곽을 살 필 수 있는 코스다. 또한 무등산 옛길 중 가장 잘 조성된 옛길 2번을 따라 원효사로 다시 돌아올 수 있어 대중교통을 이용하기에 가장 적당한 코스로 추천할 수 있다. 당산나무 코스 : 남녀노소 무등산에 오면 가장 많이 찾는 코스로, 무등산의 중턱에 올라 전체적인 전망을 한눈에 볼 수 있는 대표 탐방코스, 증심사에서 당산나무를 거쳐 중머리재에 이르는 대표 탐방코스 4.0km, 1시간35분 소요) 비교적 완만한 경사를 따라가는 코스로 누구에게나 쉬운 산행으로 추천하는 탐방코스 증심사에서 당산나무를 거쳐 중머리재에 이르는 코스로 마을의 수호신으로 모셔 제사를 지냈던 당산나무를 지나 위에서 보면 중의 머리같이 생겼다하여 이름 붙여진 중머리재까지 이르는 코스다. 비교적 편안하고 중간에 아름다운 전망을 볼 수 있는 코스로 무등산 대표코스로 추천할 수 있다. 시무지기폭포 코스 : 봉황대, 천재단 등 역사적 유적지를 관찰한 후 장 #산 #무등산 #역사 #등산 #산책 #느린여행",1.0.0,import,0.6,"[{""source"": ""gwangju_tour"", ""source_url"": ""https://tour.gwangju.go.kr/home/tour/info/load.cs?act=view&infoId=203"", ""note"": ""규칙 기반 라벨 초안. 사람 교차검수 필요""}]",
gwangju_tour,load.cs:202,#자연|#산|#역사|#등산|#산책,1.0,0.5,0.0,0.0,0.0,0.5,0.75,0.0,"무등산 옛길 무등산 옛길 복원사업은 우리시가 지향하는 “행복한 창조도시” 취지에 맞는 사업으로 시민들에게 옛 문화와 정취를 느끼면서 편하게 걸을 수 있고 이야기가 있는 길을 제공함과 동시에, 증심사 지구에 편중된 등산객 수요를 분산하여 무등산의 균형 있는 이용으로 자연생태계를 보전하기 위해 2008년부터 추진되어 왔다. 옛길은 구간별로 이야기를 붙여 나가는 스토리텔링 작업을 추진하여 관광자원으로도 활용해 나갈 계획이며 도심에서부터 걸어서 1,000m가 넘는 서석대까지 옛 선조들의 문화와 정취를 느끼며 찾을 수 있다. 무등산 옛길 1구간(7.75km, 3시간) : 수지사→청암교→충장사→원효사 2구간(4.12km, 2시간) : 원효사→제철유적지→서석대 3구간(11.3km, 5시간) : 장원삼거리→청풍쉼터→충장사→충효동 도요지→환벽당 #자연 #산 #역사 #등산 #산책",1.0.0,import,0.53,"[{""source"": ""gwangju_tour"", ""source_url"": ""https://tour.gwangju.go.kr/home/tour/info/load.cs?act=view&infoId=202"", ""note"": ""규칙 기반 라벨 초안. 사람 교차검수 필요""}]",
gwangju_tour,load.cs:402,#산|#전통|#등산|#산책|#공원|#야경,0.5,0.5,0.0,0.0,0.0,0.5,0.75,0.75,"빛고을산들길 지도보기 ㆍ관리 부서 : 공원녹지과(광주광역시(062-613-4451), 동구(062-608-2962), 서구(062-360-7610), 남구(062-607-3841), 북구(062-410-6444), 광산구(062-960-8728)) ㆍ주노선 구간별 세부내용 / 탐방 소요일 : 6일 주노선 구간별 세부내용 구 간 관리 지역 기점 및 종점 거 리 계 광주광역시 6개 구간 81.5km 1 구간 북구 북구 용산교(담양경계)~삼각산~도동고개 9.8㎞ 2 구간 동, 북구 도동고개 ~ 잣고개 ~ 동구 장원봉 ~ 동적골 14..4㎞ 3 구간 동, 서, 남구 동적골~남구 진월교차로~서구 금당산~풍암저수지 11.5㎞ 4 구간 서, 광산구 풍암저수지~(백마산)만귀정~서창교~ 광산구 평동역~평동저수지 16.6㎞ 5구간 광산구 평동저수지~복룡산길~황룡강~임곡역 12.7㎞ 6구간 북, 광산구 임곡역~진곡~하남산단~비아~용산교 16.5㎞ ㆍ부노선 세부내용 부노선 세부내용 구 간 기점 및 종점 거 리 계 3개 노선 20.2km 1노선 동구 화산마을~분적산~진월교차로 / 분적산 노선 5.3㎞ 2노선 광산구 송산유원지 ~ 어등산 깃대봉 ~ 마호제 ~ 황룡강 / 어등산 노선 7.2㎞ 3노선 광산구 용진교 ~ 월봉서원~두정마을 / 백우산 노선 7.7㎞ #산 #전통 #등산 #산책 #공원 #야경",1.0.0,import,0.53,"[{""source"": ""gwangju_tour"", ""source_url"": ""https://tour.gwangju.go.kr/home/tour/info/load.cs?act=view&infoId=402"", ""note"": ""규칙 기반 라벨 초안. 사람 교차검수 필요""}]",
gwangju_tour,park/003.cs:4,#자연|#숲|#현대미술|#레저|#힐링|#피크닉|#휠체어|#반려동물,1.0,0.0,0.5,0.0,0.5,0.0,1.0,0.0,"중외공원 중외공원은 수려한 자연 속에서 휴식을 취할 수 있는 도시 근린공원으로서 인기가 높은 으로 공원으로 휴일이면 나들이객들로 붐빈다. 특히 이곳에 사람들이 가장 많이 찾는 시기는 바로 봄과 가을이다. 그 이유는 공원의 드넓은 잔디밭과 함께 다양한 꽃과 수목이 심어져 있어서, 봄꽃놀이와 가을철 단풍명소로 유명한 곳이다. 또한, 광주의 관문에 설치된 무지개다리는 비엔날레 상징물로서 1회 광주비엔날레 때 설치된 또 다른 볼거리이다. #자연 #숲 #현대미술 #레저 #힐링 #피크닉 #휠체어 #반려동물",1.0.0,import,0.6,"[{""source"": ""gwangju_tour"", ""source_url"": ""https://tour.gwangju.go.kr/home/tour/info/park/003.cs?act=view&infoId=4"", ""note"": ""규칙 기반 라벨 초안. 사람 교차검수 필요""}]",
gwangju_tour,park/003.cs:278,#자연|#숲|#카페|#체험|#교육|#스포츠|#공원|#축제|#주차가능|#반려동물,1.0,0.0,0.0,0.5,0.75,0.75,1.0,0.5,"풍암생활체육공원 풍암생활체육공원은 과거 쓰레기 매립장을 생태공원으로 조성한 좋은 사례다. 국내에서 자생하는 수목 및 야생화를 비롯해 각종 유실수와 다양한 식물이 식재되어 있어 도심 속 주민들의 향수를 자극한다. 또한 전국명산을 대표하는 유명산 야생화단지는 곤충 · 조류 등 다양한 생물의 서식공간을 제공하며, 자연을 체험하고 싶은 청소년들의 학습장으로 활용되고 있다. 2010년 8월에는 광주월드 뮤직페스티벌이 이 공원에서 개최되어 풍암지구 카페거리와 잘 가꿔진 중앙공원 내 풍암호수공원 등과 조화를 이뤄 광주의 새로운 명소로 자리잡아 가고 있다. #자연 #숲 #카페 #체험 #교육 #스포츠 #공원 #축제 #주차가능 #반려동물",1.0.0,import,0.6,"[{""source"": ""gwangju_tour"", ""source_url"": ""https://tour.gwangju.go.kr/home/tour/info/park/003.cs?act=view&infoId=278"", ""note"": ""규칙 기반 라벨 초안. 사람 교차검수 필요""}]",
gwangju_tour,park/003.cs:279,#자연|#정원|#공연|#체험|#교육|#산책|#피크닉|#시즌한정|#주차가능|#휠체어,1.0,0.0,0.75,0.0,0.75,0.0,1.0,0.75,"풍암호수 1956년 농업용수를 공급하기 위해 축조한 풍암저수지는 1975년에 처음 공원으로 지정됐고, 1999년에는 수변 생태공원으로 거듭났다. 계절에 따라 다양한 꽃이 피는데, 특히 2012년에 개장한 장미원이 볼만하다. 이곳에는 루지메이앙, 슈왈츠마돈나 등 장미 140여 종, 2만여 주가 식재돼 있다. 용두동에 자리한 봉황산과 풍암지구를 둘러싼 금당산을 두루 조망할 수 있는 벤치가 마련돼 있으며, 쉼터와 작은 도서관, 야외 공연장 등을 갖춰 자연과 함께 문화를 즐기기에 좋다. 산책로 곳곳에는 시문이 적힌 팻말이 있어 낭만적 분위기를 더한다. [공원 규모 및 시설물] - 일주산책로 : 2.2km - 조경시설 : 고사분수 1개소, 폭기분수 3개소, 벽천분수 1개소 - 휴양시설 : 버드나무쉼터 1개소, 잔디광장 1개소, 등나무쉼터 1개소 - 운동시설 : 2개소 (하늘걷기 등 12종 18점) - 생태시설 : 꽃차원(6,100㎡), 자연체험학습장(1,035㎡), 야외음악당(280석), 생태습지(2,900㎡), 장미원(5,640㎡) - 편익시설 : 목교4개소 253m, 한식정자 1동, 연식파고라 1동, 화장실 2동 등 #자연 #정원 #공연 #체험 #교육 #산책 #피크닉 #시즌한정 #주차가능 #휠체어",1.0.0,import,0.6,"[{""source"": ""gwangju_tour"", ""source_url"": ""https://tour.gwangju.go.kr/home/tour/info/park/003.cs?act=view&infoId=279"", ""note"": ""규칙 기반 라벨 초안. 사람 교차검수 필요""}]",
gwangju_tour,park/003.cs:1168,#정원|#바다|#가족체험|#레저|#축구|#스포츠|#공원|#아이동반|#주차가능|#반려동물,0.75,0.0,0.0,0.0,0.75,0.75,1.0,0.0,"상무시민공원 상무시민공원 여름에 물놀이장으로 유명하며 다양한 놀이기구가 한곳에 밀집되어 있어서 작지만 아이들이 놀기에는 부족함이 없는 곳입니다. 어린이들을 위한 물놀이 시설로서 물놀이터 1개, 얕은 수영장 1개, 그늘시설이 갖춰져 있습니다. 주변 축구장과 테니스장도 있어서 광주 시민들에게 여가생활을 즐기기 좋은 공원입니다. ○인공호수 : 2개소 ○체육시설 : 종합운동장 1개소, 테니스장 3면, 농구장 1면, 배구장 1면, 배드민턴장 4면 ○교양시설 : 야외무대 1개소 ○수경시설 : 물놀이시설 1점 ○편의시설 : 주차장(2개소 250대), 쉼터 등 6종, 공원등 164등 ○공원시설 : 관리사무소 1개소, 화장실 8동, 경로당 등 [출처: 서구청 문화관광누리집] #정원 #바다 #가족체험 #레저 #축구 #스포츠 #공원 #아이동반 #주차가능 #반려동물",1.0.0,import,0.57,"[{""source"": ""gwangju_tour"", ""source_url"": ""https://tour.gwangju.go.kr/home/tour/info/park/003.cs?act=view&infoId=1168"", ""note"": ""규칙 기반 라벨 초안. 사람 교차검수 필요""}]",
gwangju_tour,park/003.cs:272,#자연|#정원|#근대문화|#공연|#레저|#산책|#공원|#야간,1.0,0.5,0.5,0.0,0.5,0.0,1.0,0.5,"운천호수 일제강점기 초기에 상무대와 민력동의 논에 물을 대는 역할을 했고, 수영과 뱃놀이를 즐기는 장소였다. 1951년 마륵동 농경지에 용수를 공급하기 위해 길이 420m의 제방을 쌓았다. 금호/상무지구의 대규모 택지개발 후 악취와 해충 문제로 매립될 위기에 처했으나 1995년부터 오폐수를 차단하고 맑은 물을 공급하여 저수지와 주변 7만 4,020㎡의 공간을 자연생태공원으로 조성했다. 저수지를 빙 둘러 산책로(500m),조형물,분수,실개천,지압로,정자 등이 있고, 여름에는 홍련이 저수지를 가득 메우며, 논병아리,흰뺨검둥오리 등의 조류가 찾아 드는 도심 속 명소가 되었다. 2010년부터는 음악분수와 야간경관이 조화를 이뤄 무더운 여름날 시민들에게 시원한 즐거움을 선물하고 있다. #자연 #정원 #근대문화 #공연 #레저 #산책 #공원 #야간",1.0.0,import,0.6,"[{""source"": ""gwangju_tour"", ""source_url"": ""https://tour.gwangju.go.kr/home/tour/info/park/003.cs?act=view&infoId=272"", ""note"": ""규칙 기반 라벨 초안. 사람 교차검수 필요""}]",
gwangju_tour,park/003.cs:5,#숲|#정원|#근대문화|#전통|#전시|#힐링|#공원|#주차가능|#반려동물,1.0,0.75,0.5,0.0,0.0,0.0,1.0,0.0,"광주공원 광주공원은 광주시의 제1호 공원으로 시민들이 즐겨찾는 휴식공간이다. 옛날에는 성거사가 있었으며 일제강점기 때는 일본인들의 신사가 있던 곳인데 현재는 현충각과 광주시립 박물관, 시민관 등이 자리하고 있다. 주요 시설로는 복원된 사직단과 광주방송총국(KBS), 경찰충혼탑, 연파정, 전통국궁 수련장인 관덕정, 시가지를 조망할 수 있는 팔각정 등이 있다. 현충탑을 중심으로 한 공터는 노인들의 휴식처로 애용된다. 광주공원은 장수의 상징인 거북이 형상을 하고 있다. 각종 수목과 화초를 이용한 조경이 잘 되어 있으며, 매년 4월 중순이면 벚꽃이 만발한다. #숲 #정원 #근대문화 #전통 #전시 #힐링 #공원 #주차가능 #반려동물",1.0.0,import,0.6,"[{""source"": ""gwangju_tour"", ""source_url"": ""https://tour.gwangju.go.kr/home/tour/info/park/003.cs?act=view&infoId=5"", ""note"": ""규칙 기반 라벨 초안. 사람 교차검수 필요""}]",
gwangju_tour,nature.cs:1286,#자연|#맛집|#카페|#가족체험|#산책|#공원|#아이동반,0.75,0.0,0.0,0.75,0.5,0.0,0.75,0.0,"운천저수지 1956년 주변 농경지에 농업용수를 공급하기 위해 축조한 저수지로, 1990년대 중반 이후 일대가 택지로 개발되며 도심 속 공원으로 변모했다. 저수지를 한 바퀴 돌 수 있는 500미터 길이의 산책로와 분수, 실개천, 지압로, 정자 등이 조성돼 있다. 공원 내 산책로는 백석산으로 이어지는데, 경사가 완만해 어린이와 노약자도 쉽게 오를 수 있는 산이다. 저수지 주변으로 카페와 음식점 등이 즐비해 산책을 즐긴 뒤 식사를 하거나 음료를 마시며 여유로운 시간을 보내기에도 좋다. [출처: 광주 트래블 컬렉션] #자연 #맛집 #카페 #가족체험 #산책 #공원 #아이동반",1.0.0,import,0.5,"[{""source"": ""gwangju_tour"", ""source_url"": ""https://tour.gwangju.go.kr/home/tour/info/nature.cs?act=view&infoId=1286"", ""note"": ""규칙 기반 라벨 초안. 사람 교차검수 필요""}]",
gwangju_tour,nature.cs:1045,#자연|#정원|#자전거|#산책|#반려동물,1.0,0.0,0.0,0.0,0.0,0.75,0.5,0.0,승촌보 유채꽃밭 광주와 나주의 경계면에 위치한 승촌보는 자전거 라이딩과 갬핑장으로 인기가 많은 장소입니다. 봄이 되면 승촌보 주변 물길을 따라 샛노란 유채꽃 물결이 장관을 이루는 곳입니다. 아름다운 유채꽃 길을 따라 산책하며 봄을 느낄 수 있는 곳입니다. #자연 #정원 #자전거 #산책 #반려동물,1.0.0,import,0.47,"[{""source"": ""gwangju_tour"", ""source_url"": ""https://tour.gwangju.go.kr/home/tour/info/nature.cs?act=view&infoId=1045"", ""note"": ""규칙 기반 라벨 초안. 사람 교차검수 필요""}]",
gwangju_tour,nature.cs:209,#자연|#산|#등산,1.0,0.0,0.0,0.0,0.0,0.75,0.0,0.0,"어등산 '물고기가 올라간다'는 의미의 산 이름과 관련해 잉어전설이 몇 가지 전해진다. 하나는 죽파 오성술 장군의 모친이 장군을 출산하고 그에 대한 보답으로 황룡강에 잡힌 잉어 한 마리를 방생했는데, 갑자기 구름이 일며 용으로 변한 잉어가 산을 타고 승천해 어등산으로 불렀다는 설이다. #자연 #산 #등산",1.0.0,import,0.42,"[{""source"": ""gwangju_tour"", ""source_url"": ""https://tour.gwangju.go.kr/home/tour/info/nature.cs?act=view&infoId=209"", ""note"": ""규칙 기반 라벨 초안. 사람 교차검수 필요""}]",
gwangju_tour,nature.cs:198,#자연|#산|#느린여행,0.75,0.0,0.0,0.0,0.0,0.0,0.5,0.0,"개금산 개금산은 서창관내 매월동에 있으며 높이는 142m 산봉우리가 세갈래로 크게 갈라져서 마치 닭의 볏(鷄冠)과 같다 해서 「개관산」이 전화되어 개금산으로 부르게 되었다. 이산 남쪽은 주로 솔밭으로 이루어지고 경사가 완만하여 그 자락에 많은 민가와 음식업소가 들어서 이 근방 수려한 경관을 보고 찾는 광주시민이 줄을 잇는다. 그리고 동쪽 자락에 있는 「회산마을」은 임진왜란 때의 공신이며 나주목사 등을 지낸 회제(懷齊) 박광옥 선생의 생지로 선생에 대한 삽화가 있고 선생의 누이동생 속칭「주역각시」에 관한 설화가 있다. 그리고 이산 뒷면 북쪽은 광주도심이 가까워 전망이 좋고 산 끝자락에는 화개마을이라는 조그만 취락이 있었는데 촌명의 유래는 마을 가까운 언덕에 매화나무가 많이 자생하였고 진달래가 군락을 이루고 옛날 이 마을의 아름다운 경치에 끌린 탁발승이 마을 뒷 언덕에 조그만 암자를 짓고 살았는데 그 중이 워낙 게을러서 봄, 여름이면 옷을 벗고 이를 잡기 좋아하고 개(犬)까지 잡아먹는 파계행위가 심해서 마을 사람들이 나서서 내쫓았다고 하는데 지금도 그 자국이 남아있다. ○ 규모 및 시설물 - 총 연장거리 : 3.5km (화개마을 - 개금산 팔각정 - 매월농장 - 전평저수지) - 팔각정 1동, 의자 7개, 안내판 8개 [출처 서구청 문화관광누리집] #자연 #산 #느린여행",1.0.0,import,0.45,"[{""source"": ""gwangju_tour"", ""source_url"": ""https://tour.gwangju.go.kr/home/tour/info/nature.cs?act=view&infoId=198"", ""note"": ""규칙 기반 라벨 초안. 사람 교차검수 필요""}]",
gwangju_tour,nature.cs:199,#자연|#숲|#가족체험|#조용한|#공원|#야간|#아이동반,0.75,0.0,0.0,0.0,0.5,0.0,0.75,0.5,금봉산(송정공원) 예부터 금봉산은 송정사람들의 안식처였다. 여름의 폭염에 시달리는 밤이면 가족끼리 돗자리 하나 들고 나와 이야기 꽃 피우면 더운 몸 식히는 곳. 시험에 찌들대로 찌든 고등학생들의 발길이 머무는 곳. 송정공원은 송정공원대로 금봉산은 금봉산대로 사람들에게 다른 안식을 제공한다. 금봉산 자락에 자리잡은 송정공원 숲 속의 도서관은 조용함과 맑은 공기로 수많은 고시생들이 몰려들고 공원 곳곳에는 각각 당대에 문인으로 소리꾼으로 의병장으로 이름을 떨친 이들의 기념비들이 즐비하다. #자연 #숲 #가족체험 #조용한 #공원 #야간 #아이동반,1.0.0,import,0.53,"[{""source"": ""gwangju_tour"", ""source_url"": ""https://tour.gwangju.go.kr/home/tour/info/nature.cs?act=view&infoId=199"", ""note"": ""규칙 기반 라벨 초안. 사람 교차검수 필요""}]",
gwangju_tour,nature.cs:204,#자연|#느린여행,0.75,0.0,0.0,0.0,0.0,0.0,0.5,0.0,"백마산 최근까지 군사보호구역이었던 이 산은 일반인이 들어갈 수 없었기 때문에 그렇게 때 타지 않은 산이다. 서창 향토마을 바로 옆에 그냥 지나치기 쉬운 샛길이 있다. 백마산 들어가는 입구다. 조선시대엔 이 산 위에서 김세근 장군이 의병들을 모아 적에 대항하는 훈련을 했다고 한다. 나라 사랑하는 일을, 한 사람을 사모하는 일보다 당연히 값지게 안고 살았던 오래 전 옛날 사람들의 함성이 가득했던 곳이다. [규모 및 시설물] - 총연장거리 2.2km(세도마을 - 정상 - 전평저수지) - 팔각정 1동, 의자20개 #자연 #느린여행",1.0.0,import,0.4,"[{""source"": ""gwangju_tour"", ""source_url"": ""https://tour.gwangju.go.kr/home/tour/info/nature.cs?act=view&infoId=204"", ""note"": ""규칙 기반 라벨 초안. 사람 교차검수 필요""}]",
gwangju_tour,history.cs:117,#역사|#전통|#가족체험|#아이동반|#주차가능,0.0,1.0,0.0,0.0,0.5,0.0,0.0,0.0,"광주 구 수피아여학교 커티스메모리얼홀 1925년 건립 이 건물은 수피아여학교를 설립한 전라도 지역 선교의 개척가인 유진벨(Rev. Eugene Bell, 1868~1925, 한국어 이름: 배유지) 목사를 추모하기 위해 건립되었으며, 선교사와 그 가족들의 예배당으로 이용되었다. 전체적으로 중앙을 기점으로 대칭을 이루고 곳곳에 원형 창과 첨두아치 형상의 창문을 조화롭게 배치하였다. 규모는 작지만 장식적인 요소가 많고 건축 기법이 우수한 건축물이다. #역사 #전통 #가족체험 #아이동반 #주차가능",1.0.0,import,0.42,"[{""source"": ""gwangju_tour"", ""source_url"": ""https://tour.gwangju.go.kr/home/tour/info/history.cs?act=view&infoId=117"", ""note"": ""규칙 기반 라벨 초안. 사람 교차검수 필요""}]",
gwangju_tour,history.cs:99,#역사|#전통|#주차가능,0.0,1.0,0.0,0.0,0.0,0.0,0.0,0.0,"광주 북동천주교회 광주 최초의 천주교회로서 의미가 깊은 북동천주교회는 1937년 전라남도가 광주교구로 승격되면서 주임신부로 부임한 구신부 (Rev. Thomas Quinlan)가 중국인 교우 가요셉에게 의뢰하여 지은 박공지붕의 조적식 건물이다. 평면은 좌우 대칭의 세장한 장방형으로 전면에 종탑과 후면에 장방형의 후진(Apse)을 배치한 보편적인 성당건축과 유사한 평면형태로 볼 수 있다. 그러나 1987년에 좌측의 제단과 제의실 사이를 일부 헐고 증축을 통해 회중석을 확장함으로써 현재 ‘ㄱ’자형 평면형태를 갖게 되었다. 내부공간을 보면 출입구와 회중석 사이의 공간인 전실(Narthex)에 두 개의 석조원형기둥을 두어 회중석과 경계로 이용하고 있으며, 회중석은 세 부분으로 구획된 전면에서 추측할 수 있는 것과는 달리 네이브(Nave)와 아일(Asile)의 경계가 없고 제단부와 감실은 목재로 마감하여 영역을 구분하였다. 좌측 면에는 제의실과 고해실을 두었다. 이층은 나르텍스(Narthex) 상부에 노대(Balcony)로 구성하여 성가대 석으로 사용하고 있다. 벽면과 갈색의 목재로 구획된 둥근 천장은 별다른 장식이 없이 흰색 플라스터로 마감하였다. 영식 쌓기로 마감한 벽면은 약 3m 단위로 버팀벽(buttress)을 세워 구획하였고, 모든 문과 창의 인방 및 원형 창에는 화강석으로 원형, 반원형의 아치를 둘렀으며 주 출입구는 4단의 물림아치(Recessed arch), 처마돌림에는 몰딩수법을 사용하였다. #역사 #전통 #주차가능",1.0.0,import,0.4,"[{""source"": ""gwangju_tour"", ""source_url"": ""https://tour.gwangju.go.kr/home/tour/info/history.cs?act=view&infoId=99"", ""note"": ""규칙 기반 라벨 초안. 사람 교차검수 필요""}]",
gwangju_tour,history.cs:141,#역사|#전통,0.0,1.0,0.0,0.0,0.0,0.0,0.0,0.0,"김봉호 가옥 1946년에 지은 집으로 안채, 문간채 등과 축사를 갖추고 있다. 안채는 앞면 6칸·옆면 1칸 규모의 건물로 왼쪽에서부터 방·부엌·큰방·대청마루·건넌방 순으로 되어 있다. 큰방과 대청마루, 건넌방 위에는 대청 다락방을 설치하였는데, 3칸 규모로 넓고 높이도 높아 특이하다. 문간채는 앞면 5칸·옆면 2칸 규모이며 지붕은 서양식 기와를 얹었다. 외양간·대문·방·헛간·뒷간으로 구성되어 있다. #역사 #전통",1.0.0,import,0.4,"[{""source"": ""gwangju_tour"", ""source_url"": ""https://tour.gwangju.go.kr/home/tour/info/history.cs?act=view&infoId=141"", ""note"": ""규칙 기반 라벨 초안. 사람 교차검수 필요""}]",
gwangju_tour,history.cs:96,#역사|#문화유산|#예술|#느린여행|#야간|#야경,0.0,1.0,0.5,0.0,0.0,0.0,0.5,0.75,"박용철생가(용아생가) 이 곳은 우리나라 현대 문학의 개척자 중 한 사람으로 초창기 시단을 빛낸 시인 용아 박용철(1904∼1938) 선생의 생가이다. 선생은 이곳에서 새로운 문명을 소개하고 자주독립 정신을 일깨워 주기도 하였다. 용아의 생가는 1970년대 새마을 사업으로 초가지붕을 시멘트 기와와 슬레이트 등으로 개량하였으나 1995년 문화재 복원 사업을 실시, 다시 초가지붕으로 복원하여 관리하고 있다. 본채와 사랑채, 행랑채, 사당, 서재 등이 남아 있다. 본채는 정면 5칸, 측면 2칸으로 높다란 막돌 기단 위에 세웠다. 왼쪽은 부엌이며, 중앙 2칸은 방인데, 4개로 나누어 열리는 문을 갖고 있다. 나머지 2칸은 2개로 열리는 정자 살문이다. 사랑채도 5칸인데 오른쪽부터 부엌, 방, 마루의 차례로 되어 있다. 사당은 정면 3칸 , 측면 1칸의 맞배지붕이다. 행랑채는 4칸으로 사랑채로 들어가는 대문이 있다. 이 집은 용아의 고조부가 지었다고 전해지나 19세기 후반에 지은 것으로 추정된다. 박용철 선생은 광주 공립 보통학교와 서울의 배재고등학교를 졸업했고 동경 청산학원에서 공부하면서 김영랑과 사귀게 되었다. 졸업 후 다시 외국어학교 독문과에서 수학한 후 연희전문학교를 수학하고 고향에 돌아와 문학활동에 전념하였다. 김영랑, 정지용, 정인보, 변영로 등과 문학 동인으로 활동하였으며, 1930년 「문예월간」을 창간하여 외국문학을 소개하였다. 1931년에는 김영랑, 정지용 등과 함께 순수시 전문지인 「시문학」을 발간하여 창간호에 대표작인 「떠나가는 배」「밤기차에 그대를 보내고」등을 발간하였고, 극예술연구회의 동인으로 신극운동을 전개하였으며, 해외 시의 이론을 번역하여 소개하기도 하였다. 이 무렵 문단은 프로문학에 깊은 영향을 받았으나, 그는 김영랑 등과 함께 순수시 운동을 펼쳤다. 정렬적이고 남성적인 그의 시세계는 30년대 서정시 발전에 선구적 역할을 하였다. 선생이 시를 통하여 마음을 가다듬어 곱게 바치려 한 것은 티끌없이 향 맑은 시혼의 순정 세계였다. 그러나 그는 1938년 35세의 젊 #역사 #문화유산 #예술 #느린여행 #야간 #야경",1.0.0,import,0.53,"[{""source"": ""gwangju_tour"", ""source_url"": ""https://tour.gwangju.go.kr/home/tour/info/history.cs?act=view&infoId=96"", ""note"": ""규칙 기반 라벨 초안. 사람 교차검수 필요""}]",
gwangju_tour,history.cs:1260,#역사|#전통,0.0,1.0,0.0,0.0,0.0,0.0,0.0,0.0,"서강사 서강사는 방림동 현재 숭신공고 밑에 위치해 있으며 고려 태사공 윤신달(삼한공신)을 주벽으로 하고 개국백 문 숙공 윤관, 호조상서 문강공 윤언이, 남원백 벽송 윤위, 함안백 행촌 윤돈, 영평부원군 문현공 윤보 등 6위를 배향한다. 경내에는 강당인 경모제가 있으며 서강사묘정비가 세워져 있다. 건물은 3단의 화강석기단 위에 정평주초를 놓고 원주기둥을 세워정면 3칸 측면 1칸의 골기와 팔작지붕 정면으로 되어있다. 네귀에는 각3개씩 처마를 받치는 활주를 세웠으며 창방위의 주두에는 뺄목을 결구하고 평주와 평주사이에 1개의 변형소로를 끼워 장혀와 납도리를 가구하였다. 내부는 우물천정으로서 2고주 5량집이다. 창호는 좌우 편문으로되어 있고 중앙은 2분합겹문으로 교살창으로 장식하였다. 인방밑에는 머름을 두고 상인방 위에도 머름을 설치하여 안상의 무늬를 넣었다. 처마는 평고대를 끼워 겹처마로 되어있고 2익공식을 따르고 있다. 전면에는 단청이 비교적 잘되어 있고 대문은 평3문으로 되어 있으며 제일은 음력 3월 18일이다. #역사 #전통",1.0.0,import,0.4,"[{""source"": ""gwangju_tour"", ""source_url"": ""https://tour.gwangju.go.kr/home/tour/info/history.cs?act=view&infoId=1260"", ""note"": ""규칙 기반 라벨 초안. 사람 교차검수 필요""}]",
gwangju_tour,history.cs:1257,#역사|#민주인권|#전시|#가족체험|#아이동반|#주차가능,0.0,1.0,0.5,0.0,0.5,0.0,0.0,0.0,"선교기념비 5·18 민주화운동 당시 시민군 대변인으로 활동했던 윤상원 열사를 기리는 공간이다. 그는 들불야학을 열어 가난한 청년들과 노동자들에게 배움을 나누던 스승이자, 최후까지 도청에 남아 계엄군과 싸우다 서른 살의 젊은 나이로 산화한 광주의 대표적 민주열사다. 생가 내부는 자료전시관으로 사용 중인데, 윤상원 열사뿐 아니라 그와 영혼결혼식을 올렸던 박기순 열사의 고귀한 삶과 정신을 돌아볼 수 있도록 꾸며졌다. 1970년대 후반 들불야학에서 만나 인연을 쌓았던 이들은 민주항쟁과 불의의 사고로 인해 젊은 나이로 생을 마감했다. 이들의 죽음을 안타까워한 가족과 친지들이 영혼결혼식을 올리게 됐고, 이때 5·18을 상징하는 노래가 된 이 헌정됐다고 한다. 노래뿐 아니라 ""오늘 우리는 패배할 것이다. 그러나 내일의 역사는 우리를 승리자로 만들 것이다""라고 했던 윤상원 열사의 말은 지금도 민주화운동을 상징하는 인터뷰로 깊은 여운을 남긴다. #역사 #민주인권 #전시 #가족체험 #아이동반 #주차가능",1.0.0,import,0.53,"[{""source"": ""gwangju_tour"", ""source_url"": ""https://tour.gwangju.go.kr/home/tour/info/history.cs?act=view&infoId=1257"", ""note"": ""규칙 기반 라벨 초안. 사람 교차검수 필요""}]",
gwangju_tour,culture.cs:1244,#정원|#역사|#전통|#예술|#전시|#공방체험|#참여형|#실내|#비오는날|#주차가능,0.5,0.75,0.75,0.0,0.75,0.0,0.0,0.0,"광주광역시 남구문화원 우리는 문화가 모든 힘의 원천인 문화의 시대에 살고 있다. 또한, 국민소득증대와 주 5일 근무제가 확산됨에 따라 여가문화의 효율성 증대가 관심사로 부각되고 있다. 이러한 시대에 흐름에 발맞추어 지역의 전통문화와 역사를 전승하고 발전시키기 위해 만들어진 것이 광주 남구문화원이다. 1999년 3월 24일 설립된 남구문화원은 지식과 정보, 그리고 문화적 창조력이 지역 발전, 나아가서는 국가 발전의 원동력이 된다는 의식으로 주변의 다양한 문화와 교류하며 우리 문화를 창조적으로 발전시키기 위해 최선을 다하고 있다. * 주요 사업 * 지역문화 발전과 시민을 위한 문화 프로그램을 운영하고 있다. 우선 지역 주민을 위한 문화 프로그램으로는 단소반, 대금반, 장구반, 꽃꽂이반, 숯공예반, 한지공예반, 노래교실 등의 다양한 문화교실을 들 수 있다. 또한, 전통문화 중심의 금당문화대학을 12주간 운영하여, 광주 및 전남 지역의 문화유적답사를 진행한다. #정원 #역사 #전통 #예술 #전시 #공방체험 #참여형 #실내 #비오는날 #주차가능",1.0.0,import,0.55,"[{""source"": ""gwangju_tour"", ""source_url"": ""https://tour.gwangju.go.kr/home/tour/info/culture.cs?act=view&infoId=1244"", ""note"": ""규칙 기반 라벨 초안. 사람 교차검수 필요""}]",
gwangju_tour,culture.cs:1247,#역사|#전통|#예술|#전시|#참여형|#축제|#실내|#비오는날|#주차가능,0.0,0.75,0.75,0.0,0.5,0.0,0.0,0.5,"광주광역시 동구문화원 지방문화원진흥법에 의하여 1997년 8월 개원한 순수 민간 문화단체로 전통문화를 계승, 보존하고 지역문화사회계발 및 향토문화진흥을 목적으로 설립된 비영리 특별법인이다. 현재 “향토문화 알고, 찾고, 가꾸기”를 기치로 하여 전통문화의 파수꾼으로서의 역할을 수행하고 있다. 또 이를 기반으로 한민족의 우수한 문화와 현대문화를 창달, 보존, 전승, 발전시키는 것을 주된 목적으로 하고 있다. *주요 사업 * 광주 동구문화원에서는 향토사료의 수집,보존,발표 및 민족문화 정체성 확립, 지역주민 자긍심 및 애향심 고취시키기 위해 지역(향토)문화 조사,연구사업을 진행하고 있다. 또한 우리문화의 세계화 및 관광 및 문화산업 창출을 모색하는 지역축제 개발, 육성 사업을 하고 있으묘 그 밖에 지역주민 문화의식 함양사업과 지역환경보존등 지역사회발전을 위한 문화활동을 펼치고 있다. #역사 #전통 #예술 #전시 #참여형 #축제 #실내 #비오는날 #주차가능",1.0.0,import,0.5,"[{""source"": ""gwangju_tour"", ""source_url"": ""https://tour.gwangju.go.kr/home/tour/info/culture.cs?act=view&infoId=1247"", ""note"": ""규칙 기반 라벨 초안. 사람 교차검수 필요""}]",
gwangju_tour,culture.cs:1249,#역사|#전통|#예술|#공방|#체험|#교육|#축제|#실내|#비오는날|#아이동반,0.0,0.75,0.75,0.0,1.0,0.0,0.0,0.5,"광주광역시 북구문화원 예로부터 광주는 예향, 미향, 의향이라 불리웠으며, 지금 광주에서는 예향 광주를 명실상부한 아시아문화중심도시로 만들기 위해 문화수도 조성사업을 통해 문화산업 인프라가 대폭 확대되고 있다. 북구는 광주에서 가장 많은 인구와 넓은 면적을 가지고 있으며, 광주의 역사와 문화를 촘촘히 새겨 놓은 광주 역사문화의 생생한 지도라고 할 수 있다. 광주의 역사와 전통을 바탕으로 출범한 광주북구문화원은 매년 음력 삼월 삼지 날 화전부치기와 민속놀이 경연, 무드리국악경연대회, 가족사랑 그리기 글쓰기대회, 민속놀이 체험마당, 문화역사유적지 탐방, 가족단위의 창작(애송)시 낭송대회 등 다양한 장르의 참여형 문화 행사를 개최하여 지역주민의 삶의 질을 향상시키고 문화향수를 고양하기 위해 최선의 노력을 다하고 있다. * 문화 프로그램 * 문화학교 지정을 통한 예산 확보로 다양한 전통 문화 예술교육프로그램을 실시하며 정기적인 사회교육강좌를 통한 어린이에서부터 노인에 이르기까지 우리의 다양한 문화 장르를 교육하고 있으며 아울러 우리 문화 지킴이 교육을 통해 우리 지역의 역사와 문화를 올바르게 이해하도록 노력하고 있다. (가족과 함께하는 화전부치기와 민속놀이, 무드리 국악대회, 가족사랑 그리기 글쓰기대회, 참여하는 민속놀이 체험 마당, 문화역사 유적지탐장, 사회교육강좌, 우리문화지킴이, 가족창작(애송)시 낭송대회, 무등문화 발간 등) #역사 #전통 #예술 #공방 #체험 #교육 #축제 #실내 #비오는날 #아이동반",1.0.0,import,0.6,"[{""source"": ""gwangju_tour"", ""source_url"": ""https://tour.gwangju.go.kr/home/tour/info/culture.cs?act=view&infoId=1249"", ""note"": ""규칙 기반 라벨 초안. 사람 교차검수 필요""}]",
gwangju_tour,culture.cs:1245,#역사|#전통|#예술|#전시|#교육|#참여형|#실내|#비오는날|#주차가능,0.0,0.75,0.75,0.0,0.75,0.0,0.0,0.0,"광주광역시 서구문화원 우리는 문화가 모든 힘의 원천인 문화의 시대에 살고 있다. 또한 국민소득증대와 주 5일 근무제가 확산됨에 따라 여가문화의 효율성 증대가 관심사로 부각되고 있다. 이러한 시대에 흐름에 발맞추어 지역의 전통문화와 역사를 전승하고 발전시키기 위해 만들어진 것이 광주 서구문화원이다. 서구문화원은 지식과 정보, 그리고 문화적 창조력이 지역 발전, 나아가서는 국가 발전의 원동력이 된다는 의식으로 주변의 다양한 문화와 교류하며 우리 문화를 창조적으로 발전시키기 위해 최선을 다하고 있다 * 서구문화원의 주요 사업 * 서구문화원은 지역문화 발전과 시민을 위한 문화 프로그램을 운영하고 있다. 우선 지역 주민을 위한 문화강좌와 경로효친선양사업, 문예활동, 국가시책 홍보활동, 향토사료 발굴 조사, 고유문화예술 전승, 지역사회교육, 전국학생 국악 경연대회 등을 개최하고 있다. #역사 #전통 #예술 #전시 #교육 #참여형 #실내 #비오는날 #주차가능",1.0.0,import,0.5,"[{""source"": ""gwangju_tour"", ""source_url"": ""https://tour.gwangju.go.kr/home/tour/info/culture.cs?act=view&infoId=1245"", ""note"": ""규칙 기반 라벨 초안. 사람 교차검수 필요""}]",
gwangju_tour,culture.cs:1242,#박물관|#예술|#전시|#체험|#축제|#시즌한정|#실내|#비오는날|#아이동반|#주차가능,0.0,0.75,1.0,0.0,0.5,0.0,0.0,0.75,"광주비엔날레전시관 광주비엔날레 전시관은 1994년 창설된 이래 수많은 전시회를 통해 대한민국을 비롯한 세계 미술 문화에 큰 기여를 해오고 있는 곳이다, 비엔날레를 통해 수많은 사람들에게 즐거움과 삶의 의욕을 줄 수 있도록 노력하고 있으며 한국 작가들이 세계로 진출하기 위한 통로 역할을 하고 있다. 특히, 비엔날레 전시회는 일회성 행사로 끝나지 않고 비엔날레의 터전인 광주의 지역적 가치를 높이며 지속 가능한 플랫폼이 되기 위해 다양한 시도를 하고 있다. 코로나 시대를 맞아 온라인 서비스도 진행해 현장 방문이 어려운 시민들에게 전시 서비스를 체험할 수 있도록 제공하고 있다. 광주디자인비엔날레 전시 기간에는 본 전시, 특별전, 국제 학술 행사 등 다양한 행사와 전시 관람, 체험도 가능하다. #박물관 #예술 #전시 #체험 #축제 #시즌한정 #실내 #비오는날 #아이동반 #주차가능",1.0.0,import,0.57,"[{""source"": ""gwangju_tour"", ""source_url"": ""https://tour.gwangju.go.kr/home/tour/info/culture.cs?act=view&infoId=1242"", ""note"": ""규칙 기반 라벨 초안. 사람 교차검수 필요""}]",
gwangju_tour,culture.cs:82,#박물관|#예술|#전시|#가족체험|#피크닉|#공원|#축제|#공연|#실내|#비오는날,0.0,0.5,1.0,0.0,0.5,0.0,0.75,0.75,"광주시립미술관 1992년 개관 이래 광주와 전라남도에 연고를 둔 예술가의 작품을 전시하며 지역의 현대미술을 알리고 후원해왔다. 1995년 비엔날레관을 개관하며 광주비엔날레가 국제적 행사로 자리 잡는데에도 중요한 역할을 했다. 미술관 소장품을 선보이는 상설전 외에 특정 주제로 국내외 우수 작가들의 작품을 소개하는 기획 전시를 진행하며, 국제레지던기와 북경창작센터, 청년예술인지원센터를 통해 지역작가의 창작활동을 적극 지원한다. 전신관은 본관을 비록해 사진전시관, 어린이미술관으로 이루어져 있으며 금남로 분관, 옛 전남도지사 공관에 들어선 하정웅미술관, 서울 인사동에 위치한 G&J 갤러리까지 총6개관을 아우른다. ○시설현황 - 주요시설: 전시실, 수장고, 강당, 세미나실, 자료실, 문화센터 - 야외시설: 팔각정, 운동시설(테니스장 등 5종), 야외공연장, 잔디공원 #박물관 #예술 #전시 #가족체험 #피크닉 #공원 #축제 #공연 #실내 #비오는날",1.0.0,import,0.6,"[{""source"": ""gwangju_tour"", ""source_url"": ""https://tour.gwangju.go.kr/home/tour/info/culture.cs?act=view&infoId=82"", ""note"": ""규칙 기반 라벨 초안. 사람 교차검수 필요""}]",
gwangju_tour,food.cs:1301,#숲|#정원|#로컬푸드|#전통음식|#시즌한정|#실내|#비오는날|#주차가능,0.75,0.0,0.0,1.0,0.0,0.0,0.0,0.5,"거목한정식 길모퉁이를 돌아서면 기와가 있는 돌담이 나오고, 대문 안으로 들어가면 50년 된 태산목이 그늘을 드리우는 한정식집인 거목 한정식. 봄에는 철쭉꽃, 가을에는 국화꽃 향기가 가득한 이 곳은 남도의 맛을 정갈하고 소박하게 내놓고 있는데, 10년의 세월 동안 변하지 않는 맛으로 계절에 따라 식단에 변화를 준다. 4인 기준 한상으로 차려지고 개별적인 일품메뉴는 없다. 구절판과 삼합, 삼계탕을 필두로 모듬전, 대하, 잡채, 두릅, 불고기, 조기 등 각종 해산물요리를 먹는다면 맛있고 든든한 식사가 될 것이다. 또한 꽃게찜, 조기, 더덕철판이 추가되는 다음 단계는 계절감을 느낄 수 있는 식단이다. 가장 큰 상에는 연포탕, 용봉탕를 비롯해 양팽이구이와 돼지애저까지 곁들여져서 회갑연 같은 집안 대소사 모임에 좋은 식단이다. 마당 한쪽에 있는 가마솥에서는 한정식단의 마지막을 마무리 하는 대통밥이 나오는데, 대통밥에서는 대나무 향이 은은하게 배어나와 입안을 깔끔하게 정리해주어 식사의 마무리를 장식한다. #숲 #정원 #로컬푸드 #전통음식 #시즌한정 #실내 #비오는날 #주차가능",1.0.0,import,0.47,"[{""source"": ""gwangju_tour"", ""source_url"": ""https://tour.gwangju.go.kr/home/tour/info/food.cs?act=view&infoId=1301"", ""note"": ""규칙 기반 라벨 초안. 사람 교차검수 필요""}]",
gwangju_tour,food.cs:1313,#로컬푸드|#전통음식|#실내|#비오는날|#주차가능,0.0,0.0,0.0,0.75,0.0,0.0,0.0,0.0,"계림동잔치집 메뉴는 국수, 만두, 수제비, 김밥, 약계란등이 있으며, 국수는 잔치국수, 비빔국수, 열무국수, 콩국수(여름 한정)가 있다. 그 중 잔치국수는 매장에서 직접 낸 멸치육수가 진한 맛이 일품이며 열무국수는 직접 담근 열무 물김치의 시원한 맛이 별미이다. 만두는 새우만두인데, 다진 새우와 돼지고기가 들어가있고 쫀득한 만두피의 식감이 매력적이다. 약계란은 멸치 국물에 달걀을 사흘간 삶아 짭조름하고 구수한 맛이 일품이다. 김밥은 매일 아침 신선한 재료를 준비하는데 원조, 진미, 제육 세종류가 있다. 원조 김밥은 옛집에서 먹었던 추억 있던 맛을 느낄 수 있고 진미 김밥은 다진 진미채가 들어가 재미있는 식감을 느낄 수 있다. 제육 김밥은 고기와 상추쌈이 들어가 있는 김밥이며 한입에 상추쌈의 맛을 느낄 수 있다. #로컬푸드 #전통음식 #실내 #비오는날 #주차가능",1.0.0,import,0.4,"[{""source"": ""gwangju_tour"", ""source_url"": ""https://tour.gwangju.go.kr/home/tour/info/food.cs?act=view&infoId=1313"", ""note"": ""규칙 기반 라벨 초안. 사람 교차검수 필요""}]",
gwangju_tour,food.cs:1111,#자연|#로컬푸드|#시장|#시즌한정|#실내|#비오는날,0.5,0.0,0.0,0.75,0.0,0.0,0.0,0.75,"계절따라 자연의 변화를 밥상에 친정어머니에게 대물림한 손맛으로 2대째 내려오는 곳이다. 맛있는 음식을 위해 반드시 매일 아침 시장에서 사 온 제철 생선의 생물만 사용하는 것이 가장 큰 매력이다. 제철 생선을 고집하다 보니 계절 따라 주 메뉴와 밑반찬이 조금씩 바뀐다. 간수 뺀 3년 된 천일염으로 직접 담근 젓갈, 양념이 듬뿍 들어간 게미진 맛의 김치, 삼삼한 나물 모두 맛난 엄마 손맛을 떠올리게 한다. 가장 인기 있는 달콤 짭짜름 전복 조림부터 탱탱 쫀득하면서도 보들보들한 주꾸미 초무침, 제철 생선을 사용한 전과 조림, 병어·도다리·서대조림 등 자연의 변화가 오롯이 밥상 안에 담겼다. #자연 #로컬푸드 #시장 #시즌한정 #실내 #비오는날",1.0.0,import,0.47,"[{""source"": ""gwangju_tour"", ""source_url"": ""https://tour.gwangju.go.kr/home/tour/info/food.cs?act=view&infoId=1111"", ""note"": ""규칙 기반 라벨 초안. 사람 교차검수 필요""}]",
gwangju_tour,food.cs:1093,#자연|#민주인권|#예술|#공연|#로컬푸드|#느린여행|#야간|#실내|#비오는날,0.5,0.75,0.75,0.75,0.0,0.0,0.5,0.5,"공오일팔 소시민의 문화사랑방 밤이 되면 어두워지는 동구 남동 인쇄골목을 밝게 해보자는 생각에서 시작된 이곳은 밤 12시가 넘어서도 찾아갈 수 있는 차와 술, 음악, 예술작품이 있는 문화사랑방이다. 수많은 LP음반, 지역작가들의 작품들이 잔잔한 음악과 어우러져 문화를 어느 특정한 공간이 아니라 자연스럽고 편안하게 생활주변에서 접할 수 있도록 했다. 술안주로는 동서화합 차원에서 1980년 5월 광주 공동체정신을 상징하는 주먹밥과 부산어묵으로 했다. 광주만의 특색을 살린 칵테일도 있다. 해마다 5월18일~27일에는 5·18민주화운동을 생각하며 무료로 주먹밥을 나눠주기도 한다. #자연 #민주인권 #예술 #공연 #로컬푸드 #느린여행 #야간 #실내 #비오는날",1.0.0,import,0.57,"[{""source"": ""gwangju_tour"", ""source_url"": ""https://tour.gwangju.go.kr/home/tour/info/food.cs?act=view&infoId=1093"", ""note"": ""규칙 기반 라벨 초안. 사람 교차검수 필요""}]",
gwangju_tour,food.cs:1069,#로컬푸드|#실내|#비오는날,0.0,0.0,0.0,0.75,0.0,0.0,0.0,0.0,관가 다양한 한약재로 진흙에서 6시간 구운 통오리구이가 가장 유명합니다. #로컬푸드 #실내 #비오는날,1.0.0,import,0.38,"[{""source"": ""gwangju_tour"", ""source_url"": ""https://tour.gwangju.go.kr/home/tour/info/food.cs?act=view&infoId=1069"", ""note"": ""규칙 기반 라벨 초안. 사람 교차검수 필요""}]",
gwangju_tour,sports.cs:1279,#체험|#스포츠|#주차가능,0.0,0.0,0.0,0.0,0.75,0.75,0.0,0.0,"광주광역시립 산수도서관 1997년 개관한 광주광역시립 산수도서관은 현재 광주시립도서관으로 통합된 도서관이다. 산수도서관은 급변하는 정보화 시대에 이용자의 정보욕구를 충족하고 쾌적한 독서환경을 위하여 정숙한 도서관환경을 만들어 나가면서 필요한 모든 자료를 고루 갖추고 이용자에 대한 서비스 질을 높여서 시민들이 필요한 적정 정보를 쉽고, 빠르고, 편리하게 접할 수 있는 도서관으로 성장할 수 있도록 하고자 함에 목표를 두고 있다. 광주광역시의 도서관은 1981년 무등도서관이 최초로 개관한 이래, 1989년 사직도서관이, 1997년 산수도서관이 각각 운영되었다. 이후 1998년 4월에 3개의 도서관을 통합하여 시립도서관으로 명칭을 개칭하게 되었다. 시립 도서관에서는 현재 55만 3천여 권의 도서와 2만 2천여 점의 비도서, 그리고 1만여 점의 전자자료를 소장하고 있다. #체험 #스포츠 #주차가능",1.0.0,import,0.4,"[{""source"": ""gwangju_tour"", ""source_url"": ""https://tour.gwangju.go.kr/home/tour/info/sports.cs?act=view&infoId=1279"", ""note"": ""규칙 기반 라벨 초안. 사람 교차검수 필요""}]",
gwangju_tour,sports.cs:1243,#공방|#체험|#공방체험|#스포츠|#주차가능,0.0,0.0,0.5,0.0,0.75,0.75,0.0,0.0,"광주광역시청소년수련원 1999년 5월 개원한 청소년수련원은 부지면적 9,633평, 연건축면적 2,528평의 시설로서 젊음의 집, 문화의 집, 기쁨의 집 등으로 이루어져 있다. * 주요시설 * - 문화의 집 : 당구실, 탁구실, 노래방, 다용도실, 댄스실, 밴드실 등 - 젊음의 집 : 강당, 스터디방, 강의실, 나무공작실, 창작공예방 등 - 푸름의 집 : 숙소, 세면실, 샤워실 - 기쁨의 집 : 숙소, 샤워실, 휴게실 #공방 #체험 #공방체험 #스포츠 #주차가능",1.0.0,import,0.45,"[{""source"": ""gwangju_tour"", ""source_url"": ""https://tour.gwangju.go.kr/home/tour/info/sports.cs?act=view&infoId=1243"", ""note"": ""규칙 기반 라벨 초안. 사람 교차검수 필요""}]",
gwangju_tour,sports.cs:1246,#전시|#공연|#체험|#스포츠|#축제|#야경|#주차가능,0.0,0.0,0.75,0.0,0.75,0.75,0.0,0.75,"광주시청 야외음악당 광주시청 옆 문화광장내에 위치한 야외음악당은 2006년 5월 설립한 이동형 객석 2,000석 규모의 야외음악 공연장이다. 최신 음향장비 및 무대, 조명시설을 갖추고 있으며, 클래식, 국악 등의 음악공연을 비롯한 각종 문화공연 및 전시행사가 열린다. #전시 #공연 #체험 #스포츠 #축제 #야경 #주차가능",1.0.0,import,0.55,"[{""source"": ""gwangju_tour"", ""source_url"": ""https://tour.gwangju.go.kr/home/tour/info/sports.cs?act=view&infoId=1246"", ""note"": ""규칙 기반 라벨 초안. 사람 교차검수 필요""}]",
gwangju_tour,sports.cs:1272,#체험|#스포츠,0.0,0.0,0.0,0.0,0.75,0.75,0.0,0.0,광주실내수영장 염주종합체육관 시설 내에 있는 수영장으로 주 1회 정기검사와 수시 검사를 통한 수질 개선으로 이용시민에게 양질의 수질을 제공하며 시민의 건강과 삶의 질을 향상시키기 위해 노력하고 있다. #체험 #스포츠,1.0.0,import,0.42,"[{""source"": ""gwangju_tour"", ""source_url"": ""https://tour.gwangju.go.kr/home/tour/info/sports.cs?act=view&infoId=1272"", ""note"": ""규칙 기반 라벨 초안. 사람 교차검수 필요""}]",
gwangju_tour,sports.cs:1274,#자연|#체험|#가족체험|#스포츠|#공원|#시즌한정|#아이동반|#주차가능|#반려동물,0.5,0.0,0.0,0.0,1.0,0.75,0.5,0.5,"광주패밀리랜드 눈썰매장 호남 최대 길이의 썰매장, 광주패밀리랜드 눈썰매장 광주패밀리랜드는 호남 지방 최대의 종합 위락공원으로 991년 7월 6일 문을 열었다. 울창한 자연림과 저수지 등 자연조건이 빼어나 주변 전체가 우치공원으로 조성되어 있으며, 36만평의 대지 위에 35기종의 신나는 놀이기종, 동물원, 썰매장, 체육시설을 갖추고 있다. 또한 호남 최대길이를 자랑하는 사계절 썰매장은 봄, 여름, 가을엔 물썰매장으로 겨울엔 눈썰매장으로 더욱더 편하게 이용하시도록 에스컬레이터를 설치하고 있다. 패밀리랜드에는 다양한 놀이시설이 조성되어 있으며 코스에 따라 연인코스, 가족코스, 어린이 코스 등으로 나누어 이용할 수 있다. 우선 연인코스는 청룡열차, 카오스, 바이킹, 나는썰매, 박치기왕, 타가디스코, 나는그네 등으로 연인들이 함께 즐기면 좋을 놀이기구들이다. 가족코스는 패밀리열차, 사막의 폭풍, 타팀머신 등 가족 단위로 아이와 부모가 함께 즐기면 좋은 놀이기구이다. 이외에 어린이범퍼카, 꼬마비행기, 우주탐험대, 꼬마레이서 등 어린이 전용 놀이기구도 구비되어 있다. #자연 #체험 #가족체험 #스포츠 #공원 #시즌한정 #아이동반 #주차가능 #반려동물",1.0.0,import,0.6,"[{""source"": ""gwangju_tour"", ""source_url"": ""https://tour.gwangju.go.kr/home/tour/info/sports.cs?act=view&infoId=1274"", ""note"": ""규칙 기반 라벨 초안. 사람 교차검수 필요""}]",
gwangju_tour,sports.cs:1276,#체험|#교육|#스포츠|#아이동반|#주차가능,0.0,0.0,0.0,0.0,1.0,0.75,0.0,0.0,"금호평생교육관 금호평생교육관은 21세기 지식기반 사회를 살아가는 이 지역 주민들이 자신의 삶을 보다 더 가치 있고 밝은 미래로 가꾸어 갈 수 있도록""다양한 지식 정보의 제공과 평생교육의 활성화""를 회관 운영목표로 세워 노력하고 있다. 1996년 4월 2일 개관한 이래 다양한 평생교육프로그램을 운영하여 일반시민의 문화역량 강화에 노력하고 있으며, 지역주민들이 지식정보화사회에 발맞춰 나갈 수 있도록 맞춤형 정보 및 서비스를 제공하여 평생학습사회구현에 최선을 다하고 있다. 또한 교육관은 이용자의 문화적 감성 함양과 양질의 정보 제공을 위해 각종 장서를 보유하고 있고, 디지털 자료실을 운영하여 전자책, DVD 등 각종 멀티미디어 자료 및 다양한 웹서비스를 편리하게 이용할 수 있도록 운영하고 있다. * 금호평생교육관의 문화 프로그램 안내 * 금호평생교육관은 지역 내에서 가장 큰 규모의 평생교육관이다. 이러한 규모는 단지 건물의 크기가 아닌 프로그램 운영에서도 나타난다. 문화회관에서는 40여개반의 문화강좌 및 장수대학 등의 프로그램을 운영하고 있으며, 유아에서부터 노인에 이르기 까지 다양한 정보 자 료를 제공하기 위하여 각종 열람실을 설치. 운영하고 있다. #체험 #교육 #스포츠 #아이동반 #주차가능",1.0.0,import,0.47,"[{""source"": ""gwangju_tour"", ""source_url"": ""https://tour.gwangju.go.kr/home/tour/info/sports.cs?act=view&infoId=1276"", ""note"": ""규칙 기반 라벨 초안. 사람 교차검수 필요""}]",
gwangju_tour,park/003.cs:262,#숲|#정원|#레저|#공원,1.0,0.0,0.0,0.0,0.5,0.0,1.0,0.0,"사직공원 옛 공간을 기억하는 사람들이 느끼는 향수와 새 공간이 선물하는 문화적 향기가 적절히 버무려져 세월을 아우르는 시민들의 쉼터 사직공원, 사직공원은 봄이면 벚꽃이 만발하여 도심속 벚꽃놀이 장소로도 알려졌다. 공원에는 각종 수목과 꽃의 조경이 잘되어 있고, 10개가 넘는 시비가 세워져 또 다른 명물로 인기를 끌고 있다. 임제, 송순, 박봉우, 이수복, 윤선도, 김인류, 김덕령 등 우리 지역의 고금의 저명한 시인들의 시가 새겨져 있다. 공원 안에는 복원된 사직단과 광주문화콘텐츠진흥센터, 충혼탑, 연파정, 활쏘는 터인 관덕정 등이 있다. 예전의 팔각정은 사라졌지만, 이제는 광주의 중심지를 볼 수 있는 사직공원 전망대가 신축되었다. #숲 #정원 #레저 #공원",1.0.0,import,0.53,"[{""source"": ""gwangju_tour"", ""source_url"": ""https://tour.gwangju.go.kr/home/tour/info/park/003.cs?act=view&infoId=262"", ""note"": ""규칙 기반 라벨 초안. 사람 교차검수 필요""}]",
gwangju_tour,park/003.cs:257,#숲|#정원|#공연|#공원|#야간|#야경,0.75,0.0,0.5,0.0,0.0,0.0,1.0,1.0,"금남로공원 광주광역시 금남로와 중앙로가 만나는 지점, 한국은행이 철거된 자리에 ""물과 숲과 빛이 있는"" 금남공원이 들어섰다. 유동인구가 많은 도심의 특성상 시민들의 적극적인 이용을 유도하기 위해, 휴게시설물, 매력적인 경관요소, 그리고 풍부한 녹지를 제공하고 있다. 공간은 크게 수목이 중심이 되는 녹지 공간과 지하상가와 연결된 썬큰(sunken)된 공간에 조성된 수경공간으로 나눌 수 있다. 썬큰(sunken)된 광장은 지하상가로 연결된 곳으로 사람들이 많이 모여드는 공간으로서 주로 만남의 장소로 이용되고 있다. 비교적 넓게 비워진 광장은 야외공연을 할 수 있도록 계획되어 시민문화마당으로서 활용하고자 하였으며, 계단과 벤치, 혹은 광장 바닥에 의지하여 자유로운 관람이 가능한 열린 공간이다. 레벨차를 이용한 수경공간과 LED조명으로 역동성과 환상적인 야경을 연출하고 있어 낮 보다 밤이 되면 공간의 진가를 확인할 수 있다. 수경공간은 상부와 하부로 나누어 볼 수 있다. 상부에는 안개분수가 피어 오르고, 이곳에서 시작된 물이 징검돌 사이를 지나 벽천을 타고 아래로 쏟아져 내리는 힘찬 광경은 사람들의 시선을 즐겁게 한다. LED등이 벽천을 타고 내리는 역동적인 물과 모락모락 피어나는 안개분수와 어우러져 환상적인 도시의 밤을 선사하며, 양 측면에 설치된 계단에도 설치되어 화려함을 뽐내고 있다. #숲 #정원 #공연 #공원 #야간 #야경",1.0.0,import,0.6,"[{""source"": ""gwangju_tour"", ""source_url"": ""https://tour.gwangju.go.kr/home/tour/info/park/003.cs?act=view&infoId=257"", ""note"": ""규칙 기반 라벨 초안. 사람 교차검수 필요""}]",
gwangju_tour,park/003.cs:1284,#정원|#힐링|#공원|#주차가능|#반려동물,0.75,0.0,0.0,0.0,0.0,0.0,1.0,0.0,"너릿재공원 전남 내륙 한가운데에 위치한 화순은 조광조가 그의 이상을 펼치지 못하고 유배되어 죽음에 이른 곳이며 방랑시인 김삿갓은 중국적벽에 못지않게 아름다운 화순적벽의 절경에 반해 그곳에서 죽음을 맞기도 했다. 너릿재공원은 화순과 광주의 경계인 너릿재터널 입구 도로변 바로 옆에 있는 공원으로 휴일이면 광주, 화순 주변의 많은 사람들이 들러 휴식을 취하는 곳이다. 한편 공원에는 6.25전란으로 인해 아까운 젊음을 불사른 순국 선열들의 얼을 기리는 무명용사묘와 순국 경찰묘지가 자리하고 있어 숙연한 자세로 옷깃을 여미게 한다. * 무명용사묘 * 1951년 4월 2일 대구에서 출발하여 4월 5일 이양에 도착 주둔중 6일 새벽1시경 폭풍우속에 적의 기습을 받고 2시간여 혈전속에 공비는 격퇴하였으나 26명이 산화하였다.용사들의 유해는 동년 4월 8일 이양주민의 협조를 얻어 이 곳에 안장하고 음력 2월 1일 위령제를 지낸다. * 순국경찰묘지 * 범바우산 아래에 있다. 화순경찰서 소속경찰 19위가 있으며 1950년 10월 24일 경남 함안에서 화순으로 오는 도중묘치에서 공비들의 습격을 받고 순국 순국경찰들의 묘가 안치된 곳으로 원래 묘치전사16위와 화순각지36위가 있었으나 모두 연고지로 돌아가고 나머지 월남한 경찰 순국자의 유해만 이곳에 안치되어 있다. #정원 #힐링 #공원 #주차가능 #반려동물",1.0.0,import,0.45,"[{""source"": ""gwangju_tour"", ""source_url"": ""https://tour.gwangju.go.kr/home/tour/info/park/003.cs?act=view&infoId=1284"", ""note"": ""규칙 기반 라벨 초안. 사람 교차검수 필요""}]",
gwangju_tour,park/003.cs:332,#정원|#역사|#참여형|#힐링|#공원|#축제,0.75,0.5,0.0,0.0,0.5,0.0,1.0,0.5,"조선대학교 장미원 5,299㎡ 의 면적에 조성된 장미원에서는 227종·1만8000여 송이의 다양한 색채와 모양의 장미를 만날 수 있다. 장미가 가장 예쁘게 피어나는 5월에는 장미축제가 개최되며, 연중무휴 무료로 개방된다. 장미원은 조선대학교 학생과 교직원은 물론 광주ㆍ전남ㆍ지역 주민들에게 휴식과 재충전을 제공하는 쉼터와 대학과 지역사회를 소통하는 열린 공간으로 사랑을 받고 있다. #정원 #역사 #참여형 #힐링 #공원 #축제",1.0.0,import,0.53,"[{""source"": ""gwangju_tour"", ""source_url"": ""https://tour.gwangju.go.kr/home/tour/info/park/003.cs?act=view&infoId=332"", ""note"": ""규칙 기반 라벨 초안. 사람 교차검수 필요""}]",
gwangju_tour,park/003.cs:6,#정원|#가족체험|#레저|#스포츠|#피크닉|#공원|#야간|#아이동반|#주차가능,0.75,0.0,0.0,0.0,0.75,0.5,1.0,0.5,"청풍쉼터 잔디밭, 체육시설, 놀이터 등을 갖추고 있어 유아들의 소풍장소로 애용되며 여름철에는 한 보따리씩 싸들고 저녁을 먹는 가족들의 행렬이 줄을 잇는 곳이다. 이곳에는 평생을 방랑하며, 가는 곳 마다 풍자적인 시를 남긴 불우시인 김삿갓의 시비가 있다. #정원 #가족체험 #레저 #스포츠 #피크닉 #공원 #야간 #아이동반 #주차가능",1.0.0,import,0.57,"[{""source"": ""gwangju_tour"", ""source_url"": ""https://tour.gwangju.go.kr/home/tour/info/park/003.cs?act=view&infoId=6"", ""note"": ""규칙 기반 라벨 초안. 사람 교차검수 필요""}]",
gwangju_tour,park/003.cs:276,#자연|#무등산|#교육|#힐링|#공원|#야간|#야경|#반려동물,1.0,0.0,0.0,0.0,0.5,0.0,1.0,0.75,"평화공원 1994년부터 상무지구 택지개발사업 추진 당시 화강석과 콘크리트 광장으로 조성된 시청 앞 미관광장은 지난 2007년 산림청 주관 녹색자금 공모사업으로 선정돼 국 · 시비 등 총 89 억 원을 투입, 숲과 물과 빛이 어우러지는 광장으로 확대 조성하고, 명칭을 평화공원으로 명명했다. 시민들에게 개방된 평화공원은 광주의 상징인 무등산 입석대를 형상화한 자연석 벽천과 나무숲이 어우러진 녹색 휴식공간이다. 주간에는 유치원생의 자연학습장으로 야간에는 상무지구를 찾는 시민과 외지인의 휴식공간으로 인기를 얻고 있다. #자연 #무등산 #교육 #힐링 #공원 #야간 #야경 #반려동물",1.0.0,import,0.6,"[{""source"": ""gwangju_tour"", ""source_url"": ""https://tour.gwangju.go.kr/home/tour/info/park/003.cs?act=view&infoId=276"", ""note"": ""규칙 기반 라벨 초안. 사람 교차검수 필요""}]",
gwangju_tour,nature.cs:205,#자연|#가족체험|#산책|#피크닉|#아이동반,0.75,0.0,0.0,0.0,0.5,0.0,0.75,0.0,"백석산 주민들의 여가선용을 위하여 산책로가 개설되었으며 운천저수지와 산책로가 연계될 뿐 아니라 금호지구를 한눈에 볼 수 있도록 코스가 개설되어 있고, 경사도가 완만하여 어린이나 노약자들이 활용하기 좋은 장소이다. [규모 및 시설물] - 총 연장거리 : 4.5 km(운천저수지 - 남광병원뒤(향림사) - 상무초등학교 뒤 - 금호성당) - 팔각정 1동, 잔디 광장 500㎡, 안내판 9개총 연장거리 : 4.5 km(운천저수지 - 남광병원뒤(향림사) - 상무초등학교 뒤 - 금호성당) #자연 #가족체험 #산책 #피크닉 #아이동반",1.0.0,import,0.45,"[{""source"": ""gwangju_tour"", ""source_url"": ""https://tour.gwangju.go.kr/home/tour/info/nature.cs?act=view&infoId=205"", ""note"": ""규칙 기반 라벨 초안. 사람 교차검수 필요""}]",
gwangju_tour,nature.cs:206,#자연|#느린여행,0.75,0.0,0.0,0.0,0.0,0.0,0.5,0.0,"복룡산 어룡쪽의 전설과 평동쪽 각각 다른 설화와 전설을 간직하고 있는 복룡산은 어룡쪽의 용마바위 전설과 평동쪽의 후백제 견훤과 왕건의 싸움터 전설로 유명하다. 삼국시대를 전후하여 복룡산 자락 평동쪽 기슭은 광산지역의 중심이었다. 현재 용동마을 주변이 관동현이 자리잡고 있었고, 지금은 흔적도 없지만 관동현감의 관사와 감옥이 평동공단 부지에 자리잡고 있었다 #자연 #느린여행",1.0.0,import,0.4,"[{""source"": ""gwangju_tour"", ""source_url"": ""https://tour.gwangju.go.kr/home/tour/info/nature.cs?act=view&infoId=206"", ""note"": ""규칙 기반 라벨 초안. 사람 교차검수 필요""}]",
gwangju_tour,nature.cs:208,#자연|#산|#문화유산|#산책,0.75,0.5,0.0,0.0,0.0,0.0,0.5,0.0,"석문산 석문산은 광주의 끝자락인 삼도동에 위치해 있다. 폐교가 된 삼도남초등학교 정문 옆길로 들어서면 산책로가 잘 안내돼 있다. 옛 학교엔 지금 호남문화재연구원이 들어서 있다. 학교 앞에 `석문산보호회’가 세워 놓은 기념비가 웅장해 이정표로 삼을 만하다. 저수지(석문제)와 어우러진 산자락은 주말농장으로, 도시민들의 텃밭이 돼 있었다. 저수지를 가운데 두고 둘러선 능선은 이어져 있는 듯하지만, 각각의 바위 덩어리일 뿐이다. 능선과 능선 사이 골이 깊다. 한 봉우리를 올라서면 다시 골로 내려와 다른 봉우리로 오르는 식이다. 산과 산 사이, 아니 정확히는 암벽과 암벽 사이 고갯길이 있다. 이 양편의 암석이 바로 남문바위와 북문바위다. #자연 #산 #문화유산 #산책",1.0.0,import,0.45,"[{""source"": ""gwangju_tour"", ""source_url"": ""https://tour.gwangju.go.kr/home/tour/info/nature.cs?act=view&infoId=208"", ""note"": ""규칙 기반 라벨 초안. 사람 교차검수 필요""}]",
gwangju_tour,nature.cs:210,#자연,0.75,0.0,0.0,0.0,0.0,0.0,0.0,0.0,용진산 용진산은 본량과 임곡을 나누는 경계에 있는 산으로 이름 그대로 들녘에서는 드물게 보는 겹겹으로 포개져 있는 높은 산이다. 그 안에는 동굴과 폭포가 있고 조선의 개국공신 삼봉 정도전 선생이 전국을 두루 돌면서 이산의 빼어난 경치에 빠져서 산사에서 며칠을 머물고 갔다고 하니 그 그윽하고 아름다운 풍광을 가히 짐작할 수가 있다. 그리고 이산은 왜정 때에 전국에서도 이름 있는 금광이 있었던 곳으로 그로 말미암아 신임곡 일대는 작은 도시형태를 이루어 번창한 한 때가 있었다. #자연,1.0.0,import,0.38,"[{""source"": ""gwangju_tour"", ""source_url"": ""https://tour.gwangju.go.kr/home/tour/info/nature.cs?act=view&infoId=210"", ""note"": ""규칙 기반 라벨 초안. 사람 교차검수 필요""}]",
gwangju_tour,nature.cs:27,#자연|#산|#등산|#산책,1.0,0.0,0.0,0.0,0.0,0.5,0.5,0.0,"용추계곡 제2수원지 정문 왼쪽에서 수원지 철조망 펜스를 따라 좁은 길로 들어서면 주변의 새소리와 벌레들의 합창 소리를 들으면서 계곡의 산책이 시작된다. 약 4㎞에 이르는 용추계곡은 기암절벽과 울창한 숲으로 둘러싸여 있어 천연림의 운치를 느낄 수 있다. 무등산의 북쪽과 서쪽으로 물이 흐르는 원효계곡이나 증심사계곡과는 달리 보호구역으로 지정되어 있고 사람들의 발길이 그다지 많지 않아 천연림의 아름다운 비경을 간직하고 있는 곳이다. 계곡을 따라 오르면 옹기종기 다양한 모습을 한 바위, 작은 폭포와 여울이 계속 반복되어 다양한 풍경을 보고 듣는 즐거움을 만끽할 수 있다. 무등산의 대표적인 휴양지로 각광을 받았고 지금도 많은 등산객들이 이 계곡과 폭포를 찾고 있다. #자연 #산 #등산 #산책",1.0.0,import,0.55,"[{""source"": ""gwangju_tour"", ""source_url"": ""https://tour.gwangju.go.kr/home/tour/info/nature.cs?act=view&infoId=27"", ""note"": ""규칙 기반 라벨 초안. 사람 교차검수 필요""}]",
gwangju_tour,nature.cs:28,#자연|#무등산,0.75,0.0,0.0,0.0,0.0,0.0,0.0,0.0,"원효계곡 원효계곡은 무등산 정상 일대의 물이 바위틈으로 흐르다 원효계곡 시원지 인근에서 솟아올라 형성한 계곡이다. 비가 많이 오거나 할 경우는 물줄기가 시원지 위쪽에서부터 흘러내리지만, 평소에는 현재의 시원지 지점에서 작은 샘을 이루어 흘러내린다. 물이 깨끗하고 버스와 차량으로 방문하기 쉬워 해마다 여름이면 피서객으로 붐빈다. #자연 #무등산",1.0.0,import,0.4,"[{""source"": ""gwangju_tour"", ""source_url"": ""https://tour.gwangju.go.kr/home/tour/info/nature.cs?act=view&infoId=28"", ""note"": ""규칙 기반 라벨 초안. 사람 교차검수 필요""}]",
gwangju_tour,history.cs:1449,#역사|#근대문화|#전시|#참여형|#야간|#야경,0.0,1.0,0.5,0.0,0.5,0.0,0.0,0.75,"소심당 조아라기념관 조아라 선생의 기독교운동ㆍ여성운동과 민주화운동 및 여성복지향상을 통한 사랑ㆍ정의ㆍ평화ㆍ봉사 정신을 계승 선양하기 위한 기념관입니다. 여성운동가 조아라 시대적으로 수난과 고난으로 점철된 험난한 시대를 살아 오신 조아라 선생은 1922년에 창설된 광주YWCA에서 총무, 회장, 명예회장으로서 평생을 헌신 봉사하였다. 가정법률상담소, Y신용협동조합, 농촌사업, 소비자운동 등을 통해 Y프로그램을 활성화시켰고, 1960년대 대의동 Y회관을 건립하였으며, 1980년 5ㆍ18민주화 항쟁당시 총탄으로 파손된 대의동 회관을 떠나 1985년 유동 현 Y회관을 건립하였다. 또한 광주어머니회, 걸스카웃, 광주여성단체협의회 등을 육성 발전시켜 여성들의 계몽과 권익을 위해 선도적 역할을 하였다. 사회운동가 조아라 우리 사회의 가난과 부조리와 고충의 소리를 들을 줄 아는 귀를 가졌으며, 어려움에 처해 있는 사람을 볼 줄 아는 눈을 가졌고, 항상 가난한 자, 억압받는 자, 소외당한 자의 대변자로서 그들과 아픔을 함께 하였다. 호남여숙(야간중학), 성빈여사(육아사업), 계명여사(윤락여성선도 사업-직업보도사업), 별빛학원(야학반)등을 통해 불우한 이웃의 참된 친구가 되고, 시대적 사명을 감당해 온 사회 복지사업의 선구자이다. 신앙인 조아라 선생은 이 고장 초대 교인이었던 조형률 장로의 자녀로서 수피아 여학교를 거쳐 이일학교의 교사를 역임하던 중 백청단 은지환 사건에 연루되어 옥고를 치루면서도 굳건한 신앙으로 민족의 독립을 위해 투신하였다. 또한 이 지역 최초의 여성 장로로서 NCC운동과 교회일치운동에 크게 기여하였다. 기독교여성의 한사람으로서 ""어떻게 하면 조금이라도 예수님을 닮을까?"" 하는 신앙인의 자세로 한평생을 살아 왔다. 그의 실천적인 기독교 신앙의 힘은 이 땅의 교회들이 가진자의 교회가 되어서는 안되며, 억압받는 자의 편에서 거룩한 예수님의 사랑이 이 땅에 임하도록 해야 한다는 것을 역설하였다. 민주화운동가 조아라 암울한 조국의 일제식민통치하에서 독립과 주권회복을 위해, 독재권력 하에 #역사 #근대문화 #전시 #참여형 #야간 #야경",1.0.0,import,0.6,"[{""source"": ""gwangju_tour"", ""source_url"": ""https://tour.gwangju.go.kr/home/tour/info/history.cs?act=view&infoId=1449"", ""note"": ""규칙 기반 라벨 초안. 사람 교차검수 필요""}]",
gwangju_tour,history.cs:137,#역사|#문화유산|#주차가능,0.0,1.0,0.0,0.0,0.0,0.0,0.0,0.0,"약사암 약사암은 증심사의 부속 암자로 새인봉 아래쪽에 자리잡고 있다. 신라시대에 도윤(道允)이 847년(문성왕 9) 당나라에서 귀국한 뒤 창건하였다고 전하는데 당시에는 인왕사(人王寺)라고 했다가, 고려 예종(1105~1122) 때 국사 혜조(慧照)가 중창하면서 절 이름을 약사암으로 바꾸었다. 조선시대인 1856년(철종 7) 3월에 성암(性庵)이 약사전을 중수하였고, 1905년 9월에 선주(善周)가 관청의 도움과 시주로 중건했다. 이후 1970년대부터 주지 석담(石潭)이 법당과 요사채 등을 중건·중수하여 오늘에 이르고 있다. * 약사사의 볼거리와 문화재 * 약사암에 보존되어 있는 유물로 석조여래좌상(보물)과 3층석탑이 있다. 이 두 가지의 유물이 9세기 전반의 작품으로 추정되어 이 절의 역사를 뒷받침해 주고 있다. 현재 약사암에는 대웅전, 운림당, 운림서원, 강원, 일주문 등이 있으나, 모두 1970년 대 후반부터 1980년대 중반의 건물이다. 대웅전에는 독성탱화·칠성탱화·산신탱화·신중탱화 등의 불화가 있는데 독성탱화는 1912년에 그린 것이며 칠성탱화와 산신탱화도 이와 비슷한 시기의 작품으로 추정된다. 신중탱화는 근래의 것이다. [문화재정보] - 지정종목 : 광주광역시 문화재자료 - 지정연도 : 1984년 2월 17일 - 시대 : 신라 - 종류 : 사찰 #역사 #문화유산 #주차가능",1.0.0,import,0.47,"[{""source"": ""gwangju_tour"", ""source_url"": ""https://tour.gwangju.go.kr/home/tour/info/history.cs?act=view&infoId=137"", ""note"": ""규칙 기반 라벨 초안. 사람 교차검수 필요""}]",
gwangju_tour,history.cs:1254,#자연|#역사|#문화유산,0.5,1.0,0.0,0.0,0.0,0.0,0.0,0.0,"양림동 선교사 묘지 광주지역 선교사를 기리는 묘역인 양림동 선교사 묘지는 광주에 최초로 기독교를 전파하고 개화의 새 물결과 일제 치하에서 구국 운동의 계기를 마련했던 23인의 선교사가 묻혀 있는 곳이다. 광주광역시 양림동은 전라남도 최초의 선교사로 광주에서 활동하던 배유지 목사와 클레멘트 오웬의 주된 선교지였다. 배유지 목사는 선교활동의 일환으로 수피아여학교를 설립하였고, 글레멘크 오웬은 간호사인 부인과 함께 선교 및 의료봉사 활동에 헌신하였다. 현재 광주광역시에는 배유지 목사를 기념하기 위한 선교기념비와 클레멘트 오웬과 그의 할아버지를 기념하기위해 건립한 오웬 기념각 등의 문화재가 있다. * 선교기념비와 오웬기념각 * 양림동 선교기념비는 미국 남장로교 선교사 배유지 목사가 광주에서는 처음 예배드린 곳을 기념하기 설립한 비이다. 1982년 12월 6일 대한예수교 장로회 전남노회가 세운 것으로 자연석 화강암제에 음각으로 되어 있다. 오웬기념각은 광주기독병원 간호전문대학 안에 있으며 현재 강당으로 사용되고 있다. 배유지(E.Bell) 목사와 함께 전라남도 최초의 선교사로 광주에서 활동하던 선교사 클레멘트 C. 오웬(Clement C.Owen:1867∼1909. 한국명 오원 또는 오기원)과 그의 할아버지 윌리엄(William)을 기념하기 위하여 1914년에 건립한 건물이다. #자연 #역사 #문화유산",1.0.0,import,0.5,"[{""source"": ""gwangju_tour"", ""source_url"": ""https://tour.gwangju.go.kr/home/tour/info/history.cs?act=view&infoId=1254"", ""note"": ""규칙 기반 라벨 초안. 사람 교차검수 필요""}]",
gwangju_tour,history.cs:180,#역사|#전통|#휠체어,0.0,1.0,0.0,0.0,0.0,0.0,0.0,0.0,"오웬기념각 기독간호대학교 내에 있는 오웬기념각은 배유지 목사와 함께 전남 최초의 선교사로 들어와 광주에서 순교한 오웬선교사를 기념하기 위하여 미국 친지들이 보낸 기금 4,200 달러로 1914년에 세워진 연면적 434평방미터(부속건물 포함)인 양옥건물이다. 이 건물은 평면 형태로 보아 예배당 및 집회실로 사용되었으리라 짐작되나, 지금은 기독간호대학교의 강당으로 사용되고 있다.오웬은 1900년대에 광주에 들어온 양림동의 서양촌 외국인 중 1명으로서 간호사인 부인과 함께 선교 및 의료봉사 활동에 헌신하다가 과로로 1909년에 죽었다. 오웬은 생전에 그의 할아버지 기념병원을 지으려다 선교 활동이 급하다고 판단하여 먼저 할아버지 기념각을 지을 계획을 수립 하였으나, 그 계획이 추진되기 전에 사망하였다. 기념관 현판에 할아버지의 이름이 새겨진 것도 이 때문이다. * 건물 구조 및 건축양식 * 회색 벽돌의 2층 건물로서 평면 형태는 정방형이나 대각선상의 모서리에 위치한 설교단을 중심으로 좌우대칭 형태이다. 주 출입구는 북쪽과 서쪽에 똑같은 모양으로 있으며 동쪽과 남쪽에는 모서리에 조그마한 문으로 된 부출입구가 있다. 1층 바닥은 모서리의 설교단을 향하여 약 0.9/10의 경사가 져 있으며, 2층의 노대(balcony) 역시 설교단을 향해 1.2/10 경사져 있다. 벽은 길이 225mm, 나비 110mm, 두께 55mm의 회색벽돌을 사용하여 네델란드식 쌓기를 하였다.벽의 두께는 49cm로 공간쌓기를 하였으며 지면과 면하는 고막이 부분은 장대석의 화강석으로 축조하였다.1층과 2층 사이에는 벽돌의 허리 돌림띠를 두었으며 2B 두께의 붙임기둥을 설치하였다. 개구부에는 창, 문 모두 동일한 형태의 결원아치를 사용하였으며 하인방의 창대돌은 화강석으로 되어 있다. 또 정면의 작은 광창에는 창대 돌을 마구리 내쌓기한 벽돌이 지지하고 있다. 양쪽의 현관부분은 아치벽돌을 사용한 반원 아치로 key stone은 화강석으로 되어 있으며 porch의 천장은 나무널로 마무리되어 있다. 그리고 석조로 된 아 #역사 #전통 #휠체어",1.0.0,import,0.45,"[{""source"": ""gwangju_tour"", ""source_url"": ""https://tour.gwangju.go.kr/home/tour/info/history.cs?act=view&infoId=180"", ""note"": ""규칙 기반 라벨 초안. 사람 교차검수 필요""}]",
gwangju_tour,history.cs:95,#숲|#역사|#전통|#예술|#교육,0.5,1.0,0.75,0.0,0.5,0.0,0.0,0.0,"오지호생가 이 곳은 서양화의 대가 오지호가 조선대학교 미술대학 교수로 근무 중이던 1954년부터 1982년 타계할 때까지 살던 집이다. 원래는 100여 년 전의 건축물이었으나 퇴락하자 1986년에 전면적인 보수작업을 했다. 오지호(1905∼1982)는 인상주의의 회화 양식을 받아들여 토착화시킨 화가이다. 화순 동복 출신이며 휘문고보(徽文高普)에서 우리나라 최초의 도일유학(渡日遊學) 유화가인 고의동(高義東)과 함께 있었으며 동경 미술학교에 유학했다. 1948년 광주에 내려와 정착하였고,「광주미술연구회」를 조직하는 한편 조선대학교 미술과 교수를 역임했다. 또「전남도전」의 창립과 더불어 지방 미술의 발전을 주도하며 서구상회화 우위의 개념과 이론으로 광주권 화단의 유화 화풍을 고착시켰고 만년에는 교과서에서 한자를 병용하여 과학적 두뇌를 개발할 것을 강조하는 한자 교육 부활 운동에 앞장서기도 했다. 국전 초대 작가, 심사 위원, 운영 위원을 역임하였고, 예술원 회원을 역임하였다. 1977년 에는 대한민국예술원상을 수상하였으며, 1973년, 국민훈장 모란장(牧丹章)을 받았다. 오지호 가옥의 대문을 들어서면 화실로 사용되었던 채광창이 있는 문간채가 있다. 안채는 초가집인데 정면 4칸, 측면 1칸의 전후퇴집으로 우진각 지붕이다. 평면은 1칸 반의 부엌과 1칸씩의 방3개로 되어 있고, 배면에는 툇마루와 골방이 있다. 부엌에는 살창과 찬장을 복원했으며 판장으로 된 문은 옛날 것을 그대로 달았다. 부연은 대나무로 엮었고, 연목(椽木)은 가늘고 끝을 훑었다. 기단은 막돌허튼층 쌓기의 외벌대 기단 위에 덤벙주초를 놓고 전면과 측면에는 네모기 둥, 뒷면에는 두리기둥을 세웠다. 현재의 기둥은 모서리 기둥만을 남기고 원래의 크기 대로 복원되어 있으며, 문은 외짝의 띠살문이다. 앞마루도 우물 마루를 살리기 위해 부분적으로 보수하였다. 방형기둥 위에는 우미량과 납도리를 결구하였고, 가구는 고주( 高柱)위에 대량을 걸친 뒤 동자주, 종량, 종도리를 차례로 올려놓은 일반적인 구조방식을 적용하고 있다. 화실 #숲 #역사 #전통 #예술 #교육",1.0.0,import,0.53,"[{""source"": ""gwangju_tour"", ""source_url"": ""https://tour.gwangju.go.kr/home/tour/info/history.cs?act=view&infoId=95"", ""note"": ""규칙 기반 라벨 초안. 사람 교차검수 필요""}]",
gwangju_tour,history.cs:97,#정원|#역사|#근대문화|#공연|#시장|#가족체험|#공원|#축제|#야경|#아이동반,0.5,1.0,0.5,0.5,0.5,0.0,0.5,0.75,"우일선 선교사사택 우일선 선교사 사택은 양림산 기슭에 동향으로 세워진 2층 벽돌 건물로 광주에 현존하는 양식 주택으로는 가장 오래된 건물이다. 미국인 선교사 우일선(Wilson)에 의해 1920년대에 지어졌다고 전해올 뿐 정확한 건립 연대는 알 수 없다. 현재 내부를 개조하여 대한예수교 장로회 사무실로 사용하고 있으며, 한국 근대 건축의 흐름을 이해하는 데 도움이 되는 귀중한 자료이다. 평면 정사각형으로 1층은 거실, 가족실, 부엌, 욕실 등이 있고, 2층은 사생활공간으로 침실을 두었다. 지하층은 창고와 보일러실이다. 동향인 점은 한국의 전통적인 방위관을 받아들인 것이라 해석된다. 크기는 정면 10.6m이다. 구조는 벽이 두께 55mm의 회색벽돌로 네델란드식으로 쌓아져 있고 내부는 회반죽으로 마감했으며, 고막이부분은 화강석을 쌓아 처리했다. 개구부는 모두 반원형의 아치로 만들었다. 창문 외부는 열개창, 내부는 오르내리창의 이중창으로 되어 있다. 1층과 2층을 구별하기 위하여 벽돌로 돌림띠를 두어 외벽에 변화를 주었다. 우일선 의사는 제중원 원장을 역임하였다. 1905년 유진벨 선교사의 임시사택에 설립된 제중원은 현재의 광주기독병원으로 100년 넘은 역사를 보유하고 있다. 우일선 선교사는 당시 천벌로 여겨지던 한센병 환자들을 친가족처럼 보살피며 자활의 기반을 마련하여 주었다. 환자들이 전국에서 몰려오자 여수 율촌면에 애양원을 개척하여 평생을 의료사역에 바쳤다. 우일선 선교사 사택 앞에는 100년 정도 된 흑호도나무와 은단풍나무, 그리고 이 지역에서 자생하던 호랑가시나무가 잘 어우러져 있다. 가끔씩 정원에서 음악회가 열리곤 하는데 야경과 함께 낭만적인 분위기를 연출한다. 우일선 선교사 사택 앞에 100m 정도의 돌담길이 있는데 월례행사로 '열정의 백미'라는 벼룩시장이 열려 색다른 재미를 선사하고 있다. #정원 #역사 #근대문화 #공연 #시장 #가족체험 #공원 #축제 #야경 #아이동반",1.0.0,import,0.6,"[{""source"": ""gwangju_tour"", ""source_url"": ""https://tour.gwangju.go.kr/home/tour/info/history.cs?act=view&infoId=97"", ""note"": ""규칙 기반 라벨 초안. 사람 교차검수 필요""}]",
gwangju_tour,culture.cs:85,#자연|#무등산|#문화유산|#전통|#예술|#전시|#전통음식|#체험|#교육|#공원,0.75,1.0,1.0,0.5,1.0,0.0,0.5,0.75,"광주전통문화관 전통문화관은 남도의 자랑스러운 전통문화를 보존, 전수하는 법고창신法古創新의 공간이자 함께 만들고 배우는 창작공방(創作工房) 이다. 무등산 국립공원 초입에 위치한 전통문화관은 2012년 전통한옥 무송원撫松院을 이설, 복원해 조성하고, 무형문화재 작품전시관과 전수실 및 서석당, 입석당, 너덜마당 등의 문화공간이 있다. 시민 누구나 즐길 수 있는 주말상설공연(토요상설공연, 무등풍류뎐), 무형문화재 대시민 교육인 전통문화예술강좌, 내외국인 관광객 및 청소년을 위한 전통문화예술체험, 공예 및 전통음식 체험 등의 친환경적 프로그램, 그리고 무등산 문화자원을 기반으로 한 특별기획프로그램과 무등산권 활성화를 위한 10월의 무등울림 축제를 진행하고 있다. 아름답고 넉넉한 무등의 품속에서 우리의 옛것을 보고 배우며 즐길 수 있는 전통문화관이다. 무등산권 유네스코 세계지질공원과도 연계 관광이 가능하다. #자연 #무등산 #문화유산 #전통 #예술 #전시 #전통음식 #체험 #교육 #공원",1.0.0,import,0.6,"[{""source"": ""gwangju_tour"", ""source_url"": ""https://tour.gwangju.go.kr/home/tour/info/culture.cs?act=view&infoId=85"", ""note"": ""규칙 기반 라벨 초안. 사람 교차검수 필요""}]",
gwangju_tour,culture.cs:1252,#무등산|#바다|#역사|#박물관|#예술|#전시|#실내|#비오는날,0.75,0.75,0.75,0.0,0.0,0.0,0.0,0.0,"금곡동 제철유적 금곡동 제철유적은 임진왜란 때 의병장으로 활약한 김덕령(金德齡)과 관련된 무기 제조창이 있던 자리이다. 이 유적은 무등산 정상에서 서북쪽으로 뻗은 능선이 비교적 완만한 경사지의 평탄면에 자리하고 있다. 주검동이라 불리던 이곳은 국립광주박물관에서 1992년 3월~4월까지 발굴 조사를 실시하였다. 상하 2단의 석축을 쌓고 제철 쓰레기를 처리하기 위하여 급경사면을 조성한 후 제철에서 정련, 단조에 이르기까지 철기 생산에 필요한 기본공정과 시설을 배치하였다. 제철로는 절두원추형으로 작은 판석과 할석을 이용하여 대략 장방형의 구역을 만든 후 그 내부를 점토 등을 다졌을 뿐 방습시설은 확인되지 않았다. 정련로는 제철로에서 생산된 철괴를 재가열하여 불순물을 제거하는 곳으로, 제철로의 북쪽 3.5m에 있다. 또한 판석과 할석을 혼용한 형태인데 중심부 바닥의 판석은 심한 열에 의하여 균열되어 있다.제철로의 동쪽 8m에는 단조 철기가 제조되었던 단조로와 단조대석이 있다. 단조로는 많이 파손되어 변형되었으며 타원형내지 장방형으로 주변은 괴석과 판석이 부정형으로 돌려져 있다. 단조대석은 단조로의 서측 경사면에 있으며, 불순물이 제거된 철괴로 단조 철기를 만들던 시설이다. 대석의 서측에 소형 괴석들을 호형으로 돌려 단조 박편들이 주변으로 흩어지는 것을 막아주고 있다.그리고 제철로와 정련로에서 생산된 철괴의 불순물 제거에 이용되었던 대형 대석이 확인되었다. 각로의 송풍 시설은 손으로 하는 상자형을 사용하는 것 같다. 제철의 원료는 철재의 성격으로 보아, 하천 사질층에 퇴적된 사철을 정선하지 않고 사용한 것 같다. * 유적지에서 발굴된 유물 * 금곡동 제철유적지에서 출토된 유물은 철재, 단조 박편, 철촉, 철촉반제품, 추형 철기 등 제철 유물과 분청자, 질그릇 등이 있다. 특히 철촉 반제품으로 보아 김덕령 장군의 활동과 관련하여 주검 동 지명이 철제무기를 제작하였음을 뒷받침하고 있다. 이 유적은 김덕령장군의 활동 시기와 분청자 등의 출토 유물로 보아 15~16세기에 사용되었을 것으로 추 #무등산 #바다 #역사 #박물관 #예술 #전시 #실내 #비오는날",1.0.0,import,0.5,"[{""source"": ""gwangju_tour"", ""source_url"": ""https://tour.gwangju.go.kr/home/tour/info/culture.cs?act=view&infoId=1252"", ""note"": ""규칙 기반 라벨 초안. 사람 교차검수 필요""}]",
gwangju_tour,culture.cs:1454,#역사|#예술|#전시|#느린여행|#실내|#비오는날,0.0,0.75,1.0,0.0,0.0,0.0,0.75,0.0,"나눔하우스 2호점 ‘마을미술관’ 카자흐스탄 출신 고려인 3세 문 빅토르 화백의 작품을 만나볼 수 있는 공간으로, 대표작인 「1937 고려인 강제이주열차」, 「인물화 : 홍범도 장군」을 포함하여 고려인의 역사와 존엄을 담은 작품들이 상설 전시 중이다. 1937년 고려인 강제이주와 디아스포라의 역사를 주제로 한 사실주의 회화, 인물 중심의 서사적 구성과 강한 윤곽선, 절제된 색채 사용이 특징이다. #역사 #예술 #전시 #느린여행 #실내 #비오는날",1.0.0,import,0.53,"[{""source"": ""gwangju_tour"", ""source_url"": ""https://tour.gwangju.go.kr/home/tour/info/culture.cs?act=view&infoId=1454"", ""note"": ""규칙 기반 라벨 초안. 사람 교차검수 필요""}]",
gwangju_tour,culture.cs:1452,#예술|#가족체험|#공원|#실내|#비오는날|#아이동반,0.0,0.0,0.75,0.0,0.75,0.0,0.75,0.0,"다모아어린이공원 ‘홍범도 장군 흉상’ 고려인들의 정신적 지주인 홍범도 장군의 희생정신과 뜻을 기리기 위한 추모 공간을 마련하기 위해 다모아어린이공원 내 건립된 흉상이다. 2022년 8월 15일, 홍범도 장군 유해 봉환 1주년을 맞이하여 추진한 흉상 제막식을 기점으로 국내외 방문객과 참배객들의 발길이 꾸준히 이어지고 있으며, 2023년 5월 국가보훈처 현충시설로 지정되었다. #예술 #가족체험 #공원 #실내 #비오는날 #아이동반",1.0.0,import,0.42,"[{""source"": ""gwangju_tour"", ""source_url"": ""https://tour.gwangju.go.kr/home/tour/info/culture.cs?act=view&infoId=1452"", ""note"": ""규칙 기반 라벨 초안. 사람 교차검수 필요""}]",
gwangju_tour,culture.cs:1085,#자연|#무등산|#예술|#전시|#카페|#교육|#가족체험|#힐링|#공원|#축제,1.0,0.0,1.0,0.5,0.75,0.0,0.75,0.5,"드영미술관 무등산 국립공원 초입에 자리한 드영 미술관(De Young Museum)은 대중과 함께하는 미술관이라는 슬로건 아래 시민과 예술가들이 함께 소통하며 예술을 향유 할 수 있는 창조공간으로 발돋움해 나가고자 설립되었습니다. 드영미술관(De Young Art Museum)은 “영원한 젊음”을 모토로 2018년 5월 1일(광주광역시 1종) 등록 미술관으로 개관하였습니다. 복합미술공간인 드영미술관에서는 전시공간과 교육실을 활용한 기획전시, 특별전시, 상설전시, 성인강좌, 어린이 뮤지엄교육, 심포지엄, 워크샵 등의 전시 및 교육행사들을 다채롭고 지속적으로 추진하고 있습니다. 미술관 내부는 전시, 교육, 학술연구, 작품 보존 기능을 부각할 수 있는 독립적인 공간으로, 카페테리아는 크고 작은 창을 통해 무등산의 조망이 한눈에 보이는 아름다운 휴식공간으로 조성되어 있습니다. 드영미술관을 찾는 많은 분들에게 자연환경 안에서의 소소한 휴식을 선물하는 공간으로 자리 매김하고자 합니다. #자연 #무등산 #예술 #전시 #카페 #교육 #가족체험 #힐링 #공원 #축제",1.0.0,import,0.6,"[{""source"": ""gwangju_tour"", ""source_url"": ""https://tour.gwangju.go.kr/home/tour/info/culture.cs?act=view&infoId=1085"", ""note"": ""규칙 기반 라벨 초안. 사람 교차검수 필요""}]",
gwangju_tour,culture.cs:649,#근대문화|#예술|#야경|#실내|#비오는날,0.0,0.5,0.75,0.0,0.0,0.0,0.0,0.5,"만취정 이 정자는 한말의 우국지사인 심원표(1853~1939)가 1913년에 지어 후학을 가르쳤던 곳이다. 정자는 정면 3칸, 측면 1칸에 전후퇴가 있고, 가운데에 온돌방을 배치한 평면에 지붕은 팔작지붕이다. 심원표는 이곳 동호동에서 태어났으며, 만취는 그의 호이다. 젊어서는 기정진, 중년에는 송병준에게 공부하였으며, 기우만, 오준선 등과 교류하였다. 그는 나라가 기울어져 가는 상황에서도 마음을 굳게 지키며, 의병들을 돕다가 일제에 곤욕을 치르기도 하였다. 만취가 ‘추운 겨울에도 푸른빛을 잃지 않는 소나무의 높은 절개를 이르는 말’이라고 기우만은 설명하고 있다. 여기에서 만취를 호로 삼은 심원표의 기개를 엿볼 수 있다. #근대문화 #예술 #야경 #실내 #비오는날",1.0.0,import,0.42,"[{""source"": ""gwangju_tour"", ""source_url"": ""https://tour.gwangju.go.kr/home/tour/info/culture.cs?act=view&infoId=649"", ""note"": ""규칙 기반 라벨 초안. 사람 교차검수 필요""}]",
gwangju_tour,food.cs:1429,#로컬푸드|#실내|#비오는날|#주차가능|#휠체어,0.0,0.0,0.0,0.75,0.0,0.0,0.0,0.0,광주옥1947 직접 만든 순수 메밀면을 사용하고 취향에 따라 메밀의 함량을 고를 수 있습니다. 평양냉면의 특유의 담백하고 감미로운 맛을 제공합니다 #로컬푸드 #실내 #비오는날 #주차가능 #휠체어,1.0.0,import,0.38,"[{""source"": ""gwangju_tour"", ""source_url"": ""https://tour.gwangju.go.kr/home/tour/info/food.cs?act=view&infoId=1429"", ""note"": ""규칙 기반 라벨 초안. 사람 교차검수 필요""}]",
gwangju_tour,food.cs:1206,#로컬푸드|#실내|#비오는날,0.0,0.0,0.0,0.75,0.0,0.0,0.0,0.0,광후장어 100여개 양식장에서 기른 싱싱한 장어를 공급받아 직접 손질해 장어구이와 장어탕을 제공합니다. #로컬푸드 #실내 #비오는날,1.0.0,import,0.38,"[{""source"": ""gwangju_tour"", ""source_url"": ""https://tour.gwangju.go.kr/home/tour/info/food.cs?act=view&infoId=1206"", ""note"": ""규칙 기반 라벨 초안. 사람 교차검수 필요""}]",
gwangju_tour,food.cs:1184,#로컬푸드|#전통음식|#실내|#비오는날,0.0,0.0,0.0,0.75,0.0,0.0,0.0,0.0,"국현옥궁중팥죽 “국현옥궁중팥죽”은 팥, 콩, 단호박은 물론이고 고춧가루, 쌀, 밀 등 모든 식 재료를 국내산만을 고집하고 있으며, 맛을 찾아 가미를 더해가는 특별한 비법은 없으나, 그날 그날 원 재료에 정성을 다해 음식을 내 놓는다는 일념으로, 운암동에서 23년째 자리를 지키고 있다. 팥 본연의 맛만으로 달콤하고 구수한 팥물과, 단호박을 약 3시간 동안 푹 고아낸 호박물에, 알알이 손으로 빚은 찹쌀 새알심을 더한 동지죽과 호박죽을, 잡젓으로 깊은 맛을 낸 생김치와 재래갓으로 담근 갓물김치를 함께 드셔보시기를 강추한다. 더불어, 팥죽, 바지락칼제비, 들깨칼제비. 그리고 여름에 검정콩물국수 역시 많은 분들의 찬사를 받고 있다. #로컬푸드 #전통음식 #실내 #비오는날",1.0.0,import,0.4,"[{""source"": ""gwangju_tour"", ""source_url"": ""https://tour.gwangju.go.kr/home/tour/info/food.cs?act=view&infoId=1184"", ""note"": ""규칙 기반 라벨 초안. 사람 교차검수 필요""}]",
gwangju_tour,food.cs:1303,#로컬푸드|#맛집|#가족체험|#실내|#비오는날|#아이동반|#주차가능,0.0,0.0,0.0,1.0,0.5,0.0,0.0,0.0,"금강식육식당 광주에 위치한 한우전문점이다. 특히 직접 한우농장을 운영하여, 보다 좋은 품질의 한우를 소비자들에게 제공하고 있으며, 넓은 인테리어와 분위기 있는 실내로 가족, 회식, 단체모임을 할 수 있는 곳이다. #로컬푸드 #맛집 #가족체험 #실내 #비오는날 #아이동반 #주차가능",1.0.0,import,0.42,"[{""source"": ""gwangju_tour"", ""source_url"": ""https://tour.gwangju.go.kr/home/tour/info/food.cs?act=view&infoId=1303"", ""note"": ""규칙 기반 라벨 초안. 사람 교차검수 필요""}]",
gwangju_tour,food.cs:1307,#전통|#로컬푸드|#맛집|#실내|#비오는날|#주차가능,0.0,0.5,0.0,1.0,0.0,0.0,0.0,0.0,"금다연한정식 [안심식당 인증 음식점] 광주광역시 서구 상무지구 중심가에 위치하고 있는 금다연 한정식은 우리나라를 방문한 외국관광객에게 한국의 전통음식의 멋과 맛을 선보이고 더 나아가 과학적이고 미적감각이 풍부한 우리의 음식문화를 널리 홍보하여 국위를 선양하고자 한다. 또한 감칠맛나고 깔끔한요리, 최고의 서비스, 전통한실의 훌륭한 분위기는 금다연의 자랑이다. 특히 주방장님의 경우 30년 조리경력에서 나오는 요리는 환상적인 맛을 내며, 예약고객의 경우 고객층의 입맛에 맞추어 전통과 퓨전을 병행하여 고객의 만족도를 더하고 있으며 돌잔치, 회갑연 등 각종 모임을 가질 수 있는 공간을 확보하고 있으며 대형 연회장도 별도로 준비되어 있다. #전통 #로컬푸드 #맛집 #실내 #비오는날 #주차가능",1.0.0,import,0.5,"[{""source"": ""gwangju_tour"", ""source_url"": ""https://tour.gwangju.go.kr/home/tour/info/food.cs?act=view&infoId=1307"", ""note"": ""규칙 기반 라벨 초안. 사람 교차검수 필요""}]",
gwangju_tour,sports.cs:1453,#체험|#참여형|#스포츠|#느린여행|#축제,0.0,0.0,0.0,0.0,0.75,0.75,0.5,0.5,"나눔하우스 1호점 ‘주민관광청’ 마을 탐방 종합 안내 플랫폼. 고려인마을을 안내하고 주요 행사나 프로그램을 홍보하는 곳이다. 또한, 주민 간 정보교류 및 소통 활성화를 위한 커뮤니티 공간으로 고려인마을 방문객 누구나 자유롭게 이용 가능하다. #체험 #참여형 #스포츠 #느린여행 #축제",1.0.0,import,0.47,"[{""source"": ""gwangju_tour"", ""source_url"": ""https://tour.gwangju.go.kr/home/tour/info/sports.cs?act=view&infoId=1453"", ""note"": ""규칙 기반 라벨 초안. 사람 교차검수 필요""}]",
gwangju_tour,sports.cs:1145,#무등산|#역사|#전통|#체험|#가족체험|#스포츠|#느린여행|#아이동반,0.75,0.75,0.0,0.0,0.75,0.75,0.75,0.0,"무등산 수박마을 광주 무등산 수박마을은 광주 북구 석곡동에 위치하고 있으며 금곡마을과 충효마을로 구성되어 있습니다. 마을주변은 광주호와 무등산 기슭의 절경이 빼어나 드라이브와 관광코스로 이용되고 있고, 또한 광주 도심에서 20Km 이내에 위치하고 있어 접근하기가 용이합니다. 마을에서는 포도따기, 옥수수따기 등 영농체험과 인근의 문화유적을 탐방하는 전통문화체험을 즐기는 농촌체험 프로그램인 팜스테이를 진행하며, 가족끼리 시골의 정을 쌓을뿐 아니라 자녀들이 협동심을 배울수 있는 기회와 시골의 정을 느낄수 있는 배움의 터로 자리잡고 있습니다. #무등산 #역사 #전통 #체험 #가족체험 #스포츠 #느린여행 #아이동반",1.0.0,import,0.55,"[{""source"": ""gwangju_tour"", ""source_url"": ""https://tour.gwangju.go.kr/home/tour/info/sports.cs?act=view&infoId=1145"", ""note"": ""규칙 기반 라벨 초안. 사람 교차검수 필요""}]",
gwangju_tour,sports.cs:1167,#자연|#정원|#박물관|#전시|#체험|#가족체험|#스포츠|#힐링|#공원|#야경,0.75,0.5,0.75,0.0,0.75,0.75,0.75,0.75,"빛고을농촌테마공원 빛고을농촌테마공원은 농업전시체험관, 화훼유리온실, 곤충박물관, 농업지원시설, 생태연못, 다랭이논, 도시텃밭, 야외 족욕장 등 다양한 시설을 무료로 체험할 수 있는 공원입니다. 광주도심 외각에 어린이 및 학생들을 위해 도시에서 접하기 어려운 체험활등을 제공하고 있습니다. 온실로 지어진 힐링가든에서는 여려종류의 선인장과 다양한 나무등이 전시되고 있으며, 야외 도시텃밭에서는 계절별로 피어나는 꽃들과 함께 아름다운 자연을 느낄 수 있는 곳입니다. #자연 #정원 #박물관 #전시 #체험 #가족체험 #스포츠 #힐링 #공원 #야경",1.0.0,import,0.6,"[{""source"": ""gwangju_tour"", ""source_url"": ""https://tour.gwangju.go.kr/home/tour/info/sports.cs?act=view&infoId=1167"", ""note"": ""규칙 기반 라벨 초안. 사람 교차검수 필요""}]",
gwangju_tour,sports.cs:1239,#자연|#박물관|#전시|#체험|#교육|#스포츠|#공원,0.5,0.5,0.5,0.0,0.75,0.75,0.75,0.0,"상무시민공원 에너지파크 상무시민공워네 개관한 ‘에너지파크는’ 미래 에너지의 중요성을 알리고에너지에 관한 시민 의식 강화를 위해 에너지 전시관과 에너지를 주제로하는 외부전시물로 조성한 에너지전시, 체험, 교육 공원입니다. 공원입구부터 에너지를 주제로한 해담마루라는 실내전시관을 운영하며,한국전력과 광주광역시가 함께 만든 에너지 체험공간으로 태양광, 풍력에너지, 수소연료전지 등 미래 신재생 에너지를 체험하며 자연스럽에 인공지능 스마트에너지를 접할 수 있는 에너지파크입니다. [출처: 광주광역시] #자연 #박물관 #전시 #체험 #교육 #스포츠 #공원",1.0.0,import,0.53,"[{""source"": ""gwangju_tour"", ""source_url"": ""https://tour.gwangju.go.kr/home/tour/info/sports.cs?act=view&infoId=1239"", ""note"": ""규칙 기반 라벨 초안. 사람 교차검수 필요""}]",
gwangju_tour,sports.cs:1275,#바다|#로컬푸드|#카페|#체험|#레저|#스포츠|#아이동반|#주차가능,0.5,0.0,0.0,0.75,1.0,0.75,0.0,0.0,"슈퍼몽테마파크(아틀란티스 광주점) '아틀란티스 광주점'은 약 1,900㎡ 규모의 초대형 프리미엄 키즈카페로 다양한 놀이와 체험, 맛있는 먹거리가 어우러진 새로운 복합 놀이공간이다. 신비의 도시 아틀란티스를 탐험하는 슈퍼몽의 이야기를 담은 아틀란티스 키즈카페는 바다 콘셉트의 특화된 디자인과 인테리어로 다양한 놀이시설에서 쉼 없이 뛰어놀 수 있는 공간을 제공한다. 매장 내에는 국내에서 정식으로 허가된 놀이기구만 설치하여 더욱 안전하다. 곳곳에 안전요원이 배치되어 사고를 미리 예방할 수 있는 환경이 마련되어 있다. - 체험프로그램:쥬라기F1레이싱 카트장, 정글 어드벤처, 슈퍼콩콩점핑, 야자수 트리, 절벽탈출 어드벤쳐, 모션 슈팅 볼풀존, 화산탈출 어드벤처, 낚시 놀이터. - 주요시설:정글짐 외 #바다 #로컬푸드 #카페 #체험 #레저 #스포츠 #아이동반 #주차가능",1.0.0,import,0.55,"[{""source"": ""gwangju_tour"", ""source_url"": ""https://tour.gwangju.go.kr/home/tour/info/sports.cs?act=view&infoId=1275"", ""note"": ""규칙 기반 라벨 초안. 사람 교차검수 필요""}]",
gwangju_tour,sports.cs:1130,#숲|#체험|#교육|#스포츠|#아이동반,0.5,0.0,0.0,0.0,1.0,0.75,0.0,0.0,"시청 어린이 안전체험관 광주광역시청 내 시민숲에 위치한 안전체험관은 화재, 교통, 지진, 심폐 등 다양한 실전 체험을 통해 재난대처 방법과 안전의 중요함을 배우는 실질적인 안전체험교육센터입니다. #숲 #체험 #교육 #스포츠 #아이동반",1.0.0,import,0.47,"[{""source"": ""gwangju_tour"", ""source_url"": ""https://tour.gwangju.go.kr/home/tour/info/sports.cs?act=view&infoId=1130"", ""note"": ""규칙 기반 라벨 초안. 사람 교차검수 필요""}]",
gwangju_tour,park/003.cs:35,#정원|#바다|#공연|#가족체험|#레저|#스포츠|#산책|#공원|#야간|#야경,1.0,0.0,0.75,0.0,0.75,0.5,1.0,1.0,"수완호수공원 수완지구를 가로지르는 풍영정천 바로 옆, 인공 호수를 중심으로 조성한 도심 속 공원이다. 공원 내 어린이 놀이터, 체육시서설, 쉼터 등 다양한 시설을 갖추고 있다. 공원 입구부터 나무 데크가 호수 바로 옆으로 이어지고, 산책로가 여러 갈래로 나뉜다. 길의 폭이 넓어 반려동물과 함께 산책하기에도 좋은 장소다. 야외 공연장에서는 계절마다 다양한 문화 공연이 펼쳐진다. 특히, 음악 분수와 LED 조명이 낭만적 분위기를 더하는 광장은 야간 데이트 장소로도 인기다. [출처: 광주 관광 트래블 컬렉션] #정원 #바다 #공연 #가족체험 #레저 #스포츠 #산책 #공원 #야간 #야경",1.0.0,import,0.6,"[{""source"": ""gwangju_tour"", ""source_url"": ""https://tour.gwangju.go.kr/home/tour/info/park/003.cs?act=view&infoId=35"", ""note"": ""규칙 기반 라벨 초안. 사람 교차검수 필요""}]",
gwangju_tour,park/003.cs:266,#숲|#정원|#공원|#주차가능|#휠체어|#반려동물,0.75,0.0,0.0,0.0,0.0,0.0,1.0,0.0,쌍암공원 호남권 제일의 호수공원으로 불리는 쌍암공원은 호수 한가운데에 푸른 소나무 숲과 철쭉 숲의 섬이 떠 있고 하늘을 향해 물보라를 뿜어내는 분수는 상쾌함과 시원함을 더해준다. #숲 #정원 #공원 #주차가능 #휠체어 #반려동물,1.0.0,import,0.47,"[{""source"": ""gwangju_tour"", ""source_url"": ""https://tour.gwangju.go.kr/home/tour/info/park/003.cs?act=view&infoId=266"", ""note"": ""규칙 기반 라벨 초안. 사람 교차검수 필요""}]",
gwangju_tour,park/003.cs:267,#정원|#바다|#산책|#공원,1.0,0.0,0.0,0.0,0.0,0.0,1.0,0.0,"양산호수공원 양산저수지는 북구 양산동 본촌 근린공원 내 약 60,000㎡의 면적을 가진 저수지로 양산동 일대의 농경지에 필요한 농업용수 확보용으로 개발되었다. 공단 및 택지개발로 유역면적이 상실되어 농업용수 공급원 으로써의 기능이 상실돼 수질오염에 의한 악취발생 및 모기서식 등 혐오시설로 인식되어 왔다. 시는 양산저수지 수질을 개선하고, 주변을 정비해 공원화 했다. 산책로와 부교를 설치해 저수지 주변을 순환 할 수 있는 탐방로를 조성하고, 탐방로 주변에 주민들이 쉴 수 있는 정자, 파고라, 등의자 등 편익시설과 운동시설도 설치됐다. #정원 #바다 #산책 #공원",1.0.0,import,0.47,"[{""source"": ""gwangju_tour"", ""source_url"": ""https://tour.gwangju.go.kr/home/tour/info/park/003.cs?act=view&infoId=267"", ""note"": ""규칙 기반 라벨 초안. 사람 교차검수 필요""}]",
gwangju_tour,park/003.cs:1081,#정원|#전망|#근대문화|#공원|#느린여행,0.75,0.5,0.0,0.0,0.0,0.0,1.0,0.0,"전평제 근린공원 1943년에 축조해 농업용수로 사용하다 한동안 방치된 저수지가 1999년 공원으로 거듭났다. 저수지 한가운데 자리한 인공서섬은 목교와 연결돼 운치 있는 풍경을 자아낸다. 특히 여름에는 연꽃과 백일홍이 흐드러지게 피어 장관을 연출한다. 개금산과 백마산에 자리한 이 동네의 원래 이름은 개산마을이었다. 임진왜란 때 의병장을 만들어 싸운 회재 박광옥의 혼이 서린 곳이기도 하다. 당시 박광옥을 비롯한 주민들은 농사를 짓기 위해 물을 끌어들여 직접 개산방죽이라는 저수지를 만들고, 1943년 일제강점기에 개축되면서 전평제로 이름이 바뀌었다. [출처: 광주 관광 트래블 컬렉션] #정원 #전망 #근대문화 #공원 #느린여행",1.0.0,import,0.53,"[{""source"": ""gwangju_tour"", ""source_url"": ""https://tour.gwangju.go.kr/home/tour/info/park/003.cs?act=view&infoId=1081"", ""note"": ""규칙 기반 라벨 초안. 사람 교차검수 필요""}]",
gwangju_tour,park/003.cs:277,#자연|#숲|#예술|#공연|#체험|#자전거|#산책|#공원|#축제,1.0,0.0,0.75,0.0,0.5,0.5,1.0,0.75,"푸른길공원 도심을 띠처럼 두르고 있어 광주의 허파 역할을 하고 있는 푸른 길은 생태의 공간일 뿐만 아니라, 문화 · 예술이 공존하는 곳이다. 푸른 길에서는 나무와 꽃, 풀들이 품어내는 자연의 향기와 공연을 할 수 있는 소규모의 광장이나 쌈지 공원으로 인한 문화 · 예술의 향기를 함께 느낄 수 있다. 느티나무, 때죽나무, 자귀나무, 단풍, 동백 등의 수목들과 맥문동, 벌개미취, 원추리 등의 야생화들로 가득 차있어 사람과 새, 벌, 나비들을 불러들이는 생명의 공간인 푸른 길을 걷다 보면 부분만 남아 산책로의 일부가 되어버린 철길을 볼 수 있다. 그것은 푸른 길이 폐선부지에 조성되었다는 것을 말해준다. 2000년 철도청은 도심 통과로 소음 발생, 교통체증 유발, 도시발전 저해 등 많은 부작용을 안고 있던 경전선 10.8킬로미터 구간을 도시 외곽으로 이설했다. 광주 시민들의 오랜 숙원 사업이었던 도심 철도가 이설하자, 폐선부지만큼의 공간이 생겼다. 나무와 꽃이 우거진 푸른 길, 지인들과 한가롭게 산책할 수 있는 곳, 도심을 자전거로 마음껏 누비고 다닐 수 있는 곳, 작은 음악회가 열리는 광장이 있는 곳, 지친 다리를 잠시 쉬어갈 벤치가 있는 곳 등 폐선부지가 녹지로 조성되었을 때의 청사진을 가슴에 품은 시민들은 서명운동, 철길 걷기, 대보름 행사, 철도에서 죽은 영령들의 영결식, 폐선부지 활용 방안에 대한 토론회 등 환경단체에서 벌인 행사에 적극 참여하여 폐선부지에 푸른 길을 조성하도록 유도해 냈다. 푸른 길을 시민 스스로가 가꾸자는 의미의 100만 그루 헌수 운동을 펼쳤다. 이는 시민들의 주도로 시작된 푸른 길을 시민들이 직접 만들고, 가꾸는 가장 이상적인 사례를 만들어 낸 것이다. 푸른 길에 있는 대부분의 나무들은 명패를 하나씩 달고 있다. 나무의 이름과 특징, 기증자의 이름이 쓰인 명패를 달고 있는 나무들을 보면 자연을 사랑하는 기증자들의 마음을 느낄 수 있다. 오래 전부터 철도 주변에 일렬로 서있던 무성한 느티나무 밑에는 나무 벤치가 하나씩 놓여 있어 지친 행인들을 불러 #자연 #숲 #예술 #공연 #체험 #자전거 #산책 #공원 #축제",1.0.0,import,0.6,"[{""source"": ""gwangju_tour"", ""source_url"": ""https://tour.gwangju.go.kr/home/tour/info/park/003.cs?act=view&infoId=277"", ""note"": ""규칙 기반 라벨 초안. 사람 교차검수 필요""}]",
gwangju_tour,park/003.cs:1285,#정원|#전시|#힐링|#공원|#야경,0.75,0.0,0.5,0.0,0.0,0.0,1.0,0.5,푸른길분수공원 푸른길 분수공원은 과거 광주에서 순천을 거쳐 부산으로 가던 경전선 철길이었다. 남도의 발이 되어 주었던 고마운 기찻길이었으나 도심 한복판을 지나다 보니 교통체증과 소음이 심각했다. 결국 경전선이 시외로 옮겨가면서 옛 철길은 환경운동가와 시민들이 적극적으로 나서 우리나라 최초의 폐선부지 공원으로 재탄생했다. 광주 시민들의 휴식처로 거듭난 공원에는 굴다리 옛터를 알리는 표지석을 비롯해 오랜 세월 제 자리를 지킨 초록빛 아름드리나무들이 기찻길이 품은 정다운 추억을 되살리게 한다. 공원 한쪽에는 건축가 승효상의 작품 '푸른길의 문화쉼터'도 자리한다. 녹슨 기찻길을 떠올리게 하는 내후성 강판으로 제작된 이 작품은 광주의 옛 모습을 담은 전시공간이자 쉼터로 사용된다. #정원 #전시 #힐링 #공원 #야경,1.0.0,import,0.5,"[{""source"": ""gwangju_tour"", ""source_url"": ""https://tour.gwangju.go.kr/home/tour/info/park/003.cs?act=view&infoId=1285"", ""note"": ""규칙 기반 라벨 초안. 사람 교차검수 필요""}]",
gwangju_tour,nature.cs:213,#자연|#스포츠|#산책|#야간,0.75,0.0,0.0,0.0,0.0,0.5,0.5,0.5,"짚봉산 주민들의 여가선용 장소제공을 위하여 도심내에 조성한 산책로로 1일 약 1500여명의 주민들이 이용하고 있으며, 특히 산책로 입구에 위치한 짚봉산 샘터는 수질이 좋아 새벽부터 저녁 늦게까지 많은 주민들이 애용하고 있다. ◆ 규모 및 시설물 - 총 연장거리 :5.5km (염주체육관 - 짚봉산 - 노인고개 - 풍암제 - 염주체육관) - 팔각정 2동, 사각정자 1동, 음수대 1개소 - 체육시설 : 평행봉 등 3종 8개 총 연장거리 : 5.5km (염주체육관 - 짚봉산 - 노인고개 - 풍암제 - 염주체육관) #자연 #스포츠 #산책 #야간",1.0.0,import,0.45,"[{""source"": ""gwangju_tour"", ""source_url"": ""https://tour.gwangju.go.kr/home/tour/info/nature.cs?act=view&infoId=213"", ""note"": ""규칙 기반 라벨 초안. 사람 교차검수 필요""}]",
gwangju_tour,history.cs:1255,#역사|#민주인권|#전시|#가족체험|#아이동반|#주차가능,0.0,1.0,0.5,0.0,0.5,0.0,0.0,0.0,"윤상원열사 생가 5·18 민주화운동 당시 시민군 대변인으로 활동했던 윤상원 열사를 기리는 공간이다. 그는 들불야학을 열어 가난한 청년들과 노동자들에게 배움을 나누던 스승이자, 최후까지 도청에 남아 계엄군과 싸우다 서른 살의 젊은 나이로 산화한 광주의 대표적 민주열사다. 생가 내부는 자료전시관으로 사용 중인데, 윤상원 열사뿐 아니라 그와 영혼결혼식을 올렸던 박기순 열사의 고귀한 삶과 정신을 돌아볼 수 있도록 꾸며졌다. 1970년대 후반 들불야학에서 만나 인연을 쌓았던 이들은 민주항쟁과 불의의 사고로 인해 젊은 나이로 생을 마감했다. 이들의 죽음을 안타까워한 가족과 친지들이 영혼결혼식을 올리게 됐고, 이때 5·18을 상징하는 노래가 된 이 헌정됐다고 한다. 노래뿐 아니라 ""오늘 우리는 패배할 것이다. 그러나 내일의 역사는 우리를 승리자로 만들 것이다""라고 했던 윤상원 열사의 말은 지금도 민주화운동을 상징하는 인터뷰로 깊은 여운을 남긴다. #역사 #민주인권 #전시 #가족체험 #아이동반 #주차가능",1.0.0,import,0.53,"[{""source"": ""gwangju_tour"", ""source_url"": ""https://tour.gwangju.go.kr/home/tour/info/history.cs?act=view&infoId=1255"", ""note"": ""규칙 기반 라벨 초안. 사람 교차검수 필요""}]",
gwangju_tour,history.cs:155,#전망|#역사|#문화유산|#참여형|#조용한|#느린여행,0.5,1.0,0.0,0.0,0.5,0.0,0.75,0.0,"이장우 가옥 양림동은 영화나 드라마 촬영 장소로 각광을 받고 있다. 특히 이장우 가옥은 전형적인 근대시기 남도의 상류층 가옥으로 영화 촬영 명소로 거듭나고 있다. (2011), (2016) 등에 배경이 될 정도로 단정하면서도 수려한 풍경을 자랑한다. 이장우 가옥으로 들어가면 사랑채와 행랑채가 보이고 그 앞에 연못이 있는데, 연못 가운데 있는 돌거북이가 있다. 부잣집의 면모를 엿볼 수 있는 돌거북이는 큰 돌을 통째로 조각한 것으로 황소 수 십마리가 동원되어 돌을 날랐다고 한다. 좀 더 들어가면 ‘ㄱ’자 형 안채가 나오는데, 툇마루에 앉아 풍경을 감상하면 마음이 차분히 가라앉을 정도로 잘 정돈되어 있다. 안채 뒤편에는 장독대가 자리잡고 있는데, 부잣집의 살림살이를 가늠할 수 있는 규모이다. 이장우 가옥의 백미는 뒤뜰이다. 수국, 황칠나무, 녹차나무 등이 잘 가꾸어진데다 조용히 느린 걸음으로 걷다보면 이름모를 새소리도 들을 수 있다. 이 가옥은 1899년에 지어진 정병호의 집이었는데, 이장우가 1965년에 사들여 보존 관리하고 있다. 이장우 가옥은 남성들의 주거 공간인 사랑채와 행랑채, 그리고 여인네들의 거주공간인 ‘ㄱ’형 안채로 지어져 있다. 안채 옆에는 4칸으로 된 곳간이 자리잡고 있다. 이장우가옥에서도 다도 예절 프로그램을 운영하고 있다. 또한 이장우 가옥 뿐 아니라 다른 양림동의 건축물에 대한 설명을 해주는 건축투어 프로그램도 운영중이다. [문화재 정보] - 지정종목 : 광주광역시민속자료 제1호 - 지정연도 : 1989년 3월 20일 - 시대 : 대한제국 - 종류 : 가옥 #전망 #역사 #문화유산 #참여형 #조용한 #느린여행",1.0.0,import,0.55,"[{""source"": ""gwangju_tour"", ""source_url"": ""https://tour.gwangju.go.kr/home/tour/info/history.cs?act=view&infoId=155"", ""note"": ""규칙 기반 라벨 초안. 사람 교차검수 필요""}]",
gwangju_tour,history.cs:114,#역사|#근대문화|#공원,0.0,1.0,0.0,0.0,0.0,0.0,0.5,0.0,장덕동 근대한옥 이 가옥은 효령대군의 손자인 율원군의 후손들이 거주한 주택으로 근대기에 지어진 개량한옥이다. 이 가옥은 2004년에 수완 택지개발지구로 지정되어 철거 위기에 놓여 있었지만 조상 대대로 살던 터와 가옥을 지키고자 하는 소유자의 강력한 의지로 택지개발지구 내 근린공원으로 이전하여 보존되고 있다. #역사 #근대문화 #공원,1.0.0,import,0.47,"[{""source"": ""gwangju_tour"", ""source_url"": ""https://tour.gwangju.go.kr/home/tour/info/history.cs?act=view&infoId=114"", ""note"": ""규칙 기반 라벨 초안. 사람 교차검수 필요""}]",
gwangju_tour,history.cs:184,#역사|#근대문화,0.0,1.0,0.0,0.0,0.0,0.0,0.0,0.0,"전라남도 도청 회의실 1930년 건축가 김순하 선생의 설계로 지었다. 지하 1층·지상 2층의 붉은 벽돌건물인데, 2층의 창문이 위·아래로 나뉘어 밖에서 볼 때는 3층으로 보이는 아담한 건물이다. 출입구의 위쪽부터 옥상까지 전체 면을 유리로 장식하였고, 건물 양 옆의 모서리를 둥글게 곡선처리 하였으며, 동시에 창문도 곡선창을 사용하였다. 출입구 앞 계단의 난간 역시 곡선처리를 하였는데, 이것은 1930년대에 지은 건물로는 매우 혁신적인 면이 돋보인다. 일제시대 때 활동한 몇 안 되는 한국인 건축가가 설계한 건물이라는 점과 시대를 앞서가는 뛰어난 조형감각이 살아있는 건물이라는 점에서 한국근대건축의 귀한 작품이다. #역사 #근대문화",1.0.0,import,0.45,"[{""source"": ""gwangju_tour"", ""source_url"": ""https://tour.gwangju.go.kr/home/tour/info/history.cs?act=view&infoId=184"", ""note"": ""규칙 기반 라벨 초안. 사람 교차검수 필요""}]",
gwangju_tour,history.cs:1226,#역사|#근대문화|#아이동반|#휠체어,0.0,1.0,0.0,0.0,0.0,0.0,0.0,0.0,"전일빌딩245 공간, 기억, 미래 간직하다 금남로1가 1번지 역사의 증거를 간직하는-금남로와 전일빌딩, 전일빌딩245 금남로는 일제 치하에서 3월 만세운동의 집결지였고 군부독재 치하에서 5·18민주화운동의 중심지였다. 금남로1가 1번지에 위치한 전일빌딩은 언론의 산실이었고, 다양한 복합문화공간으로 광주와 함께 발전해왔다. 1980년 5·18민주화운동의 중심에서 마지막까지 시민과 함께 저항했던 전일빌딩, 헬기사격의 총탄 흔적 245개가 발견되면서 새로운 전기를 맞게 된다. 광주 금남로는 억압과 수탈의 대상에 맞서 싸운 역사가 면면히 흐르고 있다. 왜적과 오랑캐를 상대해 싸운 장수의 이름을 딴 금남로는 과거에서 현대에 이르기까지 정의로운 항거가 이어진 곳이다. 금남은 권율장군의 사위인 정충신이 임진왜란과 정묘호란에 공을 세워 인조로부터 금남군이라는 봉호를 받은것에서 유래했다. 금남로는 길이 2.3km 너비 30~40m, 금남로1-5가로 이루어져 있다. 금남로1가는 원래 광주군 성내면에 속한 지역으로 북내라고 하였다가 1914년 행정구역 통폐합에 따라 상촌리·하촌리·시리·성저리 일부를 합하여 북성정이 되었다. 금남로2가는 원래 광주군 성내면에 속한 지역으로 성내라고 하였고, 금남로3-5가는 광주군 기례방에 속한 지역으로 성저라고 하였다가 1914년 행정구역 통폐합에 따라 후리·보통리 일부를 합하여 성저리가 되었다. 1927년 각각 본정1-5정목이 되었다가 8·15광복 이후 일본식 지명을 없애면서 금남로 1-5가가 되었다. 1957년 동구 충금동회 관할이 되었으며, 1986년 광주직할시 동구 금남로1-5가, 1995년 광주광역시 동구 금남로1-5가가 되었다. 금남로는 행정동인 충장동 관할하에 있다. (출처-두산백과) 245개의 흔적-증거, 흔적, 보존 전일빌딩에 헬기사격이 가해졌다는 사실은 수많은 목격자와 증거, 탄흔이 기억하고 있다. 전일빌딩에서 발견된 245개 탄흔이 가장 명확한 증거이며 헬기사격을 증거하는 문서 등이 이를 뒷받침한다. 전일빌딩245의 탄흔을 지속 가능하게 보존 #역사 #근대문화 #아이동반 #휠체어",1.0.0,import,0.47,"[{""source"": ""gwangju_tour"", ""source_url"": ""https://tour.gwangju.go.kr/home/tour/info/history.cs?act=view&infoId=1226"", ""note"": ""규칙 기반 라벨 초안. 사람 교차검수 필요""}]",
gwangju_tour,history.cs:113,#무등산|#역사|#전통,0.5,1.0,0.0,0.0,0.0,0.0,0.0,0.0,"허백련과 춘설헌 춘설헌은 한국화의 대가 의재 허백련이 해방 직후인 1946년부터 1977년까지 30년간 살면서 작품활동을 하던 곳이다. 춘설헌은 1950년에 종래의 낡은 집을 헐고 벽돌로 새로 지은 건물로 마루에는 춘설헌이라는 현판이 걸려있다. 마루 왼쪽으로는 작품활동을 하던 2개의 방이 있는데, 하나는 온돌방이고 하나는 일본식 다다미방이다. 의재 허백련은 조선 후기 한국 남종화를 완성했던 허련의 후손으로, 허련의 아들 허형에게서 그림의 기본을 익히고, 일본과 서울에서 그림공부를 하면서 경험을 쌓았다. 1938년 전라도 광주에 정착하여 활동하면서 연진회를 발족하여, 전통서화와 후진 양성에 노력하였고, 삼애학원을 설립하여 농촌지도자를 육성하였다. 또 일본인이 버리고 떠난 무등산의 차밭을 인수해 춘설다원을 경영하면서, 전통차의 재배와 보급에 힘썼다. #무등산 #역사 #전통",1.0.0,import,0.42,"[{""source"": ""gwangju_tour"", ""source_url"": ""https://tour.gwangju.go.kr/home/tour/info/history.cs?act=view&infoId=113"", ""note"": ""규칙 기반 라벨 초안. 사람 교차검수 필요""}]",
gwangju_tour,culture.cs:101,#전통|#박물관|#예술|#전시|#실내|#비오는날,0.0,0.75,0.75,0.0,0.0,0.0,0.0,0.0,"명화동 장고분 명화동 장고분은 삼국시대의 고분으로 영산강 충적지대의 가장자리인 평동저수지 위쪽 완만한 구릉지대에 위치하고 있다. 장고분이란 명칭은 무덤의 모양이 전통 악기인 장고와 비슷한 데서 붙여진 이름이다. 그러니까 주변의 지명에 장고분을 덧붙여 이름 지은 것이라 할 수 있다. 명화동 장고분의 봉분을 위에서 내려다보면, 두 개의 삼각형이 서로 하나의 꼭지점에서 맞닿아 있고, 그 위로 원형의 봉분이 둥그렇게 얹혀진 모양이다. 꼭지점이 맞닿은 부분은 잘록하고 낮다. 때문에 연결부분이 좀 더 펑퍼짐한 경우에는 밑면이 사다리꼴로 보일 수도 있다. 장고분의 가장자리는 넓은 도랑이 빙 두르고 있는데, 도랑을 포함한 고분의 형태는 방패형으로 보인다. 명화동 장고분의 봉분의 길이는 33미터이며, 원형 부분에 석실을 축조하였으나 도굴과 파괴로 흔적만 남아 있기 때문에 석실의 구조는 알 수 없다. 이 고분에서는 사다리꼴과 원형의 연결부분 가장자리를 따라 봉분에 박혀 있는 원통형 토기 등이 발견 되었을 뿐이다. 그러나 우리나라에서는 처음 발견된 고분으로 일찍부터 고고학계의 주목을 받아왔다. 이 고분은 봉분과 도랑의 모양, 봉분 가장자리의 원통형 토기 등이 일본의 전방후원분과 비슷한 점이 많아 고대 한일 관계사를 연구하는데도 귀중한 자료로 평가되고 있다고 한다. 전방후원분이라는 용어는 사각형 분구가 앞에, 원형 분구가 뒤에 있는 것으로 보고 붙여진 것이라고 한다. 다시 말하면 직각형 분구를 전방부, 뒤의 분구를 후원부로 하여 전방후원분이라 부르고 있다는 것이다. 2개의 분구 중 피장자가 매장된 곳은 뒤쪽 원구이지만, 방구부에도 매장시설을 가진 경우가 있다고 한다. 또한 명화동 장고분의 고분 아래에서는 청동기시대의 집터가 발견되었기 때문에 오래 전부터 이 지역에 사람이 살았을 것으로 추측하고 있다. 이 고분은 1994년 국립광주박물관이 발굴조사를 실시하여 형태와 구조를 밝혀 세상에 알려지게 되었다. 광주광역시에서는 1995년 지방기념물 제22호로 지정하여 관리해오고 있다. #전통 #박물관 #예술 #전시 #실내 #비오는날",1.0.0,import,0.45,"[{""source"": ""gwangju_tour"", ""source_url"": ""https://tour.gwangju.go.kr/home/tour/info/culture.cs?act=view&infoId=101"", ""note"": ""규칙 기반 라벨 초안. 사람 교차검수 필요""}]",
gwangju_tour,culture.cs:197,#자연|#무등산|#역사|#문화유산|#예술|#실내|#비오는날|#주차가능,0.75,0.75,0.75,0.0,0.0,0.0,0.0,0.0,"무등산 주상절리대 주상절리는 용암이 식을 때 수축되어 생기는 절리 중에 단면의 형태가 오각형이나 육각형의 기둥모양인 것을 말한다. 무등산 주상절리는 약 7천 만 년 전에 형성된 것으로 서석대, 입석대, 규봉이 대표적이다. 입석대, 규봉은 풍화가 많이 진행되어 기둥모양이지만 서석대는 풍화가 덜 진행되어 병풍모양을 하고 있다. 정상을 중심으로 산비탈에 있는 너덜겅은 이러한 돌기둥이 무너져 쌓인 것이다. 서있는 바위나, 너덜겅들은 암석의 생성과 풍화과정을 살펴볼 수 있는 희귀한 자연유적이므로 서석대와 입석대를 천연기념물로 지정하였다. [문화재 정보] - 지정종목 : 천연기념물 제465호 - 지정연도 : 2005년 12월 16일 - 시대: 선사 - 수량/면적: 107,800㎡(지정구역) #자연 #무등산 #역사 #문화유산 #예술 #실내 #비오는날 #주차가능",1.0.0,import,0.47,"[{""source"": ""gwangju_tour"", ""source_url"": ""https://tour.gwangju.go.kr/home/tour/info/culture.cs?act=view&infoId=197"", ""note"": ""규칙 기반 라벨 초안. 사람 교차검수 필요""}]",
gwangju_tour,culture.cs:650,#전통|#예술|#교육|#실내|#비오는날,0.0,0.75,0.75,0.0,0.5,0.0,0.0,0.0,"무양서원 무양서원은 광주광역시 광산구 월계동에 자리 잡고 있다. 무양서원은 ‘무진의 볕’이라는 의미의 무진지양에서 연유한다. 무진은 광주의 옛 이름이다. 무진의‘무’와 볕의 한자어인‘양’이 만나 무양이 되었다. 이렇게 무양이라고 이름을 붙인 데에는 서원의 기능을 보다 폭넓게 하려는 유림들의 의지를 엿볼 수 있다. 원래 서원은 명현에게 제사를 모시고 후학들에게 교육 시키는 곳이다. 서당이나 향교처럼 교육기관은 아니면서도 그 이상의 기능을 발휘하는 곳이 바로 서원이라 할 수 있다. 무양서원 역시 명현을 제사하는 사당과 교육을 담당하는 재의 역할을 겸하는 곳이었다. 무양서원은 1927년 탐진최씨 문중이 전국 유림의 호응을 얻어 세운 곳이다. 여기에는 고려 인종 때의 명신 장경공 최사전을 비롯하여 그의 후손인 손암 최윤덕, 금남 최부와 문절공 유희춘, 충렬공 나덕헌 등 다섯 분을 모시고 있다. 배향된 인물 중 주벽인 장경공 최사전은 인종 때 어의였다. 소부소감을 지낸 명신으로 죽은 뒤 인종의 묘정에 함께 모셔진 인물이다. 손암 최윤덕은 조선이 건국되자 두문불출하면서 벼슬을 물리친다는 이유로 끝내 광산으로 귀양을 떠났다. 귀양지에서 손암은 후손들에게 벼슬하지 말 것, 집안에 사당을 세우지 말 것, 토지를 많이 두지 말 것 등 선비로서의 자세를 가르쳤다. 금남 최부는 성종 때 사람으로 동국통감을 편수하였으며, 으로 유명한 인물이다. 부친상을 듣고 제주에서 돌아오던 중 명나라로 표류하였다가 훗날 귀국하여 지은 글이 이다. 문절공 유희춘은 금남 최부의 외손이며 를 남겼다. 충렬공 나덕헌 역시 금남의 외손으로 이괄의 난 때 공을 세운 인물이다. 다섯 인물을 배향하고 있는 무양서원. 입구에 들어서면 정면으로 고풍스러운 건물이 마주 보인다. 강당은 정면 5칸 측면 2칸으로 팔작지붕이며, 사당은 정면 3칸 측면 2칸으로 맞배지붕 양식으로 되어 있다. 강당의 구조를 살펴보면, 이택당의 좌우로 합의문과 합인문이 있는데, 합인문이 일반적으로 출입하는 문이다. 합의문을 지나면 오른쪽에는 동재인 성 #전통 #예술 #교육 #실내 #비오는날",1.0.0,import,0.45,"[{""source"": ""gwangju_tour"", ""source_url"": ""https://tour.gwangju.go.kr/home/tour/info/culture.cs?act=view&infoId=650"", ""note"": ""규칙 기반 라벨 초안. 사람 교차검수 필요""}]",
gwangju_tour,culture.cs:102,#예술|#실내|#비오는날,0.0,0.0,0.75,0.0,0.0,0.0,0.0,0.0,"범세동 선생묘 고려 후기의 문신이자 포은 정몽주의 제자인 복애(伏涯) 범새동(范世東)의 묘지이다. 고려 공민왕 18년(1369)에 과거에 급제하여 덕녕부윤, 간의대부 등의 벼슬을 지냈으며, 성리학을 깊이 연구하여 『화해사전』,『동방연원록』 등의 책을 펴냈다. 조선 왕조의 개창을 반대하며, 고향인 나주(현 광주광역시 광산구 복만동)에 은거하였으며, 조선 태종이 여러 차례 벼슬을 권했으나 끝내 사양하였다. 죽은 뒤 후덕군(厚德君)에 봉해지고 문충(文忠)의 시호를 받았다. 묘역 안에는 조선 초기에 만들어진 묘비와 문인석이 있다. 1.65m 높이의 묘비는 대리석으로 만들어 화강암의 사각형 대좌에 맞추어 세웠다. 상당한 거리를 두고 마주보고 서 있는 문인석은 높이 210㎝로 각이 진 관모를 쓰고 눈·코·입이 뚜렷한 얼굴에 두 손을 가슴에 모아 홀을 들고 있다. #예술 #실내 #비오는날",1.0.0,import,0.38,"[{""source"": ""gwangju_tour"", ""source_url"": ""https://tour.gwangju.go.kr/home/tour/info/culture.cs?act=view&infoId=102"", ""note"": ""규칙 기반 라벨 초안. 사람 교차검수 필요""}]",
gwangju_tour,culture.cs:656,#역사|#문화유산|#예술|#교육|#실내|#비오는날,0.0,1.0,0.75,0.0,0.5,0.0,0.0,0.0,"병천사 1924년에 건립된 충주지씨들의 서원이자 사우이다. 일제강점기 때 충주지씨들이 호국선현의 애국·애족 정신을 기리기 위해 고려 말 충신 정몽주(鄭夢周), 고려 말 공신 지용기(池湧奇), 조선조 공신 정충신(鄭忠信), 병자호란 때 활약한 지여해(池汝海)·지계최(池繼凗) 등 5인을 향사하여 왔는데, 1924년 지응현(池應鉉)이 이들을 배향하고 영정을 봉안하는 서원을 지었다. 병천사는 1927년 건축공사를 시작하여 1932년에 완공되었는데. ‘천리(天理)를 병집(秉執)한다’는 뜻에서 ‘秉天祠’라 하며 서원의 역할을 겸하였다. 건립 초기의 입지형태는 문중 소유의 「병천사산도(秉天祠山圖)」에 잘 나타나 있다. 앞뒤의 죽림과 연못을 배경으로 신문 1동과 병천사 현전 1동, 영당 1동, 존심당 1동, 동재 1동, 서재 1동, 거경재 1동이 자리 잡고 있다. 사우는 건좌손향축을 중심으로, 위쪽에 선현을 봉사하는 사묘역과 아래쪽에 교육하는 강학역을 두어 전학후묘의 기본 영역을 형성하고 있다. 사묘역은 병천사 현전을 중심으로 앞에 신문이 자리잡고, 신문 앞에는 사적비와 묘력비가 있다. 현전 오른쪽에는 영당과 문이 현전과 나란히 위치한다. 강학역은 동재인 숭인재와 서재인 집의재가 좌우에 자리잡고, 병천사와 마주보며 강당인 존심당이 위치하며, 존심당 오른편에는 사우의 대문격인 광제문이 있다. 병천사당은 정면 3칸, 측면 2칸으로 전후툇간을 두고 있으며, 간살 없이 통간을 제향하는 공간으로 사용하고 있다. 5량가구를 얹고 방풍판을 단 고기와의 팔작집으로 내일출목으로 3익공포를 두고 있으며, 외부 의장물에는 긋기단청, 내부에는 금단청을 위주로 하고 있다. [문화재지정] - 지정종목 : 광주광역시 유형문화재 제11호 - 지정연도 : 1979년 8월 3일 #역사 #문화유산 #예술 #교육 #실내 #비오는날",1.0.0,import,0.5,"[{""source"": ""gwangju_tour"", ""source_url"": ""https://tour.gwangju.go.kr/home/tour/info/culture.cs?act=view&infoId=656"", ""note"": ""규칙 기반 라벨 초안. 사람 교차검수 필요""}]",
gwangju_tour,culture.cs:651,#자연|#정원|#문화유산|#예술|#레저|#느린여행|#실내|#비오는날,0.75,0.5,0.75,0.0,0.5,0.0,0.5,0.0,"부용정 광주지역 향약이 처음 시행된 곳, 부용정 부용정은 고려말 조선초에 활동한 김문발(金文發, 1359∼1418)이 지은 정자로 평야가 펼쳐져 있는 평지에 2단으로 대지를 고른 후 건립되었다. 정자의 이름은 연을 꽃 중의 군자)라고 칭송하였던 북송 주돈이의 애련설에 담긴 뜻을 취하여 지었다. 이 정자는 광주지역 향약의 시행장소로 매우 유서가 깊은 곳이다. 또한 그는 이곳에서 이시원(李始元), 노자정(盧自亭) 등과 학문을 논하고 시를 읊기도 하였다. 건물은 정·측면 다같이 3칸으로 기둥머리에 공포가 없는 민도리집이다. 우물마루를 깐 맞배지붕으로 민흘림기둥을 세웠으며 홑처마이다. 기단은 네모 막돌 바른층 쌓기를 하였으며, 좌우 가운데를 제외하고는 자연석 덤벙주초를 놓았다. 사방은 벽이 없이 개방된 공간이며, 천장은 연등천장을 하였고 연골벽은 회반죽으로 마감하였다. 이곳에는 부용정 현판과 양응정(梁應鼎), 고경명(高敬命), 이안눌(李安訥), 박제형(朴濟珩) 등 후대 명유(名儒)들의 누정제영(樓亭題詠)을 새긴 편액이 많이 걸려 있다. 정자 주변에는 칠석마을 고싸움놀이(국가무형문화재) 전수관과 부용이 심었다는 은행나무(기념물)가 있고, 부용정의 내력이 쓰인 부용정석비(芙蓉亭石碑 1984년 건립)가 있다. * 풍속 교화에 힘쓴 김문발 * 김문발은 본관은 광산, 호가 부용(芙蓉)으로 고려말 조선초에 왜적을 물리친 공이 매우 크며 전라감사, 황해도관찰사, 형조참판 등을 역임하였다. 1418년(태종 18년) 낙향하여 여씨의 남전향약과 주자의 백록동규약을 모방하여 풍속 교화에 힘썼는데, 이것이 광주 향약좌목의 유래가 되었다. [문화재 정보] - 지정종목 : 광주광역시 문화재자료 제13호 - 지정연도 : 1990년 11월 15일 #자연 #정원 #문화유산 #예술 #레저 #느린여행 #실내 #비오는날",1.0.0,import,0.5,"[{""source"": ""gwangju_tour"", ""source_url"": ""https://tour.gwangju.go.kr/home/tour/info/culture.cs?act=view&infoId=651"", ""note"": ""규칙 기반 라벨 초안. 사람 교차검수 필요""}]",
gwangju_tour,food.cs:1186,#로컬푸드|#실내|#비오는날,0.0,0.0,0.0,0.75,0.0,0.0,0.0,0.0,긴자상회 제철 생선과 당일마다 매입하는 지역재료로 일본음식을 만드는 선술집입니다. 숙성회 중심의 모듬요리와 본토의 맛을 그대로 재연한 단품요리를 정성껏 준비하고 있습니다. 혼술을 즐기시는 분을 위한 Bar 형태의 좌석과 작은 접시요리도 준비되어 있습니다. 와인 사케 증류주 등 주류와 함께 하기 좋은 제철음식으로 즐거운 술자리를 만들려 노력하겠습니다. #로컬푸드 #실내 #비오는날,1.0.0,import,0.38,"[{""source"": ""gwangju_tour"", ""source_url"": ""https://tour.gwangju.go.kr/home/tour/info/food.cs?act=view&infoId=1186"", ""note"": ""규칙 기반 라벨 초안. 사람 교차검수 필요""}]",
gwangju_tour,food.cs:1317,#로컬푸드|#전통음식|#실내|#비오는날|#주차가능,0.0,0.0,0.0,0.75,0.0,0.0,0.0,0.0,"김강심칼국수 광주 서구에 위치한 김강심 칼국수는 버스정류장 바로 앞에 매장이 있어 대중교통 접근성도 높고, 넓은 공간과 깔끔하고 밝은 분위기가 식사를 기분좋게 할 수 있는 곳이다. 식사 후 김치 포장 판매가 많고, 나중에 따로 오셔서 김치만 사가시는 손님도 있을 정도로 김치 맛이 일품이다. #로컬푸드 #전통음식 #실내 #비오는날 #주차가능",1.0.0,import,0.4,"[{""source"": ""gwangju_tour"", ""source_url"": ""https://tour.gwangju.go.kr/home/tour/info/food.cs?act=view&infoId=1317"", ""note"": ""규칙 기반 라벨 초안. 사람 교차검수 필요""}]",
gwangju_tour,food.cs:1207,#정원|#로컬푸드|#실내|#비오는날,0.75,0.0,0.0,0.75,0.0,0.0,0.0,0.0,꽃담 후식 누룽지와 식혜를 제공하며 지역민에게 사랑받는 생고기 전문점입니다. #정원 #로컬푸드 #실내 #비오는날,1.0.0,import,0.4,"[{""source"": ""gwangju_tour"", ""source_url"": ""https://tour.gwangju.go.kr/home/tour/info/food.cs?act=view&infoId=1207"", ""note"": ""규칙 기반 라벨 초안. 사람 교차검수 필요""}]",
gwangju_tour,food.cs:1327,#정원|#로컬푸드|#맛집|#가족체험|#실내|#비오는날|#아이동반,0.75,0.0,0.0,1.0,0.5,0.0,0.0,0.0,"꽃담(참실이꽃담) [안심식당 인증 음식점] 광주과학기술원 옆 꽃담은 주차장이 넓어서 가족 단위로 방문하기 편하고, 매장이 크고 넓어서 모임이나 단체로 식사하기에 좋다. 숯불 돼지 구이 전문점으로, 오겹살과 양념돼지갈비를 시키면 나오는 기본 반찬에 셀프로 채소를 가져다 먹을 수 있는 채소 바가 있어서 넉넉하고 행복한 인심을 느낄 수 있다. 고기도 맛있지만, 가성비 좋은 떡갈비 정식, 숯불갈비 정식도 유명하다. 떡갈비, 숯불갈비와 함께 찌개, 떡국, 나물, 고등어구이, 비빔냉면, 잡채, 묵사발, 껍데기 볶음 등이 한 상 푸짐하게 나와 보기에도 즐겁고, 맛을 보면 포만감과 함께 만족감도 느낄 수 있다. #정원 #로컬푸드 #맛집 #가족체험 #실내 #비오는날 #아이동반",1.0.0,import,0.5,"[{""source"": ""gwangju_tour"", ""source_url"": ""https://tour.gwangju.go.kr/home/tour/info/food.cs?act=view&infoId=1327"", ""note"": ""규칙 기반 라벨 초안. 사람 교차검수 필요""}]",
gwangju_tour,sports.cs:1351,#특산물|#체험|#스포츠,0.0,0.0,0.0,0.5,0.75,0.75,0.0,0.0,"오매나하우스 오매나하우스는 광주여행을 새롭게 발견할 수 있는 다양한 콘텐츠가 준비된 공간으로 테마별 오매나 포토존, 다양한 제품의 오매나 기념품 숍, 오매나가 미리 본 광주의 맛과 여행의 공간 오매나 홍보관 등으로 구성되어있습니다. 오매나 포토존은 광주 주요 관광지를 일러스트화해 파노라마 형식으로 스토리텔링하고, 대형 캐릭터 조형물을 환영, 여행, 선물 등 콘셉트별로 구성해 내방하는 관람객에게 특별한 경험을 선사합니다. 오매나 기념품 숍에서는 오매나캐릭터 우수상품 공모전을 통해 선정된 상품으로 페이퍼토이 저금통, 여행가방용 네임텍, 광주 10대 관광지가 새겨진 책갈피, 마우스 장패드, 문구류 세트 등을 구매할 수 있습니다. #특산물 #체험 #스포츠",1.0.0,import,0.42,"[{""source"": ""gwangju_tour"", ""source_url"": ""https://tour.gwangju.go.kr/home/tour/info/sports.cs?act=view&infoId=1351"", ""note"": ""규칙 기반 라벨 초안. 사람 교차검수 필요""}]",
gwangju_tour,sports.cs:29,#무등산|#숲|#체험|#레저|#스포츠|#아이동반,0.75,0.0,0.0,0.0,0.75,0.75,0.0,0.0,"지산유원지 지산유원지는 2016년 12월경 11년만에 모노레일 운행을 다시 시작하며, 재개장하였습니다. 1개의 레일을 달리는 모노레일 특유의 덜컹거림은 탑승객들에게 스릴을 즐기며 광주 시내 전경과 무등산 정상의 모습을 한눈에 구경할 수 있습니다. 모노레일은 리프트의 종착점에서 숲길로 50ｍ 떨어진 산 중턱에서 출발해 팔각정이 있는 지산유원지 일대를 왕복하는 코스로 운행됩니다. 재개장 후 젊은세대 층을 중심으로 SNS와 입소문을 타고 광주 무등산에서 스릴을 즐길 수 있는 독특한 놀이시설로 인기몰이 중인 곳입니다. #무등산 #숲 #체험 #레저 #스포츠 #아이동반",1.0.0,import,0.47,"[{""source"": ""gwangju_tour"", ""source_url"": ""https://tour.gwangju.go.kr/home/tour/info/sports.cs?act=view&infoId=29"", ""note"": ""규칙 기반 라벨 초안. 사람 교차검수 필요""}]",
gwangju_tour,sports.cs:1278,#예술|#전시|#카페|#체험|#교육|#스포츠|#공원|#느린여행|#아이동반|#주차가능,0.0,0.0,0.75,0.5,1.0,0.75,0.75,0.0,"푸른마을 공동체센터 2018년 12월 개관한 푸른마을공동체센터는 푸른길 공원 주변 예술가들과 마을 주민들 간 융합을 통한 주민 공동체 회복을 목표로 조성되었다. 건물 1층에는 마을기업이 운영하는 카페 겸 갤러리와 장난감 도서관이 있으며, 2층과 3층에는 동구에 위치한 법인, 단체, 학교, 직장에 재직 및 재학하는 사람 누구나 저렴한 비용으로 이용이 가능하다. 동구 지역 공동체 중 정치나 종교, 영리 목적이 아닌 프로그램만 회의실, 공유 부엌, 공유 센터 등도 쾌적하게 이용할 수 있다. 장난감 도서관에서는 회원가입 후 월 2회, 회당 2점의 장난감 무료 대여할 수 있고, 실내 어린이 놀이시설은 1시간 천 원에 이용할 수 있다. 푸른마을공동체센터는 주민 도시재생 교육 프로그램, 주민 공예 교육 프로그램 등 복합문화공간으로 주민복지 향상은 물론 휴게공간으로 지역민의 삶의 질 향상에 앞장서고 있다. #예술 #전시 #카페 #체험 #교육 #스포츠 #공원 #느린여행 #아이동반 #주차가능",1.0.0,import,0.6,"[{""source"": ""gwangju_tour"", ""source_url"": ""https://tour.gwangju.go.kr/home/tour/info/sports.cs?act=view&infoId=1278"", ""note"": ""규칙 기반 라벨 초안. 사람 교차검수 필요""}]",
gwangju_tour,sports.cs:18,#숲|#정원|#민주인권|#예술|#전시|#체험|#교육|#스포츠|#힐링|#공원,0.75,0.75,1.0,0.0,1.0,0.75,0.75,1.0,"국립아시아문화전당 2025~2026 한국관광100선 선정 세계를 향한 아시아 문화의 창 ACC는 아시아 과거-현재의 문화예술과 혁신적인 아이디어, 신념이 만나 미래지향적인 새로운 결과물을 생산해내는 국제적인 예술기관이자 문화 교류기관입니다. 5·18 민주화운동(May 18 Democratic Movement)의 인권과 평화의 의미를 예술적으로 승화한다는 배경에서 출발하여 2015년 11월 개관한 ACC는 아시아 문화에 대한 교류·교육·연구 등을 통하여 상호이해를 증진하고 아시아 각국과 함께 동반성장하고자 설립된 문화체육관광부의 소속기관입니다. ACC는 아시아를 비롯한 전 세계의 참여자들이 연구(Research) - 창작(Creation) - 제작(Production)의 단계를 수행함에 있어 경계를 가로지르며 자유롭게 화합하고 생각을 나눌 수 있는 통합적인 플랫폼의 역할을 합니다. ACC는 민주평화교류원, 문화정보원, 문화창조원, 예술극장, 어린이문화원의 5개원으로 구성되어있으며 1년 내내 다양하고 역동적인 프로그램(전시, 공연, 교육, 축제, 기타 행사)들이 펼쳐집니다. 뿐만 아니라 아시아문화광장, 하늘마당, 열린마당 등 야외공간과 ‘빛의 숲’을 주제로 한 지상정원은 도심 속 휴식 공간으로도 제격입니다.(출처 국립아시아문화전당 누리집) #숲 #정원 #민주인권 #예술 #전시 #체험 #교육 #스포츠 #힐링 #공원",1.0.0,import,0.6,"[{""source"": ""gwangju_tour"", ""source_url"": ""https://tour.gwangju.go.kr/home/tour/info/sports.cs?act=view&infoId=18"", ""note"": ""규칙 기반 라벨 초안. 사람 교차검수 필요""}]",
gwangju_tour,sports.cs:387,#역사|#박물관|#전시|#미디어아트|#체험|#교육|#스포츠,0.0,0.75,0.75,0.0,0.75,0.75,0.0,0.0,"IT스퀘어 IT스퀘어는 청소년을 대상으로 IT역사와 미래기술, 그린IT기술, 최신IT산업기술을 체험하고 교육하는 IT융복합체험전시관입니다. IT스퀘어는 광주광역시와 지식경제부의 지원으로 건립되어 호남대학교가 운영하는 곳으로 호남대학교 광산캠퍼스내에 지상4층, (IT역사관, 그린IT체험관, 첨단IT체험관, 문화산업관, 등), 총 연면적 6,600㎡규모입니다. 1층 IT역사관는 정보통신기술의 발전과 역사를 연대별로 전시하여 IT에 대한 지식과 정보를 재미있는 체험을 통해 배울 수 있는 공간입니다. 3D 써클영상관에서는 미래의 IT City로의 여행을 떠나볼 수 있습니다. 2층 그린IT체험관에서는 저탄소 녹색성장을 위한 신재생에너지의 원리를 배우고 그린IT기술을 생활 속에 적용한 환경을 체험해 볼 수 있습니다. 3층 첨단IT체험관 슈미랜드는 미래 IT기술을 첨단 게임과 미디어아트 등의 형태로 체험하는 인터랙티브 플레이존이 구성되어 있으며 4D영화관을 갖추고 있습니다. #역사 #박물관 #전시 #미디어아트 #체험 #교육 #스포츠",1.0.0,import,0.53,"[{""source"": ""gwangju_tour"", ""source_url"": ""https://tour.gwangju.go.kr/home/tour/info/sports.cs?act=view&infoId=387"", ""note"": ""규칙 기반 라벨 초안. 사람 교차검수 필요""}]",
gwangju_tour,sports.cs:42,#전통|#체험|#참여형|#스포츠|#주차가능,0.0,0.75,0.0,0.0,0.75,0.75,0.0,0.0,"광주 콩종합센터 광주콩종합센터는 웰빙식품으로 각광받고 있는 콩의 우수성을 알리고 장류 등 콩 관련 산업을 진흥하고자 2007년에 센터를 개관하였다. 센터에는 콩을 재료로 한 다양한 음식과 녹두, 팥 등 콩 종류를 볼 수 있는 체험관과 대규모 회의실이 마련되어 있다. 두부 만들기, 천연염색, 인절미등 각종 체험 프로그램 운영,그리고 전통한옥에서의 숙박도 가능하다. #전통 #체험 #참여형 #스포츠 #주차가능",1.0.0,import,0.5,"[{""source"": ""gwangju_tour"", ""source_url"": ""https://tour.gwangju.go.kr/home/tour/info/sports.cs?act=view&infoId=42"", ""note"": ""규칙 기반 라벨 초안. 사람 교차검수 필요""}]",
gwangju_tour,history.cs:1428,#역사|#근대문화,0.0,1.0,0.0,0.0,0.0,0.0,0.0,0.0,"희경루 일제강점기에 광주읍성이 헐리면서 함께 사라진 광주의 대표 누각 희경루가 2023년에 중건됐다. 15세기 중엽, 객사에 딸린 누강으로 지은 남북 5칸, 동서 4칸 규모의 희경루는 조선 시대의 문신 신숙주가 '동방의 으뜸'이라 했을 정도로 웅장한 자태를 자랑했다고 한다. 2018년 전라도 정도 천년 기념 사업의 일환으로 옛 광주읍성 내에 희경루 재건이 진행됐고, 16세기에 그려진 '희경루 방화도'를 바탕으로 철저한 고증을 거쳐 복원했다. 희경루는 1451년(문종 1) 무진군사(茂珍郡事) 안철석(安哲石)이 공북루의 옛 터에 건립한 누각으로, 때마침 무진군에서 광주목으로 승격·복호됨을 기념하기 위해 ‘함께 기뻐하고 서로 축하한다’라는 희경(喜慶)이라 명명해 호남 대표 누정으로 이름을 알렸다. 신숙주는 ‘동방(東方)에서 제일가는 루(樓)’라 칭송했다. 1567년(명종 22)에 있었던 광주 부근의 누정(樓亭) 희경루에서의 방회(枋會) 장면을 그린 계회도(契會圖)이다. 1546년(명종 1) 증광시의 동기생들이 1567년에 다시 만난 것을 기념하여 제작한 것으로 추정된다.모임의 참석자는 광주목사를 지낸 최응룡(崔應龍), 전라도관찰사를 지낸 강섬(姜暹), 승문원부정자를 지낸 임복(林復), 전라도병마우후 유극공(劉克恭), 낙안군수를 지낸 남효용(南效容) 등이다. 발문에는 1546년(명종1) 과거 합격 동기생들이 근무지를 따라 흩어져 20여 년 만에 만난 것에 대한 감회를 기록하였다.화면 왼쪽에 희경루, 오른쪽에는 담장 등 주위경관들을 묘사하였다. 참석자들은 신분에 맞는 관모(冠帽)를 쓰고 서열에 따라 정해진 자리에 앉아 있다. 누정 아래층에는 하인, 왼쪽에는 악공들이 무리지어 있고 축대 아래쪽에는 군졸들이 도열해 있다.이 작품은 연회장면을 높은 각도에서 내려다보는 시각과 원근법을 사용하여 표현하였으며, 16세기 중·후반기에 유행했던 절파화풍(浙派畵風)이 나타나 있다. 2015년 9월 2일 보물로 지정되었으며 동국대학교에서 소유, 관리하고 있다. ○ 희경루 규모 : 정면 5칸,  #역사 #근대문화",1.0.0,import,0.42,"[{""source"": ""gwangju_tour"", ""source_url"": ""https://tour.gwangju.go.kr/home/tour/info/history.cs?act=view&infoId=1428"", ""note"": ""규칙 기반 라벨 초안. 사람 교차검수 필요""}]",
gwangju_tour,history.cs:86,#무등산|#역사|#근대문화|#주차가능,0.5,1.0,0.0,0.0,0.0,0.0,0.0,0.0,"증심사 증심사는 광주지역의 대표적인 불교도량으로 무등산 서쪽 기슭에 자리 잡고 있다. 신라 헌인왕 4년(860) 철감선사가 창건하였고, 고려 선종 때(1094) 혜소국사가 중창하였다. 조선 세종 때(1443) 김방이 중창하였는데, 이때 오백나한이 조성되었다고 한다. 정유재란 때 불탔으나 광해군 때 또다시 증수되었다. 일제 강점기 일본불교에 대항하는 한국의 임제종 운동을 펼친 본거지가 바로 증심사였다. 6.25 전란으로 대부분 건물이 불타 없어졌으나 1970년 이후 활발한 복원작업을 펼처 지장전-비로전적묵당 등을 새로 건립하였다. 다행히 참화를 피한 오백전이 유일한 조선조의 건물인 셈이다. 증심사는 한국동란 때 원형을 잃어버렸지만 광주지역의 대표적 사찰이다. 무등산이라는 빼어난 산세의 중심에 있을뿐더러 오랜 역사를 갖고 있기 때문이다. 경내에는 오백전·3층석탑·5층석탑·7층석탑·오백나한 및 철조비로자나불좌상(보물 131)·석조보살입상 등이 보존되어 있다. #무등산 #역사 #근대문화 #주차가능",1.0.0,import,0.47,"[{""source"": ""gwangju_tour"", ""source_url"": ""https://tour.gwangju.go.kr/home/tour/info/history.cs?act=view&infoId=86"", ""note"": ""규칙 기반 라벨 초안. 사람 교차검수 필요""}]",
gwangju_tour,history.cs:200,#역사|#민주인권|#교육|#공원,0.0,1.0,0.0,0.0,0.5,0.0,0.5,0.0,"무각사 조계총림 송광사 광주포교당 무각사는 광주 서구의 팔경 가운데 하나인 여의산에 자리해 있으며, 1990년대 이후 광주의 행정, 문화, 상업이 이곳 여의산이 자리한 상무지구로 옮겨지면서 무각사는 광주불교 1번지로 자리잡아가고 있다. '일이 바라는대로 이루어진다'는 여의산에는 본래 극락암이라는 작은 암자가 자리해 있었고 1950년대 초반, 상무대(전투병과 교육사령부)가 들어서면서 장병들의 훈련공간이 되었다. 1971년 당시 송광사 방장 구산 큰스님과 지역불자의 원력으로 국민 총화 단결과 남북통일의 기원을 담아 민, 관, 군, 정신교육의 장으로 부처님 도량 무각사가 창건되었다. 1994년, 도심개발과 함께 상무대가 장성으로 옮겨지고 무각사를 포함한 여의산 일대 10만여 평이 5.18기념공원으로 명명되어 광주시민의 쉼터로 남게 되었고, 무각사도 불자와 시민들의 수행도량으로 가듭나 오늘에 이르고 있다. 2007년, 현 주지 청학스님이 부임한 직후 부터 시작한 제1차 천일기도를 원만히 회향하여 무각사를 대한불교 조계종단 소속으로 등기 이전 했으며 광주·호남 지역의 중심 사찰로 발돋움 할 수 있는 계기를 마련했다. 곧이어 2010년 5월 중창불사 원만 성취를 발원하는 기도를 입재하고 2013년 제2차 천일기도를 원만히 회향하여 근래 한국 불교계에서 찾아 볼 수 없는 깊은 감동과 신심을 불러 일으켰으며 사부대중의 수행 풍토를 일신시켰다. 2017년 2월 3차 천일기도 회향으로 무각사는 기도 수행뿐 아니라 시민과 함께 하는 도량으로 자리잡고 있다. 무각사는 도심 사찰로 드물게 일주문, 사천왕문, 대웅전, 종각 등 전통사찰의 형태를 여법하게 갖추고 있어 대가람으로 손색이 없다. 일주문에서 사천왕, 대웅전으로 이어지는 가람 형태는 도심 한복판에 자리해 있으면서도 깊은 산사에 들어선 듯 경건함마저 감돌고 있다. 이 밖에 일주문 옆에 자리한 광주불교회관에는 광주불교사암연합회를 비롯한 포교사단, 불교계 언론사 등 각종 신행단체가 입주해 지역불교를 이끌고 있다. 또한 무각사를 중심으로 5 #역사 #민주인권 #교육 #공원",1.0.0,import,0.5,"[{""source"": ""gwangju_tour"", ""source_url"": ""https://tour.gwangju.go.kr/home/tour/info/history.cs?act=view&infoId=200"", ""note"": ""규칙 기반 라벨 초안. 사람 교차검수 필요""}]",
gwangju_tour,history.cs:211,#역사|#전통|#공연|#가족체험|#축제|#아이동반|#주차가능,0.0,1.0,0.5,0.0,0.5,0.0,0.0,0.5,"원각사 광주시 동구 금남로 번화가에 위치한 대한 불교조계종 송광사의 광주 포교당으로 최근 중창된 대웅전, 사회활동장인 원각루, 그리고 요사채 두 동이 있다. 원각사 앞으로는 쉴 새 없이 자동차와 사람들이 오가며, 절에도 많은 사람이 참배하고 많은 모임과 행사를 통해 포교활동을 하고 있다. 특히, 불일서점이 있어 불교용품을 직접 팔고 있어 불교신자들에게 도움이 되고 있다. 법회에는 지장법회. 관음법회, 초사흘법회, 합창단법회, 어린이법회, 중고등학생법회, 청년회법회, 신도회법회, 거사림법회 등이 있고, 복지시설을 찾아 선행하는 청년회와 선우회, 그리고 음악회를 통해 선행하는 울림이라는 신행단체도 운영되고 있다.문화행사도 요가, 사군자법회 등 60여회의 다양한 법회가 있다. 복혜쌍수(福慧雙修)의 도량 광주 원각사는 다른 사찰과 다르게 인터넷 홈페이지도 개설되어 있고, 격월로 소식지도 발간하고 있어 말 그대로 완벽한 포교당의 역할을 하고 있다. * 원각사의 역사 * 1914년 선암사의 장금봉에 의해 선암사의 광주 포교당으로 창건되었다. 금봉기림의 뒤를 이어 신봉 및 청호로 계승되어져 1932년 포교사 하석이 부임하였고, 그 이후 이필중이 선친 송은 이규석의 유지를 받들어 중수 확장하였다. 1944년 당시 선암사의 관선 주지를 맡고 있던 포광 김영수가 지은 원각사의 창건과 그 내력을 알려주는 〈송은 이규석 박씨대덕화 헌성기념비〉(松隱 李圭錫 朴氏大德華 獻誠紀念碑)를 건립하였다. #역사 #전통 #공연 #가족체험 #축제 #아이동반 #주차가능",1.0.0,import,0.5,"[{""source"": ""gwangju_tour"", ""source_url"": ""https://tour.gwangju.go.kr/home/tour/info/history.cs?act=view&infoId=211"", ""note"": ""규칙 기반 라벨 초안. 사람 교차검수 필요""}]",
gwangju_tour,history.cs:323,#숲|#역사|#근대문화|#예술|#전시|#느린여행|#아이동반|#주차가능|#휠체어,0.5,1.0,0.75,0.0,0.0,0.0,0.75,0.0,"양림동역사문화마을 다양한 근현대 건축물과 100년이 넘는 거목이 즐비한 숲을 이루는 양림동은 역사와 건축, 문화예술박물관이다. 양림동은 일제강점기 선교사들이 교회를 열고 학교와 병원을 세워 '광주의 예루살렘', ‘서양촌' 이란 별칭이 따른다. 당시에 만들어진 기독교유적과 우리네 전통문화 유적이 좁다란 골목을 따라 오롯이 남아 있다. 민속길 을 따라 내려오면 최승효 가옥과 이장우 가옥 등 전통가옥들이 즐비하다. #숲 #역사 #근대문화 #예술 #전시 #느린여행 #아이동반 #주차가능 #휠체어",1.0.0,import,0.6,"[{""source"": ""gwangju_tour"", ""source_url"": ""https://tour.gwangju.go.kr/home/tour/info/history.cs?act=view&infoId=323"", ""note"": ""규칙 기반 라벨 초안. 사람 교차검수 필요""}]",
gwangju_tour,history.cs:156,#역사|#문화유산|#야경,0.0,1.0,0.0,0.0,0.0,0.0,0.0,0.5,"최승효 가옥 광주광역시 남구 양림동에 위치한 최승효 가옥은 광주광역시 시민속문화재 2호이다. 광주광역시 시민속문화재 1호인 이장우 가옥에서 왼쪽으로 5분 정도 걸어가면 최승효 가옥이 나온다. 양림산 동남쪽 끝 부분에 건축된 최승효 가옥 또한 서민들의 가옥이 아니다. 넓은 마당과 연못을 지닌 커다란 안채가 결코 서민들의 가옥이 아님을 여실히 보여준다. 그러나 이장우 가옥과는 다른 느낌이 나는 상류층 가옥이다. 장우 가옥이 화려한 멋이 있다면 최승효 가옥은 단아하고, 그리고 어딘지 모르게 흔들림 없는 엄정한 기품이 서려있다. 바로 독립운동가 최상현 집이다. 최상현의 후손인 최승효 부인이 현재 거주하고 있는 가옥은 1920년대 건축된 것이다. 이장우 가옥보다는 20년 정도 늦게 건축된 것이지만 한말의 전통가옥에서 개화기의 한옥으로 변화하는 과정을 살필 수 있는 가옥이라 할 수 있다. 이 가옥도 이장우 가옥구조에서 크게 벗어나지 않는다. 동쪽을 향한 일자형 정면 8칸, 측면 4칸의 안채는 오른쪽의 경사진 지형을 그대로 이용하여 조그만 공간의 반지하층을 만들었다. 서향인 뒤쪽은 너비 60센티미터의 마루를 두르고 미닫이 창문을 만들어서 서쪽의 빛을 차단하고 있다. 또 대청을 제외하고는 모든 장소에 다락을 설치하여 독립운동가들을 피신시키는 장소로 사용했다. [문화재정보] - 지정종목 : 광주광역시 민속문화재 제2호 - 지정연도 : 1989년 3월 20일 - 소장 : 최승효 - 시대 : 일제강점기 - 종류 : 가옥 #역사 #문화유산 #야경",1.0.0,import,0.53,"[{""source"": ""gwangju_tour"", ""source_url"": ""https://tour.gwangju.go.kr/home/tour/info/history.cs?act=view&infoId=156"", ""note"": ""규칙 기반 라벨 초안. 사람 교차검수 필요""}]",
gwangju_tour,culture.cs:1041,#무등산|#역사|#박물관|#예술|#전시|#실내|#비오는날|#주차가능,0.5,1.0,1.0,0.0,0.0,0.0,0.0,0.0,"분청사기전시실 무등산 분청사기 전시실은 1998년 광주광역시가 충효동 요지(사적 제141호)에 전시관을 건립하면서 개관했습니다. 조선 초기인 15~6세기에 광주 무등산 주변에서 생산되었던 분청사기의 역사를 소개하고 있습니다. 전시실은 건평 350㎡로 국립광주박물관에 대여해 온 자기와 도구, 주변 수습자료와 복제품 등 200여점의 실물자료와 함께 상감, 인화, 박지, 조화, 귀얄 등 그 제작기법이 자세하게 설명되어져 있고 가마시설을 재현한 미니어쳐는 관람객에게 눈길을 끌기에 충분합니다. 가마보호각에는 이곳에서 발굴 조사된 4개의 가마터 중 잔존상태가 가장 양호한 2호 가마터가 보존되어 있다. 광주광역시에서는 1994년 가마보호각을 설치하여 가마터의 침식과 붕괴 등으로 인한 훼손을 막고, 관람객의 편의를 위해 그 내부를 공개하고 있습니다. #무등산 #역사 #박물관 #예술 #전시 #실내 #비오는날 #주차가능",1.0.0,import,0.55,"[{""source"": ""gwangju_tour"", ""source_url"": ""https://tour.gwangju.go.kr/home/tour/info/culture.cs?act=view&infoId=1041"", ""note"": ""규칙 기반 라벨 초안. 사람 교차검수 필요""}]",
gwangju_tour,culture.cs:1264,#숲|#정원|#예술|#힐링|#공원|#야간|#실내|#비오는날,0.75,0.0,0.75,0.0,0.0,0.0,0.75,0.5,"사직단 신에게 제를 올리던 곳으로 갑오년(1984) 이후 광주의 여제와 함께 폐지되었으며, 한말에는 사직단을 군사 훈련장으로 사용하기도 했었다. 동물원이 들어서면서 그 자취가 없어졌는데, 1993년 광주시가 사직단을 복원, 1994년 광주 향우회 회장(최기영)에 의해 1백년 만에 사직제가 부활되었다. 사직단은 국토의 신과 오곡의 신, 두 신에게 제사를 올리는 제단이다. 국토와 오곡은 민생의 근본이므로 삼국 시대부터 국태민안을 기원하는 사직단을 설치하여 친히 왕이 나가서 제사를 올렸다. 지방에서는 성주가 제주가 되었으므로 광주 목사가 매년 제사를 주관하였다. 사직단은 종묘와 함께 신성시되어 종사(宗社)라고도 했다. 사직제는 매년 맹춘(정월) 상신일에 기고제(그해 풍년을 비는 제), 중춘(음력6월), 중추(음력 8월) 상무일, 납일(음력 12월 8일)걸쳐, 네 차례 거행되었으며, 가뭄에는 기우제, 비가 많이 오면 '기정제', 눈이 오지 에 않으면 '기설제'를 지냈다. 또한 사직제는 혈제(血祭)라 하여 제수에 돼지머리나 양머리를 날것으로 봉헌했다. * 사직단이 있는 사직공원에 대하여 * 사직공원의 터는 원래 사직단이 있던 곳이다. 1894년 제사가 폐지되고 1960년대 말에 사직동물원이 들어서면서 사직단은 헐리고 말았다. 그 뒤 사직단의 본래의 모습을 되찾아야 한다는 여론이 조성되자 1991년 동물원을 우치공원으로 옮기고 사직단을 복원하여 현재에 이르고 있다. 사직공원은 각종 수목 및 화초들의 조경이 잘 되어 있으며 특히 매년 4월 15일을 전후해서 벚꽃이 만발, 광주시는 이 무렵이면 밤에 전등을 가설하여 시민들이 밤에도 벚꽃을 즐길 수 있도록 했다. 지금은 시민들이 가장 즐겨찾는 휴식처로 자리매김하게 되었다. #숲 #정원 #예술 #힐링 #공원 #야간 #실내 #비오는날",1.0.0,import,0.5,"[{""source"": ""gwangju_tour"", ""source_url"": ""https://tour.gwangju.go.kr/home/tour/info/culture.cs?act=view&infoId=1264"", ""note"": ""규칙 기반 라벨 초안. 사람 교차검수 필요""}]",
gwangju_tour,culture.cs:1261,#자연|#문화유산|#예술|#느린여행|#실내|#비오는날,0.5,0.5,0.75,0.0,0.0,0.0,0.5,0.0,"삼거동 고인돌 삼거동 고인돌은 평동∼삼도간 도로와 함평∼나산간 도로의 삼각 지점에 위치하는 구릉지대에 위치해 있다. 고인돌은 청동기 시대의 대표적인 무덤으로 이 곳에는 반경 200m 이내의 구릉상에 2개군 49기가 분포되어 있다.고인돌의 형태는 덮개 돌과 덮개 돌을 받치는 굄돌, 무덤방으로 이루어지나 굄돌이 없는 경우도 있다. 굄돌의 유무와 높이에 따라 남방식과 북방식으로 구분되는데, 이 곳 고인돌은 모두 굄돌이 낮거나 없는 남방식이다. 49기 중 굄돌이 없는 고인돌은 20여기이며 10여기는 무덤방이 노출되었다. 덮개돌의 형태는 장방형이 일부 있으나 대부분 원형이나 타원형이다. 가군은 23기로, 군집 형태는 동서 2열이며, 굄돌은 판석형이나 자연석을 이용하였다. 덮개돌은 2기만 100m~130m로 비교적 두꺼운 편이며, 나머지는 얇고 밑부분이 땅에 밀착되어 있다. 덮개돌의 장축 방향은 동서 방향이 대부분이다. 나군은 26기로 구릉 경사면에 남북 1열로 분포되어 있는데, 북두칠성의 배치와 비슷하다. 크기는 비교적 소형으로, 가군과 비교하여도 작은 편이다. 덮개돌은 땅에 밀착되어 있으며 장축은 모두 군집방향과 같은 남북이다. 그리고 마을 이름도 나군 고인돌에서 유래된 것 인듯하다. 삼거동 고인돌이 위치하고 있는 곳에는 채석장이 없다. 그러므로 이곳의 고인돌을 만드는 데에 쓰인 석재는 외부에서 가져와 인위적으로 만들었다는 것을 알 수 있다. 고인돌 주변에 최영남이 경작하는 밭에는 유약이 없는 경질의 토기 조각들과 강돌이 흩어져 있다. 이로써 이곳이 선사인들의 취락지였을 것으로 추정된다. [문화재 정보] - 지정종목 : 광주광역시 문화재자료 제17호 - 지정연도 : 1990년 11월 15일 - 시대 : 청동기 - 종류 : 고인돌 #자연 #문화유산 #예술 #느린여행 #실내 #비오는날",1.0.0,import,0.45,"[{""source"": ""gwangju_tour"", ""source_url"": ""https://tour.gwangju.go.kr/home/tour/info/culture.cs?act=view&infoId=1261"", ""note"": ""규칙 기반 라벨 초안. 사람 교차검수 필요""}]",
gwangju_tour,culture.cs:1259,#예술|#체험|#느린여행|#실내|#비오는날,0.0,0.0,0.75,0.0,0.5,0.0,0.5,0.0,"송호영당 송호영당은 눌재 박상(朴祥)과 사암 박순(朴淳)의 영정을 모시고 있는 곳으로 1728년에 건립되었다. 원래 박상의 출생지인 서창동 절골마을에 있었으나 후에 현 위치로 옮겼다. 이곳은 1995년 12월 22일부터 1996년 4월 16일까지 사당, 담장, 진입계단의 보수공사가 이루어졌고, 1997년 10월 12일부터 1998년 1월 16일까지 효자각을 건립하였다. 이후 1998년 9월 2일부터 10월 14일까지 사우석축을 보수하였다.이 영당의 기단은 시멘트 기단위에 중앙은 영정봉안장소로 사용되고 좌우에는 온돌방을 만들기 위해 칸막이를 설치하였다. 뒤쪽 벽에는 창방소로 장혀위에 납도리를 걸쳤고 전면에는 단청을 하였으나 퇴락하였다. 창호는 분합문이며 빗살(교살) 창살으로 되어있고 주두위의 포작은 익공식을 따르고 있다. 처마는 겹처마이며 담징을 붉은 벽돌로 쌓았으며 대문은 평문이다. * 눌재 박상과 사암 박순 * 눌재 박상(1472∼1530)은 연산군 7년(1501)에 정시을과에 급제하여 교서관 정자를 시작으로 중종 24년(1529) 나주목사를 마치기까지 약 29년간 조정에 몸담았다. 사암 박순(1523∼1548)은 그의 조카로 조선중기의 문인학자이다. 사암은 명종 8년(1553)에 정시문과에 장원한 뒤 예문관전적을 시작으로 약 35년간 조정에 있었다. 송호영당에는 사암과 눌재의 문집도 보관되고 있다. #예술 #체험 #느린여행 #실내 #비오는날",1.0.0,import,0.42,"[{""source"": ""gwangju_tour"", ""source_url"": ""https://tour.gwangju.go.kr/home/tour/info/culture.cs?act=view&infoId=1259"", ""note"": ""규칙 기반 라벨 초안. 사람 교차검수 필요""}]",
gwangju_tour,culture.cs:148,#예술|#느린여행|#실내|#비오는날,0.0,0.0,0.75,0.0,0.0,0.0,0.5,0.0,"수완동 왕버들 이 왕버들은 광산구 수완동 하완마을 앞의 모정 옆에 한 그루가 있고, 이곳에서 남동쪽으로 약 150m의 거리에 한 그루가 서있다. 이 나무들의 수령은 350~400년으로 추정된다 이 나무가 서있는 곳은 수문1저수지의 둑 양쪽 끝인데 마을사람들에 의하면 예전에는 저수지 둑을 따라 열 지어서 왕버들이 있었다고 한다. 수문1저수지는 1879년에 편찬한 광주읍지에 기록된 완동방죽인데, 이 나무들의 수령으로 보아 350 여 년 이전에도 저수지가 존재하였음을 알려주는 것이라 하겠다. 따라서 이 나무는 우리의 농경문화와도 기밀한 관련을 가지고 있는 것이다. 또한 이 나무들은 마을의 당산나무로서, 해방 전까지는 당산제를 지내고 나서 농악을 쳤다고 전해진다. 현재는 당산제를 지내지 않지만 모정 옆에 있는 나무의 앞에는 당산제와 관련된 것으로 짐작되는 돌이 남아 있다. 하완마을의 옛 명칭은 '통머리'이고 전주 이씨가 많이 살고 있다. #예술 #느린여행 #실내 #비오는날",1.0.0,import,0.4,"[{""source"": ""gwangju_tour"", ""source_url"": ""https://tour.gwangju.go.kr/home/tour/info/culture.cs?act=view&infoId=148"", ""note"": ""규칙 기반 라벨 초안. 사람 교차검수 필요""}]",
gwangju_tour,culture.cs:1267,#문화유산|#박물관|#예술|#전시|#실내|#비오는날,0.0,0.75,0.75,0.0,0.0,0.0,0.0,0.0,"신룡동오층석탑 신룡동에서 낙암산쪽으로 약300∼400m 떨어진 외딴 민가 옆에 우뚝 솟아 있다. 어느 때부터인지 몰라도 기단부의 중석과 지대(석 일부가 파손되고 상층기단의 면석 이매가 결실된 상태였던 것을 1981년 9월 완전히 해체 복원하였다. 이 때 1층탑신 상면 중앙의 사이공에서 사각방형의 금동사이함과 사이병, 그리고 몇 조각의 목편 ,죽편 등의 사이구가 발견되었다. 사이구는 국립광주박물관에서 보존하고 있다. 석탑의 형식을 보면 기단부는 이중기단이며 지대석은 4개의 석재를 결구하여 하대석을 겸했고, 4면에 귀기둥과 버팀기둥을 각출하여 일면을 이구로 구분하였다. 그 위로 하대갑석을 얹었는데 하대갑석은 2매의 판석으로 짰으며 갑석 윗면은 경미한 경사를 나타내고 1단의 각형괴임을 표현하였다. 상층기단은 4매의 면석과 갑석으로 이루어졌는데 면석의 4면에는 역시 귀기둥과 버팀기둥이 표출되어 있고 한 장으로 된 갑석은 아래 쪽에는 부연, 위 쪽 중앙에는 1단 괴임을 만들어 탑신을 받치고 있다. 탑신부는 각층마다 옥개석과 탑신이 각각 한 개의 돌로 만들어 졌는데 1층 탑신은 특별한 조식이 없이 4면의 양쪽 모서리에 귀기둥을 나타냈다. 옥개석 상면의 우동은 뚜렷하고 추녀를 내려와서는 완연하게 되바라졌으며 층급받침은 4단이다. 이처럼 1층부터 3층까지 4단이던 층급받침은 4∼5층에서는 더욱 간화되어 3단으로 줄어들었다. 탑신도 2층 탑신부터는 갑자기 높이가 짧아지면서 5층까지 알맞게 체감되어 5층탑이면서도 전반적으로 안정감을 주고 있다. 상륜부에는 노반과 보주가 갖추어져 있으나 석질과 색감이 달라 후보한 것으로 보인다. 이 석탑의 형식(形式)을 살펴보면 이중기단으로 상하층 기단 각면에 귀기둥과 버팀기둥이 있고, 각 옥개석 상면에 탑신을 받는 1단괴임이 있는 등 통일신라시대의 영향을 많이 받고 있으나, 그 고준한 형태와 간화된 층급받침 등으로 미루어 고려초기의 탑으로 추정된다. [문화재 정보] - 지정종목 : 광주광역시 유형문화재 제12호 - 지정연도: 1982년 10월 15일 - 시대 #문화유산 #박물관 #예술 #전시 #실내 #비오는날",1.0.0,import,0.45,"[{""source"": ""gwangju_tour"", ""source_url"": ""https://tour.gwangju.go.kr/home/tour/info/culture.cs?act=view&infoId=1267"", ""note"": ""규칙 기반 라벨 초안. 사람 교차검수 필요""}]",
gwangju_tour,food.cs:1353,#로컬푸드|#맛집|#실내|#비오는날|#주차가능,0.0,0.0,0.0,0.75,0.0,0.0,0.0,0.0,"꿀단지 [안심식당 인증 음식점] 광주광역시 남구에 위치한 꿀단지는 생고기와 생연어, 생삽겹을 코스로 즐길 수 있는 곳이다. 신선한 고기와 친절한 서비스로 꿀단지를 방문하는 손님들에게 최고의 만족감을 드리기 위해 노력하고 있다. #로컬푸드 #맛집 #실내 #비오는날 #주차가능",1.0.0,import,0.42,"[{""source"": ""gwangju_tour"", ""source_url"": ""https://tour.gwangju.go.kr/home/tour/info/food.cs?act=view&infoId=1353"", ""note"": ""규칙 기반 라벨 초안. 사람 교차검수 필요""}]",
gwangju_tour,food.cs:1431,#로컬푸드|#실내|#비오는날|#주차가능|#휠체어,0.0,0.0,0.0,0.75,0.0,0.0,0.0,0.0,나나방콕 상무본점 푸릇하고 따뜻한 동남아 휴양지 인터리어에서 한국화 한 조리 레시피로 전 연령대가 즐길 수 있는 맛있는 태국음식을 제공합니다. #로컬푸드 #실내 #비오는날 #주차가능 #휠체어,1.0.0,import,0.38,"[{""source"": ""gwangju_tour"", ""source_url"": ""https://tour.gwangju.go.kr/home/tour/info/food.cs?act=view&infoId=1431"", ""note"": ""규칙 기반 라벨 초안. 사람 교차검수 필요""}]",
gwangju_tour,food.cs:1188,#로컬푸드|#전통음식|#실내|#비오는날,0.0,0.0,0.0,0.75,0.0,0.0,0.0,0.0,"남가정 양념갈비,갈비찜,떡갈비가 유명한 대한명인의 생갈비 전문점입니다. #로컬푸드 #전통음식 #실내 #비오는날",1.0.0,import,0.4,"[{""source"": ""gwangju_tour"", ""source_url"": ""https://tour.gwangju.go.kr/home/tour/info/food.cs?act=view&infoId=1188"", ""note"": ""규칙 기반 라벨 초안. 사람 교차검수 필요""}]",
gwangju_tour,food.cs:1432,#로컬푸드|#실내|#비오는날|#주차가능,0.0,0.0,0.0,0.75,0.0,0.0,0.0,0.0,다도해물나라 넓은 홀과 룸이 있어 회식과 특별한 모임 장소로 적합한 곳입니다. 살이 오른 아귀와 콩나물이 조화를 이루는 아귀찜은 대표메뉴 입니다. 매운음식이 부담스럽다면 생아귀들깨탕을 추천합니다. #로컬푸드 #실내 #비오는날 #주차가능,1.0.0,import,0.38,"[{""source"": ""gwangju_tour"", ""source_url"": ""https://tour.gwangju.go.kr/home/tour/info/food.cs?act=view&infoId=1432"", ""note"": ""규칙 기반 라벨 초안. 사람 교차검수 필요""}]",
gwangju_tour,food.cs:1181,#로컬푸드|#전통음식|#체험|#실내|#비오는날,0.0,0.0,0.0,0.75,0.5,0.0,0.0,0.0,"다르다김밥,주먹밥 건강한 맛을 추구하는 광주의 김밥, 주먹밥 브랜드입니다. 다르다김밥,주먹밥은 유기농 쌀과 친환경 김, 100% 국산김치를 사용합니다. 또한 소고기는 한우만을 고집하며 모든 재료는 직접 조리합니다. “다르다가 추구하는 맛은 고객 건강입니다”라는 슬로건을 세워 항상 신선하고 좋은 재료로 음식을 만들기 때문에 믿고 먹을 수 있습니다. #로컬푸드 #전통음식 #체험 #실내 #비오는날",1.0.0,import,0.42,"[{""source"": ""gwangju_tour"", ""source_url"": ""https://tour.gwangju.go.kr/home/tour/info/food.cs?act=view&infoId=1181"", ""note"": ""규칙 기반 라벨 초안. 사람 교차검수 필요""}]",
gwangju_tour,sports.cs:416,#체험|#가족체험|#야구|#스포츠|#아이동반|#주차가능,0.0,0.0,0.0,0.0,0.75,1.0,0.0,0.0,"광주기아챔피언스필드 원래는 광주 무등경기장 주경기장이었지만 2011년 경기장을 철거한 후 2012년 야구장 공사를 착공하여 2013년 12월에 지하 2층, 지상 5층, 22,244석, 최대 수용인원 27,000명 규모로 완공하였다. 관람 외야 중앙에 35mⅹ15m 규모의 대형 전광판이 설치되어 있으며 전광판 아래쪽에는 아이들을 위한 놀이시설이 구비되어 있다. #체험 #가족체험 #야구 #스포츠 #아이동반 #주차가능",1.0.0,import,0.55,"[{""source"": ""gwangju_tour"", ""source_url"": ""https://tour.gwangju.go.kr/home/tour/info/sports.cs?act=view&infoId=416"", ""note"": ""규칙 기반 라벨 초안. 사람 교차검수 필요""}]",
gwangju_tour,sports.cs:368,#자연|#역사|#박물관|#전시|#전통음식|#체험|#스포츠,0.5,0.75,0.75,0.75,0.75,0.75,0.0,0.0,"광주김치타운 광주김치타운은 광주 도심속의 녹색공간인 광주광역시 남구 임암동 675번지 일원에 부지 79,932㎡, 연면적 8,782㎡ 지하2층, 지상4층으로 조성되었습니다. 주요시설에는 김치의 역사, 유물 등을 한눈에 볼 수 있는 김치박물관, 위해요소가 전혀 없는 최첨단 김치HACCP공장, 직접 담가보고 시식해보는 김치체험장, 전시판매장 등이 있으며, 순환도로 및 주요도로 연결지점에 위치하여 접근성이 우수하며 쾌적하고 아늑한 자연환경에 에워싸여 있는 천혜의 경관을 지니고 있습니다. #자연 #역사 #박물관 #전시 #전통음식 #체험 #스포츠",1.0.0,import,0.55,"[{""source"": ""gwangju_tour"", ""source_url"": ""https://tour.gwangju.go.kr/home/tour/info/sports.cs?act=view&infoId=368"", ""note"": ""규칙 기반 라벨 초안. 사람 교차검수 필요""}]",
gwangju_tour,sports.cs:370,#예술|#전시|#체험|#교육|#스포츠|#공연,0.0,0.0,0.75,0.0,0.75,0.75,0.0,0.5,"광주남구문화예술회관 남구문예회관은 남구지역주민들에게 가까운 공간에서 다채롭고 수준 높은 공연과 예술작품 등을 경험하실 수 있도록 하는 기관입니다. 앞으로도 문화예술공연(기획공연 및 전시)과 문화교육, 공연장 및 전시실 대관사업, 구민을 위한 무료 영화상영, 동호회 문화클럽, 이벤트활동 지원사업, 문화예술 지원사업, 홍보 및 공모사업 등을 통해 남구지역주민들에게 문화와 예술을 가까이 에서 경험하실 수 있도록 최선의 노력을 다하겠습니다. [출처] 광주남구문화예술회관 #예술 #전시 #체험 #교육 #스포츠 #공연",1.0.0,import,0.53,"[{""source"": ""gwangju_tour"", ""source_url"": ""https://tour.gwangju.go.kr/home/tour/info/sports.cs?act=view&infoId=370"", ""note"": ""규칙 기반 라벨 초안. 사람 교차검수 필요""}]",
gwangju_tour,sports.cs:311,#전통|#예술|#공연|#체험|#참여형|#스포츠|#공원|#야경|#휠체어,0.0,0.5,1.0,0.0,0.75,0.75,0.5,0.75,"광주예술의전당 광주문예회관은 대극장과 소극장, 국악당, 원형무대, 조각공원으로 구성 되어 있으며, 광주시립교향악단을 비롯하여 무용단, 국악단, 국악관현악단, 합창단, 소년소녀합창단 등 6개 시립예술단이 소속되어 있다. 대극장은 오페라, 발레, 뮤지컬 등 다양한 장르의 공연을 목적으로 설계된 공간이다. 1,732석 규모로 회전무대와 이동무대, 승강무대를 갖춘 이곳 대극장은 연중 공연이 열리는 공연문화의 메카이다. 소극장은 연극을 비롯하여 음악, 국악, 콘서트를 할 수 있는 다목적 예술 공간이다. 90도 각도의 세미오픈스테이지 형식으로 단층형 이동객석 509석을 갖춘 이곳은 배우의 표정과 숨소리까지 느낄 수 있는 것이 매력이다. 국악당은 남도소리의 전통과 보존을 위해 1992년 12월 완공되었으며, 시립국극단과 시립국악관현악단 연습실과 남도소리 체험의 장이 있다. 국악당 건물 입구에는 국창 임방울의 예술혼을 기리는 동상이 있다. 광주문예회관에는 문화수도 광주의 첨병이라고 할 수 있는 6개 시립예술 단체가 있다. 광주시립무용단은 전국의 시립무용단 가운데 유일한 발레단이다. 국립발레단 유니버셜발레단과 함께 우리나라 3대 발레단으로 탄탄한 실력을 인정받고 있는 광주시립무용단은 고전발레에서 창작발레에 이르는 다양한 레퍼토리를 보유하고 있다. 광주시립국극단은 판소리 성지인 예향 광주를 빛내고자 1989년 창단된 이래 창극 놀부전, 심청전, 춘향전, 강릉매화전, 배비장전 등 정기공연을 가졌으며, 일본 외무성초청, 김대중 대통령 APEC정상회담, 뉴질랜드 국빈방문 경축공연 등을 통해 국위를 선양하고 있다. 대한민국 5대 교향악단의 하나로 평가 받고 있는 광주시립교향악단, 시민의 정서함양을 위해 출범한 시립합창단과 소년소녀합창단, 국악의 조화로운 발전을 위해 1994년 창단된 광주시립국악관현악단 등도 시민들의 사랑을 받고 있다. 광주문예회관에서는 특별기획 프로그램으로 화요예술무대와 남도소리상설공연을 매달 마련하고 있다. 1993년 국악의 해를 맞이하여 시작된 화요예술무대는 매월 첫째 화요일에 #전통 #예술 #공연 #체험 #참여형 #스포츠 #공원 #야경 #휠체어",1.0.0,import,0.6,"[{""source"": ""gwangju_tour"", ""source_url"": ""https://tour.gwangju.go.kr/home/tour/info/sports.cs?act=view&infoId=311"", ""note"": ""규칙 기반 라벨 초안. 사람 교차검수 필요""}]",
gwangju_tour,sports.cs:273,#전통|#체험|#레저|#축구|#스포츠|#야간|#주차가능,0.0,0.5,0.0,0.0,0.75,1.0,0.0,0.5,"광주월드컵경기장 환경친화적인 경기장으로 설계되어 국제축구연맹(FIFA)실사단으로부터 '가장 아름다운 구장' 이라는 평가와 월드컵 4강 신화의 현장인 월드컵경기장은 이 지역 전통민속놀이 '고'를 형상화해 이색적인 모습을 갖추고 있다. 밤에 바라보는 달맞이는 현대인의 가슴에 찡한 감동을 불러주기에 손색이 없다. 광주월드컵경기장은 4만 3천여명을 동시에 수용할 수 있는 축구전용경기장으로 미디어센터, 선수대기실, 통신 및 의료시설과 최고의 서비스를 가능케 하는 각종 부대시설 등 관람객과 선수를 동시에 만족시키는 최첨단시설을 갖추고 있다. ○규 모 : 지하1/지상1·2층, 건축면적 870.70㎡ ○부지면적 : 327,391㎡ ○건축연면적 : 87,429.2㎡ ○관람석수 : 43,121석 (고정석 38,041, 가변석 5,080) ※ VIP석 : 2,270/ 스카이박스는 없음. ○지붕비율 : 고정관람석의 60 [출처: 서구청 누리집] #전통 #체험 #레저 #축구 #스포츠 #야간 #주차가능",1.0.0,import,0.57,"[{""source"": ""gwangju_tour"", ""source_url"": ""https://tour.gwangju.go.kr/home/tour/info/sports.cs?act=view&infoId=273"", ""note"": ""규칙 기반 라벨 초안. 사람 교차검수 필요""}]",
gwangju_tour,sports.cs:397,#박물관|#예술|#전시|#체험|#교육|#스포츠|#힐링|#야경|#아이동반|#주차가능,0.0,0.5,0.75,0.0,0.75,0.75,0.5,0.5,"국립광주과학관 국립광주과학관은 정부의 2003년 과학관육성계획에 따라 추진 설립되었다. 광주 첨단산업단지에 조성된 광주과학관은 빛과 과학과 예술에 특화된 과학관으로서 우주선 모양의 건물 외형에 미래를 향한 꿈과 희망을 담았으며, 체험 중심 전시물들로 주로 구성되어 관람객들이 오감으로 체험하면서 상상력과 창의력을 키우고 미래지향적 사고를 키우고 과학에 대한 이해와 호기심을 충족할 수 있다. 빛과 예술을 테마로 문을 연 국립광주과학관은 ‘빛, 예술, 과학’이란 차별화된 주제와 재미, 교육, 휴식이 있는 전시품의 제작 방향은 지역산업과 문화 ․ 예술을 특화시켜 과학기술과 문화의 발전 비전을 제시하고 있다. 상설전시관 2개에 기획전시관으로 구성되어 있으며, 첨단과학시설을 갖추었다. 이외에 어린이관과 천체투영관, 3D관, 이동천문대 등이 있다. #박물관 #예술 #전시 #체험 #교육 #스포츠 #힐링 #야경 #아이동반 #주차가능",1.0.0,import,0.57,"[{""source"": ""gwangju_tour"", ""source_url"": ""https://tour.gwangju.go.kr/home/tour/info/sports.cs?act=view&infoId=397"", ""note"": ""규칙 기반 라벨 초안. 사람 교차검수 필요""}]",
gwangju_tour,history.cs:217,#역사|#민주인권|#맛집,0.0,1.0,0.0,0.5,0.0,0.0,0.0,0.0,"505보안부대옛터(사적26호) ""지하실에서 고문이 자행되던 곳"" 국군병원에서는 이곳에 오는 걸 제일 두려워했을 만큼 가장 잔인한 곳이었다고 한다. 기념비가 가장 최근에 설치된 곳이고 5·18역사 건물임에도 불구하고 관리가 전혀 되고 있지 않다. 보안부대 정문은 자물쇠로 잠겨있고 접근금지 표지판이 있지만 경비실 초소를 통해 외부인의 출입이 자유로운 상황이다. 사적지 내부는 2009년 4월 1일 발생한 화재로 식당건물지붕이 무너져 내렸고 내부도 새까맣게 탔다. 행정동 건물 또한 일부 구조물들이 뜯겨져 쓰러졌고 유리창은 곳곳이 깨져 있다. 상무대와 법정이 새로 지어 져 그 때 상황들을 재연하기 위한 공간이라면 이곳 505 보안부대 옛터는 그 때 당시의 아픔을 고스란히 간직한 공간이라고 할 수 있다. #역사 #민주인권 #맛집",1.0.0,import,0.47,"[{""source"": ""gwangju_tour"", ""source_url"": ""https://tour.gwangju.go.kr/home/tour/info/history.cs?act=view&infoId=217"", ""note"": ""규칙 기반 라벨 초안. 사람 교차검수 필요""}]",
gwangju_tour,history.cs:214,#역사|#민주인권,0.0,1.0,0.0,0.0,0.0,0.0,0.0,0.0,"5·18구묘지(사적24호) “오월영령 민주주의를 영원히 수호하다!” 이곳은 5.18민중항쟁 당시 산화한 영령들이 묻혔던 곳으로 ‘망월동 묘지’라 불려왔다. 당시 시민들은 공포와 분노에 떨며 처참하게 훼손된 주검을 손수레에 싣고 와 이곳에 묻었고, 연고자가 나타나지 않거나 5월 27일 도청 함락 때 희생된 주검은 청소차에 실려와 묻혔다. 그 뒤 이곳이 '민주성지'로 세계적으로 각광을 받게 되자 군사반란집단은 묘를 파내게 하는 등 묘지 자체를 없애려 획책하기도 했다. 그 후 5.18묘지가 완성되자 이곳에 묻혔다. 구 묘역은 당시의 참상을 처절하게 안고 있는 곳인 데다 국내외 참배객들이 수없이 다녀간 곳으로 현재도 그대로 보존하고 있다. #역사 #민주인권",1.0.0,import,0.5,"[{""source"": ""gwangju_tour"", ""source_url"": ""https://tour.gwangju.go.kr/home/tour/info/history.cs?act=view&infoId=214"", ""note"": ""규칙 기반 라벨 초안. 사람 교차검수 필요""}]",
gwangju_tour,history.cs:218,#역사|#민주인권|#전시|#교육|#공원|#주차가능|#휠체어|#반려동물,0.0,1.0,0.5,0.0,0.5,0.0,0.75,0.0,"5·18기념공원 1995년 상무대 이전과 함께 정부가 광주시민에 대한 보상차원에서 상무 신도심 개발지구내에 330,000㎡을 시민공원 부지로 무상 양여함에 따라, 5·18의 명예회복과 값진 교훈을 올바르게 계승·발전시키기 위하여 208,000㎡ 규모의 5·18기념공원을 조성하였다. 5·18기념공원에는 기념문화관, 현황조각 및 추모승화 공간, 오월루 등 5·18관련 시설물과 휴게 공간 및 공원기반 시설이 들어서 21세기를 준비하는 발전의 장으로서 역할을 하고 있다. 특히 기념문화관은 5·18정신에 대한 교육의 장 및 인권센터의 기능을 수행하며, 숭고한 정신의 계승·발전 도모하고 있다. 공원 안에는 1972년 상무대 내에 창건된 무각사와 홍익인간 정신을 계승하는 단군전이 있다. #역사 #민주인권 #전시 #교육 #공원 #주차가능 #휠체어 #반려동물",1.0.0,import,0.53,"[{""source"": ""gwangju_tour"", ""source_url"": ""https://tour.gwangju.go.kr/home/tour/info/history.cs?act=view&infoId=218"", ""note"": ""규칙 기반 라벨 초안. 사람 교차검수 필요""}]",
gwangju_tour,history.cs:215,#역사|#민주인권|#체험,0.0,1.0,0.0,0.0,0.5,0.0,0.0,0.0,"5·18민주광장(사적5-2호) ""대한민국은 민주공화국이다!"" 5·18민주광장은 한국 민주주의의 상징적 장소다. 5·18민중항쟁 당시 광주시민들이 분수대를 연단으로 하여 각종 집회를 열어 항쟁 의지를 불태웠다. 5월 19일 이전 3일 동안 학생과 시민들은 이곳에 모여 대규모 '민족민주화대성회'를 열고 시국선언문을 발효해 군사통치 종식과 민주화를 촉구하였다. 이 집회에는 광주시내 고등학생들도 대거 참여하였다. 5월 21일 계엄군 철수 이후 끊임없이 민주화투쟁 결의를 다지는 각종 궐기대회가 열렸던 이곳은 바로 5·18민중항쟁 정신을 낳은 산실이다. 항쟁 후에도 전국에서 벌어진 민주화투쟁 과정에서 산화한 민주 열사들의 영혼이 이곳에 들러 시민들의 분향을 받으며 전국민의 투쟁의지를 일깨웠다. #역사 #민주인권 #체험",1.0.0,import,0.5,"[{""source"": ""gwangju_tour"", ""source_url"": ""https://tour.gwangju.go.kr/home/tour/info/history.cs?act=view&infoId=215"", ""note"": ""규칙 기반 라벨 초안. 사람 교차검수 필요""}]",
gwangju_tour,history.cs:219,#역사|#민주인권|#공원|#아이동반|#휠체어,0.0,1.0,0.0,0.0,0.0,0.0,0.75,0.0,5·18자유공원 이곳은 1980년 당시 상무대의 군사법정과 영창 등이 있던 곳이다. 영창과 법정은 80년 당시 5·18민중항쟁 관련 인사들이 구금되어 있던 영창과 군사재판을 받았던 상무대 법정을 원래의 위치에서 100미터 정도 떨어진 곳으로 옮겨 원래의 모습으로 복원.재현한 곳이다. #역사 #민주인권 #공원 #아이동반 #휠체어,1.0.0,import,0.45,"[{""source"": ""gwangju_tour"", ""source_url"": ""https://tour.gwangju.go.kr/home/tour/info/history.cs?act=view&infoId=219"", ""note"": ""규칙 기반 라벨 초안. 사람 교차검수 필요""}]",
gwangju_tour,history.cs:216,#역사|#민주인권,0.0,1.0,0.0,0.0,0.0,0.0,0.0,0.0,"5·18최초발포지-광주고교앞(사적21호) ""학살이 시작되는 곳-최초의 발포지"" 이곳은 5·18민중항쟁 때 계엄군이 비무장 시민을 향해 최초로 발포를 했던 곳이다. 5월 19일 계엄군 장갑차가 시위 군중에게 포위되자 시민을 향해 발포, 당시 조대부고에 다니던 학생이 총상을 입었다. 이 발포 사실이 알려지자 시민들은 계엄군의 과잉진압에 극도로 격분하게 되었고, 투쟁이 한층 더 거세지는 계기가 되었다. #역사 #민주인권",1.0.0,import,0.45,"[{""source"": ""gwangju_tour"", ""source_url"": ""https://tour.gwangju.go.kr/home/tour/info/history.cs?act=view&infoId=216"", ""note"": ""규칙 기반 라벨 초안. 사람 교차검수 필요""}]",
gwangju_tour,culture.cs:179,#숲|#정원|#박물관|#예술|#전시|#실내|#비오는날,0.75,0.5,0.75,0.0,0.0,0.0,0.0,0.0,"신용동 오층석탑 신용동에서 낙암산(樂岩山) 쪽으로 약 300～400m 떨어진 외딴 민가 뒤에 있다. 이곳에 있었던 절의 이름은 알려지지 않고 있다. 이중기단위에 5층의 탑신을 세웠는데, 전체적으로 가늘고 높다. 기단부는 상층과 하층에 면기둥〔撑柱이 1개씩 조각되어 있고, 갑석(甲石) 윗면의 괴임은 상층과 하층이 모두 1단이다. 탑신과 지붕돌은 하나의 돌로 만들었는데, 탑신에는 귀기둥만을 조각하였다. 지붕의 아랫면에는 1층부터 3층까지는 4단, 4층 이상은 3단의 받침이 있고, 윗면에는 모서리에 강한 반전이 있다. 상륜부는 노반(露盤)만 남아있고, 그 위에 복발로 보이는 작은 돌이 올려져 있으나 상륜부재인지 확실하지 않다. 원래 기단부가 파괴되어 1981년 복원 할 때에 1층에서 사리장치(舍利藏置)가 발견되었다. 사리장치는 금동으로 만든 작은 상자 안에 금동사리병(金銅舍利甁)이 들어 있었으며, 그 밖에 금동으로 만든 연꽃모양 판, 나무로 깍은 작은 탑, 대나무조각 등이 발견되었다. 이 사리장치는 국립광주박물관에 보관되어 있다. 기단부의 세부적인 부분이 간략해지고 전체적으로 가늘고 높은 형태, 안에서 발견된 사리장치 등으로 보아 옆에 서있는 석불과 함께 고려시대 초기에 세워진 것으로 추정된다. #숲 #정원 #박물관 #예술 #전시 #실내 #비오는날",1.0.0,import,0.47,"[{""source"": ""gwangju_tour"", ""source_url"": ""https://tour.gwangju.go.kr/home/tour/info/culture.cs?act=view&infoId=179"", ""note"": ""규칙 기반 라벨 초안. 사람 교차검수 필요""}]",
gwangju_tour,culture.cs:1263,#역사|#예술|#가족체험|#실내|#비오는날|#아이동반,0.0,0.75,0.75,0.0,0.5,0.0,0.0,0.0,"신창동 선사유적지 신창동 선사유적지는 영산강 유역의 충적대지와 낮은 구릉지대에 위치하고 있다. 유적의 북쪽 1.5km에 월계동 장고분(기념물)이 있다. 이곳에는 초기 철기시대(기원전 2~1세기)의 늪과 못 터, 토기 가마터, 배수 시설, 집자리, 독무덤 등 고대 농경 생활과 관련된 유적이 집중된 곳이다. 독무덤은 토착 농경민의 어린이 무덤으로 유적의 서쪽 구릉 경사 면에 53기가 분포하고 있다. 독의 기본 형태는 평저난형으로, 축약된 구연 등은 무문토기의 가장 보편적 형식이다. 출토 유물은 무문토기와 평저장경호 등의 토기류, 청동제 칼자루장식, 돌도끼, 돌화살촉, 땅파는 도구로 추정되는 철제편 등이 있다. 늪과 못터는 영산강의 범람에 의하여 형성된 것으로, 모두 10개 층으로 나누어지거나 크게 3개 단위로 구성된다. 출토 유물은 빗 괭이, 나무뚜껑, 굽다리 접시, 검은 간토기 등 목재류, 토기류, 칠기류, 석기류와 탄화미, 탄화맥, 볍씨, 살구씨, 호도씨, 오이씨 등의 씨앗류, 민물 조개류, 물고기뼈, 짐승뼈 등이 있다. * 철기시대의 토기 연구에 의의가 있는 토기 가마 * 토기 가마는 지반인 황갈색 석비례층을 파고 만들었으며 가마바닥은 U자형으로 5∼8도의 경사를 이루고 있다. 출토 유물은점토대 토기, 검은간 토기, 대접, 두형토기, 굽다리 접시, 시루, 옹형토기 등의 토기류와 철도자 1점 등이 있다. 구상유구는 토기 가마 북쪽에 있는 두줄이 평행한 도랑과 같은 유구이다. 석비례 암반층을 파고 상.하 2단층으로 이루어져 있으며 유구 안쪽은 V 또는 U자형이다. 출토 유물은 점토대토기, 옹형 토기, 컵형 토기, 토기 뚜껑, 가락 바퀴 등이 있다. 조상유구는 모두 5조로 너비 10∼25cm의 길다란 모래띠가 40∼70cm의 일정한 간격을 유지하면서 서쪽으로 연결되고 있다. 장축 방향은 남북이며 교란되어 유구의 형태가 분명하지 않다. 무문토기 3점이 출토되었다. * 농경 생활의 발견과 전파 경로 연구에 중요한 자료 * 집자리는 장방형 움집으로 석비례 암반층을 파고 만들었으며 일부  #역사 #예술 #가족체험 #실내 #비오는날 #아이동반",1.0.0,import,0.42,"[{""source"": ""gwangju_tour"", ""source_url"": ""https://tour.gwangju.go.kr/home/tour/info/culture.cs?act=view&infoId=1263"", ""note"": ""규칙 기반 라벨 초안. 사람 교차검수 필요""}]",
gwangju_tour,culture.cs:652,#문화유산|#예술|#느린여행|#실내|#비오는날,0.0,0.5,0.75,0.0,0.0,0.0,0.5,0.0,"양과동정 양과동정은 양과동 고원희 가옥에서 광주쪽으로 2km 정도 떨어진 왼쪽 언덕 위에 위치하고 있다. 다른 이름은 간원대 또는 고경명(高景命)의 별서라고도 한다. 간원대는 이곳 출신들이 간관으로 많이 배출되어 여기에서 국사를 의논하였기 때문에 붙여진 이름이라고 한다. 이곳은 동약과 향약 등의 시행처로도 사용되었으며, 보통 정자와는 다르게 마을 사람들이 모여서 지방자치를 위한 회합을 했던 곳이기도 하다. 또한 조정에 상소를 올릴 때에도 이곳에서 이루어졌다고 한다. 정자는 정면 3칸, 측면 2칸의 맞배지붕 기와집으로 바람 막는 판이 설치되어 있다. 기단은 바른층 막돌쌓기를 하고 덤벙주초를 놓고서 원형기둥을 세웠다. 사방은 벽이 없이 개방된 공간이며 우물마루를 깔았다. 천장은 연목(椽木)의 연골이 그대로 들어난 연등천장으로 하였으며, 홑처마이다. 또한 목재의 모양이나 기둥 상부에 S자형의 헛첨차만을 이룬 단순한 형태는 공포( 包)완성 바로 직전의 형태로, 이 정자가 오래된 구조물임을 알 수 있다. 기와의 문양은 숫막새는 날개를 펴고 있는 백조 문양이며, 암막새는 거북선 모양이다. * 양과동정의 건립 연대 * 양과동정은 삼한 또는 신라시대에 처음 건립되었다고 하나 여러 차례의 중수가 있었고, 뚜렷한 자료가 없어 정확한 건립연대는 알 수 없다. 정자의 제액은 우암 송시열(尤菴 宋時烈 1607∼1689)이 쓴 것이다. 정자 내에는 동정입의서와 중수기, 고경명의 제양과모정, 박광옥의 차유곡모정운, 제간원대, 향약 등과 관계된 현판이 걸려 있다. 관련된 문서는 1648∼1889년에 작성된 동계좌목 2권과 상소문 5매가 있다. 이렇듯 건물에 관련된 문서와 건축 양식을 미루어 건립연대는 조선시대로 추정된다. [문화재 정보] - 지정종목 : 광주광역시 문화재자료 제12호 - 지정연도 : 1990년 11월 15일 - 시대 : 조선 - 종류 : 정자 #문화유산 #예술 #느린여행 #실내 #비오는날",1.0.0,import,0.42,"[{""source"": ""gwangju_tour"", ""source_url"": ""https://tour.gwangju.go.kr/home/tour/info/culture.cs?act=view&infoId=652"", ""note"": ""규칙 기반 라벨 초안. 사람 교차검수 필요""}]",
gwangju_tour,culture.cs:105,#바다|#예술|#느린여행|#실내|#비오는날,0.5,0.0,0.75,0.0,0.0,0.0,0.5,0.0,"양씨 삼강문 양씨삼강문은 광주광역시 광산구 박호동에 자리 잡고 있다. 송정동에서 영광통을 지나 호남대학교를 막 넘어서면 송산교 유원지로 가는 샛길이 나타나는데, 거기에서 다시 동명고를 지나 야트막한 산자락을 감고 돌면 박뫼 마을이 모습을 드러낸다. 너른 들판을 가슴으로 감싸 안은 채 몇 호의 민가가 사이 좋은 얼굴로 늘어서 있는 곳이다. 마을 왼편 귀퉁이에 이르면, 넉넉한 표정으로 들판을 내려다보고 서있는 양씨삼강문이 수줍은 처녀처럼 모습을 드러낸다. 1985년 2월 25일에 광주광역시 기념물 제11호로 지정된 양씨삼강문은 임진왜란 때 진주성 전투에서 왜적과 싸우다 순절한 충민공 양산숙 일가 7인의 충,효,열행을 기리기 위하여 인조 13년에 건립한 정려이다. 원래는 양산숙을 비롯하여 효자, 열녀, 절부 각 2명씩을 모셨으나, 회진임씨 문중으로 출가한 양산룡의 딸은 임씨 문중에서 모시고 있어 현재는 6분의 정려만을 모시고 있다. 정려문은 충신, 효자, 열녀 등을 표창하기 위해 나라에서 그 동네에 세워주는 문을 뜻한다. 충신으로 모셔진 양산숙은 임진왜란 때 진주성 전투에서 왜군과 싸우다 김천일 장군과 함께 순절한 무인이다. 효자로 모셔진 양산룡과 양산수는 양산숙의 형제로, 정유재란 때 삼양포에서 왜군을 만나 어머니를 구하려다 순절한 인물들이다. 절부로 모셔진 양산숙의 어머니인 죽산 박씨는 왜군을 만나 바다에 투신하여 순절하였으며, 그의 부인인 광산 이씨 또한 왜적에 항거하다가 자결하였다. 김광운에게 출가한 누이 제주 양씨는 왜군을 만나 바닷물에 몸을 던져 자결을 하였다. 전쟁이라는 극한적인 상황 속에서 자존을 지키기 위해 목숨을 초개 같이 버렸던 사람들을 기리는 이곳은 사람이 어떻게 살아야 주체적인 삶을 살아갈 수 있을 것인지 알려주고 있다. #바다 #예술 #느린여행 #실내 #비오는날",1.0.0,import,0.42,"[{""source"": ""gwangju_tour"", ""source_url"": ""https://tour.gwangju.go.kr/home/tour/info/culture.cs?act=view&infoId=105"", ""note"": ""규칙 기반 라벨 초안. 사람 교차검수 필요""}]",
gwangju_tour,culture.cs:1166,#자연|#정원|#역사|#근대문화|#예술|#전시|#교육|#공원|#느린여행|#실내,0.75,1.0,0.75,0.0,0.5,0.0,0.75,0.0,"오방 최흥종 기념관 평생을 빈민 구제 활동과 독립운동, 교육 운동 등에 헌신한 오방 최흥종 선생을 기리는 기념관입니다. 남구청에서는 오방 선생의 희생정신과 업적을 기리기 위해 근대역사문화 마을인 양림동 주변 지형과 어울리는 자연 친화적 건물로 만들었습니다. 1층은 기념관과 전시관으로 만들어졌고, 옥상은 유진벨 기념관과 연결되는 옥상 정원으로 조성되어 있습니다. 전시실에는 광주기독교청년회 유지재단에서 기증한 유물 가운데 보존 상태와 가치성이 뛰어난 6점이 작품이 전시되어 있습니다. 오방 선생이 사용하던 라틴어·영어·러시아어·한글 성경과 백범 김구 선생이 준 노자 도덕경 족자 등이 있습니다. 이 외에도 오방 선생의 삶과 행적을 기리는 콘텐츠가 전시되어 있습니다. 오방 선생은 1904년 광주 제중병원(현 기독병원)에서 근무하며 나환자 치료에 헌신하다 3·1운동 당시 전남도 총책으로 활동하며 만세 시위 운동을 주도해 3년의 옥고를 치렀다. 정부는 1962년 선생의 업적을 기려 애국 훈장을 수여했고, 1986년과 1990년에는 각각 대통령 표창과 건국훈장 애족장을 추서했습니다. #자연 #정원 #역사 #근대문화 #예술 #전시 #교육 #공원 #느린여행 #실내",1.0.0,import,0.6,"[{""source"": ""gwangju_tour"", ""source_url"": ""https://tour.gwangju.go.kr/home/tour/info/culture.cs?act=view&infoId=1166"", ""note"": ""규칙 기반 라벨 초안. 사람 교차검수 필요""}]",
gwangju_tour,culture.cs:151,#예술|#실내|#비오는날,0.0,0.0,0.75,0.0,0.0,0.0,0.0,0.0,"용진산 마애여래좌상 광주광역시 광산구 사호동 용진산의 청룡사 가는 길 왼편 암벽에 새겨져 있는 높이 1.17m의 마애불이다. 대좌(臺座)와 광배(光背)를 마련하지 않고 불신만을 선으로 새겨 놓았다. 타원형의 얼굴은 평면적이며 가늘게 뜬 눈과 눈썹 사이가 좁아서 찡그린 인상을 주고 있다. 코는 얼굴에 비해 크고 넓은데, 끝이 파손된 상태이다. 입은 큰 편이고 꽉 다문 입술은 두텁게, 표현하였다. 목은 바로 어깨에 맞닿아 있어 움츠리고 있는 듯하다. 옷은 왼쪽 어깨에 희미하게 나타나 있을 뿐 거의 표현되어 있지 않다. 양 손을 가슴에 모아 엄지와 중지를 가볍게 맞대고 있는 손 모양으로 보아 아미타여래를 표현하고자 한 것 같다. 양 발을 무릎 위에 올리고 발바닥이 하늘을 향한 자세로 앉아 있는데, 세부표현을 생략한 채 거의 선으로 처리하였다. 불상 위쪽 암벽에는 ‘佛堂日月(불당일월) 聳珍水石(용진수석)’이라는 글씨가 세로로 뚜렷하게 새겨져 있다. 전체적인 양식으로 보아 조선 후기에 만들어진 것으로 추정된다. #예술 #실내 #비오는날",1.0.0,import,0.38,"[{""source"": ""gwangju_tour"", ""source_url"": ""https://tour.gwangju.go.kr/home/tour/info/culture.cs?act=view&infoId=151"", ""note"": ""규칙 기반 라벨 초안. 사람 교차검수 필요""}]",
gwangju_tour,food.cs:1189,#로컬푸드|#실내|#비오는날,0.0,0.0,0.0,0.75,0.0,0.0,0.0,0.0,다미정 맛깔스러운 반찬과 보리굴비에 밥 한 공기 완벽하게 비울 수 있습니다. #로컬푸드 #실내 #비오는날,1.0.0,import,0.38,"[{""source"": ""gwangju_tour"", ""source_url"": ""https://tour.gwangju.go.kr/home/tour/info/food.cs?act=view&infoId=1189"", ""note"": ""규칙 기반 라벨 초안. 사람 교차검수 필요""}]",
gwangju_tour,food.cs:1320,#전통|#로컬푸드|#맛집|#실내|#비오는날,0.0,0.5,0.0,1.0,0.0,0.0,0.0,0.0,당산나무집 [안심식당 인증 음식점] 1988년도부터 시작된 '우렁이 달인의 당산나무집'은 1대 조삼순 명예회장님을 시작으로 2대 서현영 회장님 그리고 3대 김다경 사장님이 이어나가고 있는 전통있는 맛집이다. 노포의 깊이있는 맛과 트렌디함이 더해져 더욱 행복하게 즐길 수 있다. 대표메뉴는 '대패우렁달인세트'입니다. 대패삼겹살을 구워 우렁회무침과 우렁강된장을 함께 즐길 수 있는 조합으로 구성되어 있다. #전통 #로컬푸드 #맛집 #실내 #비오는날,1.0.0,import,0.47,"[{""source"": ""gwangju_tour"", ""source_url"": ""https://tour.gwangju.go.kr/home/tour/info/food.cs?act=view&infoId=1320"", ""note"": ""규칙 기반 라벨 초안. 사람 교차검수 필요""}]",
gwangju_tour,food.cs:1195,#로컬푸드|#맛집|#실내|#비오는날,0.0,0.0,0.0,1.0,0.0,0.0,0.0,0.0,"대광식당 육전 맛집으로 육전이외에도 낙지전, 매생이국 등을 맛 볼 수 있다. #로컬푸드 #맛집 #실내 #비오는날",1.0.0,import,0.42,"[{""source"": ""gwangju_tour"", ""source_url"": ""https://tour.gwangju.go.kr/home/tour/info/food.cs?act=view&infoId=1195"", ""note"": ""규칙 기반 라벨 초안. 사람 교차검수 필요""}]",
gwangju_tour,food.cs:1360,#로컬푸드|#실내|#비오는날|#주차가능,0.0,0.0,0.0,0.75,0.0,0.0,0.0,0.0,돈까스만드는남자 매일 아침 당일도축(±1일)한 국내산 암돼지 생등심을 직접 손질하여 만드는 100% 수제돈까스이다. 도톰하면서 부드럽고 육즙가득한 최상의 돈까스를 제공한다. #로컬푸드 #실내 #비오는날 #주차가능,1.0.0,import,0.38,"[{""source"": ""gwangju_tour"", ""source_url"": ""https://tour.gwangju.go.kr/home/tour/info/food.cs?act=view&infoId=1360"", ""note"": ""규칙 기반 라벨 초안. 사람 교차검수 필요""}]",
gwangju_tour,food.cs:1079,#무등산|#로컬푸드|#맛집|#느린여행|#실내|#비오는날|#주차가능,0.5,0.0,0.0,0.75,0.0,0.0,0.5,0.0,"돌담게장백반 구불구불 무등산 길을 따라 소문난 게장집 광주의 명산인 무등산에 구불구불 난 도로를 따라 차로 한참을 달리면 수박마을에 위치한 특별한 맛집이 있다. 전주, 포항, 서울 사람들은 물론 멀리제주도에서 비행기를 타고 찾아와 기어코 먹고 갈 정도 소문난 맛집이 바로 광주시 금곡동의 ‘돌담게장백반’이다. 이 집의 인기메뉴는 ‘돌게장백반’은 손이 많이 가는 음식으로 정성이 많이들어가는 음식이다. 해마다 5~6월 영광에서 잡히는 살이 꽉차고 살아있는 돌게만을 구입하여, 깨끗이 손질하고 급냉하여 사용한다. 직접 시골에서 메주를 띄어 간장과 된장을 담고, 비법재료와 간장을 섞어 비법육수를 내어 간장게장을 만든다. 게장을 비법육수에 재웠다가 또 끓여서 붓기를 3번 반복하여돌게의 비린내를 잡고 감칠맛을 살린다. 완성된 간장게장과 갖은 양념으로 맛을 낸 양념간장은 그야말로 밥도둑이 따로없다. 사장 임옥란씨는 손님들에게 항상 ‘맛있게 드리고 싶은 마음’으로 정직한 손맛을 지켜가며 오랜 세월동안 ‘맛있는 집’으로 이름값을 톡톡히 하고 싶어 한다. #무등산 #로컬푸드 #맛집 #느린여행 #실내 #비오는날 #주차가능",1.0.0,import,0.45,"[{""source"": ""gwangju_tour"", ""source_url"": ""https://tour.gwangju.go.kr/home/tour/info/food.cs?act=view&infoId=1079"", ""note"": ""규칙 기반 라벨 초안. 사람 교차검수 필요""}]",
gwangju_tour,sports.cs:315,#예술|#공연|#체험|#스포츠,0.0,0.0,1.0,0.0,0.75,0.75,0.0,0.0,"궁동예술극장 궁동예술극장은 전국최초로 지방자치단체가 개관한 연극전용 소극장이다. 소박한 광주의 예술사랑이 숨쉬고 있는 예술의 거리에 생활 속의 문화예술 공간으로 만들겠다는 취지로 개관하게 되었다. 자신의 삶이 가치 있고 아름답게 여겨지는 그런 곳이다. 간혹 좋은 연극을 보며, 더할 수 없는 기쁨을 누리는 곳이다. 미시적이고 또한 거시적인 삶에 대한 이해. 그 깊이 있는 이해로 사회와 소통하는 곳이다. #예술 #공연 #체험 #스포츠",1.0.0,import,0.45,"[{""source"": ""gwangju_tour"", ""source_url"": ""https://tour.gwangju.go.kr/home/tour/info/sports.cs?act=view&infoId=315"", ""note"": ""규칙 기반 라벨 초안. 사람 교차검수 필요""}]",
gwangju_tour,sports.cs:335,#체험|#교육|#야구|#스포츠,0.0,0.0,0.0,0.0,0.75,0.75,0.0,0.0,"기아자동차 세계 제일의 기술력을 자랑하는 기아자동차 공장 견학 프로그램으로 안전하고 편리한 생활의 동반자 기아자동차의 최첨단 자동차 제조공정을 직접 체험해 볼 수 있다. 1. 담당자 연락처 : 062-370-3304 2. 예약절차 : 기아투어 사이트를 통한 예약 https://www.kia.com/kr/discover-kia/factory-tour/guide (상단 홈페이지 링크 클릭) 3. 견학시간 : 일 1~2회 (주말 및 공휴일 제외) - 오전 09:00 ~ 10:00 - 오후 13:30 ~ 14:30 4. 방문대상 - 교육기관 : 초등학생(5학년이상), 중학생, 고등학생, 대학생 - 공공기관 및 일반 기업체 단체 5. 일회당 견학 가능 인원 : 총 방문 15인 이상 30인 이하 단체 #체험 #교육 #야구 #스포츠",1.0.0,import,0.47,"[{""source"": ""gwangju_tour"", ""source_url"": ""https://tour.gwangju.go.kr/home/tour/info/sports.cs?act=view&infoId=335"", ""note"": ""규칙 기반 라벨 초안. 사람 교차검수 필요""}]",
gwangju_tour,sports.cs:359,#자연|#전시|#현대미술|#체험|#스포츠|#주차가능|#휠체어,0.5,0.0,0.75,0.0,0.75,0.75,0.0,0.0,"김대중컨벤션센터 김대중컨벤션센터는 최상급시설의 전시, 컨벤션센터로 천혜의 자연이 살아 숨쉬는 관광 광주에 건립되었다. 2003년 11월 광주전시컨벤션센터로 착공해 2005년 5월 김대중컨벤션센터로 이름을 바꾼 뒤, 같은 해 9월 6일 문을 열었다. 호남권 최초의 전시 컨벤션 시설로 광주를 동북아 무역 중심도시로 육성하여 국가 경쟁력을 강화시키며, 관광산업 등 지역 특화산업의 발전에 견인함으로써 지역결제 활성화 도모에 힘쓰고 있다. 또한, 국제적 상품, 기술, 정보, 문화 교류의 장으로써 지역역량을 강화하고 있다. 그리고 풍부한 노하우를 갖춘 최고의 전문인력과 최고의 서비스와 다양한 편의시설을 갖추었다. * 김대중컨벤션센터의 주요 사업 * 김대중컨벤션센터에서는 국내외 박람회·전시회·회의·세미나 개최, 부동산 관리·운영 및 임대, 기계장비와 용구의 관리·임대, 무역 거래 알선, 국내외 전시정보 자료 조사 및 제공, 문화·광고·이벤트 서비스 공급 등이다. 개관 이후 2005년에만 국제광산업전시회, 광주정보통신전시회, 광주국제식품산업전, 광주디자인비엔날레 등 10건의 전시회를 유치하였다. #자연 #전시 #현대미술 #체험 #스포츠 #주차가능 #휠체어",1.0.0,import,0.47,"[{""source"": ""gwangju_tour"", ""source_url"": ""https://tour.gwangju.go.kr/home/tour/info/sports.cs?act=view&infoId=359"", ""note"": ""규칙 기반 라벨 초안. 사람 교차검수 필요""}]",
gwangju_tour,sports.cs:292,#전통|#박물관|#예술|#전시|#로컬푸드|#전통음식|#체험|#가족체험|#스포츠|#아이동반,0.0,0.75,0.75,0.75,1.0,0.75,0.0,0.0,"남도향토음식박물관 남도향토음식박물관은 남도의 맛과 남도인의 숨결이 배인 향토음식을 보존 · 계발하기위해 다양한 전시실과 각종 체험실 등을 갖추었으며, 전통음식강좌 및 전통음식만들기 체험프로그램을 운영하고 있다. 전통음식강좌로는 폐백 · 이바지, 떡 · 한과 초급 · 고급, 향토음식과정이 있고, 어린이체험, 일반인체험, 주말체험 등 전통음식만들기 체험프로그램을 운영 각 분야의 전문적인 강사님들의 초청 강의를 맡고 있다. 주요 시설물로는 남도향토음식과 관련된 음식의 위탁 · 주문판매를 하는 뮤지엄샵, 향토음식 관련 기획전시 및 문화예술분야 각종 초대전이 열리는 기획전시실, 남도지방의 향토음식을 소개하는 남도향토음식상설전시실, 박물관의 시설문 안내 및 각종 홍보 영상물 등을 볼 수 있는 뮤지엄스튜디오, 문향 · 의향 · 예향의 호남문화를 한눈에 볼 수 있는 호남문화자료전시관, 문화예술분야의 각종 전문강좌 및 회의 장소로 활용되는 세미나실 등이 있다. #전통 #박물관 #예술 #전시 #로컬푸드 #전통음식 #체험 #가족체험 #스포츠 #아이동반",1.0.0,import,0.6,"[{""source"": ""gwangju_tour"", ""source_url"": ""https://tour.gwangju.go.kr/home/tour/info/sports.cs?act=view&infoId=292"", ""note"": ""규칙 기반 라벨 초안. 사람 교차검수 필요""}]",
gwangju_tour,sports.cs:374,#역사|#예술|#공연|#체험|#스포츠,0.0,0.5,0.75,0.0,0.75,0.75,0.0,0.5,"문예정터 극단 진달래피네 극단 ‘진달래피네’가 89년 5월 창단됐고 93년 11월 ‘문화예술의 정겨운 터전’이라는 뜻을 지닌 ‘문예정터’가 개관했다. 동구 계림동 옛 시청 바로 옆에 자리잡은 문예정터는 그 역사 얘기하듯, 극장으로 올라가는 계단에서부터 1990년대 공연됐던 극장 포스터들이 자리하고 있다. 평면형의 계단형 객석과 무대로 이뤄진 여타의 소극장과 달리 문예정터 소극장은 다변형 극장인 블랙박스 극장. 1층에 객석이 고정돼 있지 않아 무대의 위치를 변경할 수 있고 2층에서도 연극을 볼 수 있다. 객석은 100석 정도로 오페라 극장과 비슷한 느낌 이다 [출처] 광주드림 기사 인용 #역사 #예술 #공연 #체험 #스포츠",1.0.0,import,0.53,"[{""source"": ""gwangju_tour"", ""source_url"": ""https://tour.gwangju.go.kr/home/tour/info/sports.cs?act=view&infoId=374"", ""note"": ""규칙 기반 라벨 초안. 사람 교차검수 필요""}]",
gwangju_tour,sports.cs:373,#민주인권|#공연|#체험|#스포츠,0.0,0.5,0.75,0.0,0.75,0.75,0.0,0.5,"민들레소극장 극단 토박이의 전용극장으로 30평 규모로 1995년에 개관한 극장이다. 민들레 소극장은 시민 성금에 의한 공간으로, 지역민의 정서에 부응하는 공연만을 하는 곳이다. 광주 민주 항쟁과 지역문제 중심의 연극을 하고 있다. 객석은 가변석으로 120석 정도이다. #민주인권 #공연 #체험 #스포츠",1.0.0,import,0.5,"[{""source"": ""gwangju_tour"", ""source_url"": ""https://tour.gwangju.go.kr/home/tour/info/sports.cs?act=view&infoId=373"", ""note"": ""규칙 기반 라벨 초안. 사람 교차검수 필요""}]",
gwangju_tour,history.cs:220,#역사|#전통|#가족체험|#시즌한정|#아이동반,0.0,1.0,0.0,0.0,0.5,0.0,0.0,0.5,"광목간양민학살지(사적15호) ""화풀이 오인사격으로 영원히 잠들게 하다"" 이곳은 1980년 5월 24일, 계엄군간의 오인사격으로 무고한 양민이 무참히 희생당한 곳이다. 5월 24일 오후 1시경 광주시내에서 조선대학교 뒷산을 넘어 퇴각한 계엄군과 이곳에 잠복해 있던 다른 계엄군 사이에 오인 사격전이 벌어져 계엄군 다수가 죽거나 부상당했다. 이 때 계엄군은 총소리에 놀라 몸을 피하던 이웃 원제, 진월부락 주민들과 심지어는 저수지에서 목욕하던 어린이들에게까지 무차별총격을 가해 많은 사상자가 발생했다. 또한 계엄군은 오인사격 화풀이로 광목간 도로변 주택을 수색하여 무고한 주민들을 살상하였으며, 항쟁기간 중 이곳을 지나던 민간차량들에게 무차별 사격을 가해 많은 사상자가 발생했다. #역사 #전통 #가족체험 #시즌한정 #아이동반",1.0.0,import,0.47,"[{""source"": ""gwangju_tour"", ""source_url"": ""https://tour.gwangju.go.kr/home/tour/info/history.cs?act=view&infoId=220"", ""note"": ""규칙 기반 라벨 초안. 사람 교차검수 필요""}]",
gwangju_tour,history.cs:115,#역사|#전통|#교육|#주차가능,0.0,1.0,0.0,0.0,0.5,0.0,0.0,0.0,"광주 구 수피아여학교 수피아홀 1911년 건립 수피아홀은 미국 스턴스 여사(Mrs. M.L.Sterns)가 세상을 떠난 친정 동생(Jannie Speer)을 추모하기 위하여 기증한 5,000불로 세운 건물이다. 중앙의 현관 포치 위쪽에 박공을 두어 정면성을 강조하고 있으며, 1층과 2층 사이에 돌림띠로 장식하고 수직의 긴 창을 반복적으로 배치하였다. 당시에 일반적으로 사용되던 붉은 벽돌이 아니라 회색 벽돌로 지은 것이 특징이다. 광주 지역 개신교 선교의 근거지이자 여성 교육의 요람으로 꼽히는 수피아여학교에서 가장 오래된 건물이다. #역사 #전통 #교육 #주차가능",1.0.0,import,0.42,"[{""source"": ""gwangju_tour"", ""source_url"": ""https://tour.gwangju.go.kr/home/tour/info/history.cs?act=view&infoId=115"", ""note"": ""규칙 기반 라벨 초안. 사람 교차검수 필요""}]",
gwangju_tour,history.cs:116,#역사|#전통|#주차가능,0.0,1.0,0.0,0.0,0.0,0.0,0.0,0.0,"광주 구 수피아여학교 윈스브로우홀 1927년 건립 이 건물은 윈스브로우(Winsborough) 여사가 받은 생일 헌금으로, 건축을 전공한 남장로회 서로득(Swinehart) 선교사가 건축하였다. 좌우 대칭의 중복도형으로 정면 출입구에 설치한 아담한 돌출 현관인 포치가 인상적이다. 이 돌출 현관 위 삼각형의 박공지붕과 이를 받치는 투스칸 오더(Tuscan Order)의 원형 기둥은 다른 학교 건물에서는 볼 수 없는 독특한 것이다. #역사 #전통 #주차가능",1.0.0,import,0.4,"[{""source"": ""gwangju_tour"", ""source_url"": ""https://tour.gwangju.go.kr/home/tour/info/history.cs?act=view&infoId=116"", ""note"": ""규칙 기반 라벨 초안. 사람 교차검수 필요""}]",
gwangju_tour,history.cs:119,#역사|#근대문화|#스포츠,0.0,1.0,0.0,0.0,0.0,0.75,0.0,0.0,"광주 서석초등학교 (본관, 체육관, 별관) 서석초등학교는 을미개혁의 일환으로 공포된 소학교령에 따라 설립된 광주 최초의 근대식 공립학교이다. 본관은 근대 벽돌 건축의 조형미를 엿볼 수 있는 건물로, 당시 가장 품질 좋은 수입산 목재와 특수 벽돌을 사용하여 지었다고 한다. 체육관은 건물 내부에 기둥을 설치하지 않았으며, 별관은 각 교실마다 굴뚝을 설치하고 상인방과 하인방에 돌림띠를 둘러 장식하여 당시 학교 건물의 특징을 보여주고 있다. #역사 #근대문화 #스포츠",1.0.0,import,0.45,"[{""source"": ""gwangju_tour"", ""source_url"": ""https://tour.gwangju.go.kr/home/tour/info/history.cs?act=view&infoId=119"", ""note"": ""규칙 기반 라벨 초안. 사람 교차검수 필요""}]",
gwangju_tour,history.cs:120,#역사|#근대문화,0.0,1.0,0.0,0.0,0.0,0.0,0.0,0.0,"광주 수창초등학교본관 광주서방공립보통학교로 개교된 본관건물은 내부계단, 중앙홀 격자천장 등 전반적으로 옛모습을 잘 간직하고 있다. 광주지역에서 일제강점기에 건립된 몇 안 되는 초등학교 건물로 지붕의 굴뚝 등 건물 일부가 철거되었으나 건물 내 외관의 보존상태는 양호하다. #역사 #근대문화",1.0.0,import,0.42,"[{""source"": ""gwangju_tour"", ""source_url"": ""https://tour.gwangju.go.kr/home/tour/info/history.cs?act=view&infoId=120"", ""note"": ""규칙 기반 라벨 초안. 사람 교차검수 필요""}]",
gwangju_tour,history.cs:227,#역사|#민주인권|#야간,0.0,1.0,0.0,0.0,0.0,0.0,0.0,0.5,"광주MBC옛터(사적7호) ""왜곡 보도, 민중이 심판하다!"" 5·18민중항쟁 당시 광주문화방송국(MBC)이 있었던 곳이다. 계엄하에서 군부의 검열을 받던 언론은 항쟁열기는 물론 계엄군의 과잉진압 행위마저 제대로 보도하지 않아 시민들의 빗발치는 항의를 받았다. 시민들이 진상을 사실대로 보도하라고 거세게 항의하는 과정에서 5월 20일 밤 광주MBC와 다음날 새벽 광주KBS건물이 불탔으며 광주세무서 건물에도 불길이 올랐다. 국민의 세금으로 유지되는 계엄군에 대한 항의요, 응징의 표현이었다. #역사 #민주인권 #야간",1.0.0,import,0.47,"[{""source"": ""gwangju_tour"", ""source_url"": ""https://tour.gwangju.go.kr/home/tour/info/history.cs?act=view&infoId=227"", ""note"": ""규칙 기반 라벨 초안. 사람 교차검수 필요""}]",
gwangju_tour,culture.cs:653,#근대문화|#예술|#느린여행|#실내|#비오는날|#주차가능,0.0,0.5,0.75,0.0,0.0,0.0,0.5,0.0,"용진정사 호남 의병활동의 본거지 용진정사는 용진산 남쪽의 산록에 자리잡고 있다. 한말의 도학자 후석(後石) 오준선(吳駿先:1851∼1931)이 일본이 한국을 병탄하자 망국의 한을 달래면서 용진산에 강당을 짓고 후진 양성에 힘쓴 곳으로서 한말 호남 의병활동의 본거지이기도 하였다. 이곳은 원래 용진사가 있던 곳으로 삼봉 정도전, 우암 송시열 등이 다녀갔던 곳으로 전해진다. 절이 허물어진 뒤 청안이씨들이 그 터를 가지고 있었으나, 후석이 정사를 짓는다는 말을 전해듣고 옛 절터의 상대와 중대를 희사함으로써 정사를 지을 수 있었다. 후석이 별세한 뒤 문인들이 정사 동쪽에 3칸의 용진영당(湧珍影堂)을 세우고 1924년 석지 채용신이 그린 초상화를 모셨다. 영당의 좌우벽에는 큰아들 북파 오헌수와 둘째 아들 도호 오동수의 영정이 함께 걸려있다. * 일제강점기의 의병, 후석 오준선 * 후석은 본관이 나주이며 광산구 도덕동 도림마을에서 오하규의 아들로 태어났으나 백부 향규에게 입양되었다. 8세 때부터 이웃에 사는 친척 오태규로부터 사서와 근사록을 배웠다. 이어 18세 때부터 노사 기정진에게 배웠으며, 이를 계기로 송사 기우만, 식재 기재, 현와 고광선 등과 사귀었고, 전재 임헌회, 입재 송근수 등에게서 학문의 폭을 넓혔다. 그의 학문 체계는 경학, 성리학, 예학, 의리론 등의 영역에서 찾을 수 있다. 1910년 일제는 명사들을 회유하기 위하여 은사금이라는 금품을 지급하려 하였는데, 이를 거절하자 헌병대로 끌려 가 갖은 협박을 가했으나 끝내 받기를 거절하였다. 이후 1917년 용진산에 들어가 1931년 세상을 떠날 때까지 후학을 가르치니, 문하생이 600여명에 이르렀다. 1919년 고종이 승하 하시자 문하생들과 용진정사 앞의 바위에서 통곡하였는데, 그뒤 이 바위를 읍궁암(泣弓岩)이라 불렀고, ""원수를 갚기 전에는 상복을 벗을 수 없다.""하여 일생동안 백립을 쓰고 지냈다. 명정에 조선유민이라 쓰도록 유언하였다. 1934년에 그의 학문적 체계를 정리한 문집 25권 12책이 간행되었다. [문화 #근대문화 #예술 #느린여행 #실내 #비오는날 #주차가능",1.0.0,import,0.42,"[{""source"": ""gwangju_tour"", ""source_url"": ""https://tour.gwangju.go.kr/home/tour/info/culture.cs?act=view&infoId=653"", ""note"": ""규칙 기반 라벨 초안. 사람 교차검수 필요""}]",
gwangju_tour,culture.cs:106,#근대문화|#예술|#느린여행|#실내|#비오는날,0.0,0.5,0.75,0.0,0.0,0.0,0.5,0.0,"월계동 장고분 월계동 장고분은 현재 광주광역시 광산구 월계동 첨단지구에 위치하고 있다. 월계동 장고분은 영산강 상류의 충적평야를 낀 낮은 구릉지대의 장구촌 마을에 위치하고 있었다. 월계동 장고분 역시 다른 장고분과 그 형태가 비슷하다. 월계동에는 2기의 장고분이 꼬리를 물고 잇닿아 있는 형국인데, 앞쪽 1호 고분이 뒤쪽 2호 고분보다 조금 더 크다. 1호 고분은 일제강점기 때 도굴되면서 훼손되어 복원을 하였다. 그러나 현재 고분 안으로 드나드는 문은 출입을 통제하고 있다. 복원된 봉분의 전체 길이는 45.3미터이며 높이는 2.8미터에서 6.1미터이다. 분구 주위에 도랑이나 연못을 파 놓은 주호의 너비는 14.2미터에서 5.5미터이며, 깊이는 1.5미터 내외이다. 봉분은 몇 개의 구역으로 나뉘어 동시에 판축 성토 되었을 것으로 보인다. 장축 방향은 원부가 동남동에, 방부는 서북서로 뻗쳐 있다. 널 길이 있는 횡혈식 석실로 원부의 한쪽에 치우쳐 원부와 함께 축조 되었다. 석실의 방향은 널방이 동북동에, 널 길이 서남서에 있다. 석실벽은 할석을 벽돌처럼 쌓고 판석으로 천장을 덮었으며, 바닥은 큰 할석을 깐 다음 맨 위에 강자갈을 깔고 석관을 설치하였다. 석실의 크기는 널방 길이 4.5미터, 너비 2.8미터, 높이 2.7미터이며, 널 길은 현길이가 2.8미터, 너비 1.4미터, 높이 1.6미터 내외이다. 석실 내부는 도굴 되었으나 귀고리와 철제 화살촉, 토기편 등 약간의 유물이 출토 되었다. 또한 주호에는 적갈색 원통형 토기와 나팔형 토기, 유공광구호 등의 많은 토기들이 파괴된 채 출토 되었다. 2호 고분은 주변의 경작과 도굴로 많은 부분이 유실된 상태였기 때문에 발굴 당시 원부 정상에는 판석 일부가 노출되어 있기도 했다. 복원된 봉분은 1호 고분보다 조금 작으며, 형태는 유사하다. 도굴과 봉분의 유실로 인하여 석실에서는 철도자편, 토기편, 유리구슬이, 주호 시설에는 적갈색 원통형 토기 등이 파괴 된 채 출토되었다. 월계동 장고분은 광주 첨단산업기지 조성 계획에 의하여 전남대학교  #근대문화 #예술 #느린여행 #실내 #비오는날",1.0.0,import,0.42,"[{""source"": ""gwangju_tour"", ""source_url"": ""https://tour.gwangju.go.kr/home/tour/info/culture.cs?act=view&infoId=106"", ""note"": ""규칙 기반 라벨 초안. 사람 교차검수 필요""}]",
gwangju_tour,culture.cs:1451,#역사|#박물관|#예술|#전시|#실내|#비오는날,0.0,0.75,0.75,0.0,0.0,0.0,0.0,0.0,"월곡고려인문화관 ‘결’ 기록물과 사진, 생활유물 등 각종 고려인 유물 1만 2천여 점을 소장하고 있는 ‘국내 유일의 고려인 역사유물 전시관’이다. 전시 유물 중 고려인모국어문화예술 기록물 23점은 국가지정기록물 제13호로 등재되었다. 1층은 고려인들의 강제이주 역사와 항일독립운동, 문화운동의 자취를 볼 수 있는 상설전시실, 2층은 기획·특별전시실과 국가지정기록물 전시실이다. #역사 #박물관 #예술 #전시 #실내 #비오는날",1.0.0,import,0.45,"[{""source"": ""gwangju_tour"", ""source_url"": ""https://tour.gwangju.go.kr/home/tour/info/culture.cs?act=view&infoId=1451"", ""note"": ""규칙 기반 라벨 초안. 사람 교차검수 필요""}]",
gwangju_tour,culture.cs:1179,#민주인권|#예술|#미디어아트|#카페|#실내|#비오는날,0.0,0.75,1.0,0.75,0.0,0.0,0.0,0.0,"이이남 스튜디오 누구나 일상에서 즐길 수 잇는 미디어아트 공간카페 ‘이이남스튜디오’ 양림동에 위치한 이이남스튜디오는 광주를 대표하는 세계적인 미디어 아티스트 이이남 작가의 창작스튜디오와 미디어아트 뮤지엄, 미디어 카페테리아로 구성된 복합문화공간이다. 스튜디오 건물은 과거 5·18민주화운동 당시 헬기사격을 목격했던 피터슨 선교사 사택터이다. 개관과 동시에 입소문을 타면서 광주의 핫플레이스로 급부상하고 있는 이곳은 창작공간, 미디어아트뮤지엄, 카페가 있는 복합문화공간으로 건물 내외부에는 작가의 초기 작품부터 최근의 미디어아트 작품까지 만나볼 수 있다. 다양한 미디어아트작품들 속에 독특하고 트렌디한 포토존과 이이남 작가의 캐릭터가 묻어나는 카페의 인테리어와 음료, 디저트 메뉴가 인상적이다. #민주인권 #예술 #미디어아트 #카페 #실내 #비오는날",1.0.0,import,0.55,"[{""source"": ""gwangju_tour"", ""source_url"": ""https://tour.gwangju.go.kr/home/tour/info/culture.cs?act=view&infoId=1179"", ""note"": ""규칙 기반 라벨 초안. 사람 교차검수 필요""}]",
gwangju_tour,culture.cs:167,#예술|#실내|#비오는날|#주차가능,0.0,0.0,0.75,0.0,0.0,0.0,0.0,0.0,"증심사 철조비로자나불좌상 진리의 세계를 두루 통솔한다는 의미를 지닌 비로자나불을 형상화한 작품으로 전라남도 광주군 서방면 동계리에 있던 것을 1934년 증심사로 옮겨 온 것이다. 현재 광배(光背)와 대좌(臺座)는 잃어버렸지만 불상 자체는 완전한 편이다. 머리에는 작은 소라 모양의 머리칼을 기교 있게 붙여 놓았으며, 정수리에 있는 상투 모양의 머리(육계)가 유난히 높고 뚜렷하다. 눈·코·입 등이 알맞게 조화를 이루고 있는 얼굴에는 부드러운 미소가 번져 있어서 온화하고 현실적인 인간의 모습을 느끼게 해준다. 전체적으로 신체는 두꺼운 옷에 싸여 있어서 굴곡이 드러나지 않고 있지만 무릎 너비와 적절한 비례를 이루고 있어서 안정적인 느낌을 준다. 양 어깨를 감싸고 있는 옷은 가슴을 넓게 드러내고 있으며, 양 팔에 걸쳐진 두꺼운 옷자락은 규칙적인 평행의 옷주름을 이루면서 흘러내리고 있다. 손 모양은 왼손이 오른손 검지를 감싸 쥔 형태로 일반적인 비로자나불이 취하는 형식과는 반대로 되어 있는 것이 특이하다. 이 불상은 조각수법에서 볼 때 뛰어난 작품은 아니지만 통일된 균형미를 보이는 점이 우수하게 평가되며 도피안사 철조비로자나불좌상(국보 제63호), 보림사 철조비로자나불좌상(국보 제117호) 등과 함께 통일신라 후기인 9세기경에 만들어진 것으로 추정된다. #예술 #실내 #비오는날 #주차가능",1.0.0,import,0.38,"[{""source"": ""gwangju_tour"", ""source_url"": ""https://tour.gwangju.go.kr/home/tour/info/culture.cs?act=view&infoId=167"", ""note"": ""규칙 기반 라벨 초안. 사람 교차검수 필요""}]",
gwangju_tour,culture.cs:658,#문화유산|#전통|#예술|#실내|#비오는날,0.0,0.75,0.75,0.0,0.0,0.0,0.0,0.0,"지산재 지산재(芝山齋)는 정면 네칸, 측면 한칸의 팔작지붕인데 중앙 세칸은 마루바닥이고 양퇴간은 방을 놓아 일반 민가와 같은 인상을 준다. 신라 말의 대학자 고운(孤雲) 최치원(崔致遠)선생을 배향하고 있는 사우이다. 1737년(영조 13년)에 이 곳에 영당을 세우고 고운선생의 영정을 봉안하다가 1846년(헌종 12년) 지산재를 건립하였다. 그러나 1886년 대원군의 서원철폐(書院撤廢) 때 훼철 되었다가 1922년 다시 현 사우를 건립, 오늘에 이르고 있다. 이 곳에는 지산재와 내외삼문, 영당 등이 있는데 문화재로 지정된 것은 지산재 1동이다. 이 건물은 정면 4칸 , 측면 1칸, 팔작지붕인데 중앙 3칸은 마루바닥이고 양퇴간은 방을 놓아 흡사 일반 민가와 같은 인상을 준다. 지산재의 편액은 고당(顧堂) 김규태의 글씨이며, 1985년 건물좌편 공지에 새로 유허비를 세웠다. 당초 배향된 인물은 최치원선생을 주벽으로 한 최운한, 최형한, 정오도 등 4위였으나. 1922년 부설하면서 고운선생(孤雲先生)만 배향하였다. #문화유산 #전통 #예술 #실내 #비오는날",1.0.0,import,0.42,"[{""source"": ""gwangju_tour"", ""source_url"": ""https://tour.gwangju.go.kr/home/tour/info/culture.cs?act=view&infoId=658"", ""note"": ""규칙 기반 라벨 초안. 사람 교차검수 필요""}]",
gwangju_tour,food.cs:1355,#로컬푸드|#맛집|#실내|#비오는날|#주차가능,0.0,0.0,0.0,1.0,0.0,0.0,0.0,0.0,"동성떡갈비 [안심식당 인증 음식점] 다진 소 갈비살에 갖은 양념을 넣고, 진간장과 버무려 떡모양으로 만들어 석쇠에 올린 후 간장을 바르면서 불에 구어내는 떡갈비가 유명한 집이다. 떡갈비, 뼈국과 함께 육회비빔밥을 곁들여 먹는 맛이 일품이다. #로컬푸드 #맛집 #실내 #비오는날 #주차가능",1.0.0,import,0.45,"[{""source"": ""gwangju_tour"", ""source_url"": ""https://tour.gwangju.go.kr/home/tour/info/food.cs?act=view&infoId=1355"", ""note"": ""규칙 기반 라벨 초안. 사람 교차검수 필요""}]",
gwangju_tour,food.cs:1433,#로컬푸드|#실내|#비오는날|#주차가능|#휠체어,0.0,0.0,0.0,0.75,0.0,0.0,0.0,0.0,"등촌 본점 진하게 우려낸 한우 사골육수, 질 좋은 최상급 소고기와 셀프바를 이용한 푸짐한 야채로 건강과 최상의 맛의 샤브샤브를 제공합니다. #로컬푸드 #실내 #비오는날 #주차가능 #휠체어",1.0.0,import,0.38,"[{""source"": ""gwangju_tour"", ""source_url"": ""https://tour.gwangju.go.kr/home/tour/info/food.cs?act=view&infoId=1433"", ""note"": ""규칙 기반 라벨 초안. 사람 교차검수 필요""}]",
