"source","source_place_id","name","region","sigungu","category","description","road_address","lot_address","latitude","longitude","phone","website_url","image_url","duration_minutes","indoor","rain_ok","family_friendly","parking_available","wheelchair_accessible","pet_friendly","requires_reservation","price_min","price_max","status","public_transport_score","source_url","source_updated_at","last_verified_at","license","quality_status"
"gwangju_tour","nature.cs:2","광주호 호수생태원","광주","북구","자연·경관","광주호는 1976년 완공된 이래 광주와 담양군 일대 농업용수로 활용하고 있는 인공 호수다. 광주호 상류에 2006년 개장한 광주호 호수생태원은 다양한 동식물에게 서식처를 제공하며 생태계 보전에 기여하고 있다. 진달래, 개나리, 자산홍, 장미, 철쭉, 수국 등 형형색색의 야생화가 핀 테마별 꽃 단지와 부엽식물원이 있어 다양한 생물을 관찰할 수 있고, 버들길, 풀피리길, 별뫼길, 가물치길, 돌밑길 등의 산책길에는 각각의 이름과 주제에 맞는 볼거리로 가득하다. 호수생태원 주변에는 환벽당, 취가정 등 조선 시대 가사 문학의 산실이라 할 수 있는 정자들이 있다. 송강 정철이 '성산별곡' '식영정 20영' 등의 한시를 남긴 식영정, 조선 시대 정원 문화의 진수를 보여주는 소쇄원과도 가깝다. [출처: 광주 트래블 컬렉션]","전남광주통합특별시 북구 충효샘길 7","","35.1837599","127.0010319","062-613-7892","https://www.gwangju.go.kr/envi/contentsView.do?pageId=envi53","https://tour.gwangju.go.kr/uploads/tour/info/nature/201611080307355400.jpg","90","False","False","True","True","True","True","","","","active","0.7","https://tour.gwangju.go.kr/home/tour/info/nature.cs?act=view&infoId=2","","","","draft"
"gwangju_tour","nature.cs:360","무등산 국립공원","광주","동구","자연·경관","2025~2026 한국관광100선 선정 국가지질공원이자 유네스코 세계지질공원으로 지정된 무등산국립공원은 전체면적 75.425㎢, 해발1,187m로 광주,담양,화순에 걸쳐 있다. 서석대, 입석대로 불리는 주상절리(용암이 식을 때 수축하여 생기는 절리 중에 단면의 형태가 오각형이나 육각형의 기둥 모양인 것)을 포함해 기암괴석 등 61개의 자연경관을 자랑한다. 수달, 상제나비, 삵, 담비, 하늘다람쥐, 으름난초 등 멸종위기종 8종을 포함해 총 4,012종의 동식물이 서식하는 것으로 알려져 있다. 신의 돌기둥으로 불리는 주상절리, 광주문화재자료 제1호 천년고찰 증심사, 조선시대 가사문학의 정취가 담긴 가사문화권, 문화·예술의 혼이 서린 운림동 미술관, 원효계곡의 산세 속에 위치한 원효사 등 무등산국립공원은 광주의 모든 것을 품고 있다. 뿐만 아니라 청록색의 무등산 수박과 소박한 건강식인 무등산보리밥도 맛볼 수 있다. 광주 도심에 위치해 있어서 계절마다 수많은 사람들이 찾는다.","전남광주통합특별시 동구 동산길 29","","35.144143","126.989029","062-227-1187","http://knps.or.kr/front/portal/visit/visitCourseMain.do?parkId=122000&amp;menuNo=7020090","https://tour.gwangju.go.kr/uploads/tour/info/nature/201611140956499200.jpg","90","False","False","True","True","True","","","0.0","0.0","active","0.7","https://tour.gwangju.go.kr/home/tour/info/nature.cs?act=view&infoId=360","","","","draft"
"gwangju_tour","nature.cs:1395","광주시립수목원","광주","남구","자연·경관","타 지역의 자연환경이 우수한 지역에 설치된 수목원과는 다르게 , 광주시립수목원은 시민들이 혐오시설로 인식하고 외면 받고 있는 광역 위생 쓰레기 매립장 주변 훼손지를 수목을 식재하여 자연생태환경을 복원하고 편의시설을 설치하는 등의 수목원 조성사업을 통해 , 시민들에게 휴식과 정서 함양 등을 할 수 있는 공간을 제공하는 등 토지이용 효율을 제공합니다","전남광주통합특별시 남구 도동길 142","","35.0943489","126.8832154","062-613-7864","https://www.gwangju.go.kr/envi/contentsView.do?pageId=envi295","https://tour.gwangju.go.kr/uploads/tour/info/nature/202401030159238270.png","90","False","False","False","True","True","False","","0.0","0.0","active","0.7","https://tour.gwangju.go.kr/home/tour/info/nature.cs?act=view&infoId=1395","","","","draft"
"gwangju_tour","nature.cs:255","광주천","광주","동구","자연·경관","무등산 남쪽 자락, 용추계곡에서 발원해 도심을 관통한 뒤 영산강으로 합류하는 하천, 천연기념물이자 멸종 위기 종인 수달과 원앙, 황조롱이, 소쩍새, 삵, 말똥가리 등이 서식한다. 광주천은 조선 시대부터 현재까지 도시 역사에서 중요한 의미를 지닌 장소다. '조탄강'이라 불리던 조선 시대에는 강폭이 지금의 5배 이상이었으며, 드넓은 하천부지는 시민들의 놀이터이자 빨래터였다. 광주천 중류 조탄보에 가둔 물로 광주읍성 바깥에 해자를 지어 적의 침입을 막기도 했다. 일제강점기에에 '광주천'으로 이름이 바뀌었으며, 직강화 사업을 진행하면서 강폭이 좁아지고 수량도 줄었다. 1970년대에 광주천의 지류를 덮는 복개 사업을 본격화했는데, 그 결과 주요 지류는 하수구가 되고, 복개된 하천 위에는 도로와 시장이 생겼다. 광주천의 계속된 오염으로 환경단체와 시민들이 광주천 살리기 운동을 꾸준히 펼쳐 일부 수질개선과 천변 미화 등의 성과를 거두고 있다. [출처: 광주 관광 트래블 컬렉션]","전남광주통합특별시 동구 용연동 ~ 서구 유촌동","","35.146794","126.911871","062-613-4650","","https://tour.gwangju.go.kr/uploads/tour/info/nature/201611220808196400.jpg","90","False","False","False","","","","","0.0","0.0","active","0.7","https://tour.gwangju.go.kr/home/tour/info/nature.cs?act=view&infoId=255","","","","draft"
"gwangju_tour","nature.cs:1227","뒹굴동굴","광주","남구","자연·경관","이 동굴은 일제강점기에 만들어진 방공호 지하시설이다. 광주 도심에 거주하는 일본인들을 미국의 공습으로부터 대피시키기 위해 1940년대 사직공원 밑에 방공호를 건설하였다. 일본인 거주지역에 가깝고 양림산의 지반이 단단하여 안정된 대피가 가능했기 때문에 일본은 방공호를 건설하면서 당초에는 네곳의 입구를 두고 가운데 광장을 만들 계획이었으나, 단단한 화강암 지반으로 인하여 공사 진척이 느려져 완공되지 못한 채 전쟁이 종료되었다. 현재는 일제강점기 잔재물로서 역사문화 유적지로 운영 중이다.","전남광주통합특별시 남구 사동 177-38","","35.142805","126.915384","062-607-2332","","https://tour.gwangju.go.kr/uploads/tour/info/nature/202106301059031990.jpg","90","False","False","False","","","","","","","active","0.7","https://tour.gwangju.go.kr/home/tour/info/nature.cs?act=view&infoId=1227","","","","draft"
"gwangju_tour","history.cs:1146","4·19민주혁명 역사관","광주","동구","역사·전통","‘4·19민주혁명 역사관’은 초·중·고 학생들의 역사문화체험학습 공간으로 운영된다. 특히 정의와 자유, 평화로 상징되는4·19민주이념을 학생들이 잘 체험할 수 있도록 전시 공간을 조성했다. 상설전시관의 바닥은 4·19민주혁명 당시의 신문기사들로 꾸몄다. 입구 정면은 광주 4·19혁명 최초로 광주고 학생들이 교문을 박차고 나와 구호를 외치는 모습을 담은 사진을 확대 전시했다. ‘광주 4·19, 그 날의 일들’을 주제로 묶인 전시에는 광주 4·19혁명 전개 과정을 시간대별로 게시했다. 3·15장송시위부터 이홍길 하숙집 모의, 광주교 교장실 대치, 타종, 광주고 교문 돌파, 시내시위, 경찰 발포의 과정이 생생하게 담겼다. 또 광주 4·19혁명 주역들인 이병열, 김영용, 윤승웅 씨 등의 증언도 함께 전시한다.","전남광주통합특별시 동구 중앙로 302","","35.158572","126.920968","062-225-0419","","https://tour.gwangju.go.kr/uploads/tour/info/history/202108270447422340.jpg","90","False","False","False","","","","","","","active","0.7","https://tour.gwangju.go.kr/home/tour/info/history.cs?act=view&infoId=1146","","","","draft"
"gwangju_tour","history.cs:1171","4·19혁명기념관","광주","동구","역사·전통","광주4·19혁명기념관은 전국에서 유일하다. 3·15부정선거 첫 규탄 이른바 곡(哭)민주주의 장송’ 봉기가 4·19혁명의 첫 횃불로 도화선을 그었던 역사적 상징성을 지니고 있다. 이 기념관은 4·19혁명 46년만에 광주광역시 제4기 박광태 시장의 용단으로 건립된 것으로 매년 1천여명의 전국방문객을 맞고 있다.","전남광주통합특별시 동구 계림동 562-6","","35.16148575936654","126.9187831878662","062-234-0149, 062-224-0419","https://minjuroad.kdemo.or.kr/location/251","https://tour.gwangju.go.kr/uploads/tour/info/history/202108270448561450.jpg","90","False","False","False","","","","","","","active","0.7","https://tour.gwangju.go.kr/home/tour/info/history.cs?act=view&infoId=1171","","","","draft"
"gwangju_tour","history.cs:1073","5·18민주화운동기록관","광주","동구","역사·전통","광주광역시에서는 세계기록유산 소장기관으로 인류의 공동유산인 5·18민주화운동 기록유산을 체계적으로 수집하여 영구보존하고 5·18의 역사적 의미를 세계인들과 함께 공유하기 위해 5·18민주화운동기록관을 설립하였습니다. 1980년 5월 역사적 현장이었던 옛 광주가톨릭센터에 자리한 5·18민주화운동기록관에는 그동안 여러 곳에 흩어져 있던 5·18기록물들이 체계적으로 수집·보관되어 있습니다. 5·18의 발발과 진압을 비롯한 원천자료에서부터 문서, 음향, 구술, 학술, 문화적 재현물, 정부기관과 군사사법기관의 자료,시민들의 기록과 증언, 기자들의 사진과 취재수첩, 피해자들의 병원진료 기록 등 4천2백여 권, 86만 페이지, 사진 필름 3천7백여 컷에 달하는 등재 기록물이 수장고에 영구 보존되어 있습니다. 정기해설: (월~토) 10:00, 11:00, 14:00, 15:00, 16:30 / (일) 10시, 11시, 14시30분, 16시 (단체 예약 062-613-8288) ※ 40~50분 소요(단체 일정에 따라 시간조정 가능)","전남광주통합특별시 동구 금남로 221 (금남로 3가 3-5)","","35.1495769","126.9168483","062-613-8299","http://www.518archives.go.kr/ ","https://tour.gwangju.go.kr/uploads/tour/info/history/202108270450188020.jpg","90","False","False","True","","True","False","","0.0","0.0","active","0.7","https://tour.gwangju.go.kr/home/tour/info/history.cs?act=view&infoId=1073","","","","draft"
"gwangju_tour","history.cs:140","고원희 가옥","광주","남구","역사·전통","임진왜란 때 금산(錦山) 전투에서 전사한 의병장 고경명(高敬命)의 옛 집터를 그 후손들이 여러차례 고쳐지은 집이다. 이 집은후손들이 여러 차례 고쳐 지은 집으로 현존 가옥은 1917년 건축한 것이다. 예전에는 더 많은 건물이 있었는데 현재는 사랑채, 안채, 곳간채, 사당, 대문등이 남아있다. 대문은 정면 세칸 측면 한칸이다. 사랑채는 정면 네칸 측면 한칸으로 앞뒤로 마루가 있는 팔작 기와집이다. 다듬돌 바른층 쌓기의 두벌대 기단위에 덤병주초석을 놓고 원형기둥을 세웠다. 기둥 위에는 우미량과 굴도리, 장혀를 보아지와 함께 결합하였다. 평면은 좌로부터 한칸의 방 3개와 한칸의 대청을 1단 높혀 누(樓)마루로 되어 있다. 안채는 정면 여섯칸, 측면 한칸에 전후좌우에 마루가 있는 팔작 기와집이다. 다듬돌 바른층 쌓기의 외벌대 기단위에 덤벙 주초석을 놓고 앞열은 원형 그 외는 사각기둥을 세웠다. 원형 기둥위에는 우미량과 굴도리, 장혀를 보아지와 함께 결합하였다. 내부가구는 고주위에 대량을 걸치고 판대공을 놓았으며 구 위에 종도리를 놓았다. 평면은 좌로부터 한칸반의 부엌, 두칸의 대청, 한칸의 방으로 되어 있다. 창호는 전체가 양쪽으로 열어지는 문이며, 방으로 되어 있고 그 위에 넉살창이 있다. 숭정기원후오갑정사윤이월초구일(崇禎紀元後五甲丁巳閏二月初九日)이라는 상량문에 글씨가 쓰여 있는데 이것으로 건립연대가 1917년임을 알수 있다. 사당은 고경명장군과 그 아들 종후, 인후 형제의 부조묘이다. 이 사당은 정면 세칸 측면 한칸으로 앞에만 마루가 있으며 맞배지붕이다. 외별대의 낮은 기단위에 덤벙 주초석을 놓고 현형기둥을 세웠다. 기둥 위에는 첨자형의 포로 결합하였고, 초익공 위에는 용두를 빼내고 장혀와 굴도리를 얹었다. 내부가구는 대량위에 동자주를 얹고 종보를 걸친 뒤 그 위에 다시 판대공을 놓았으며, 겹처마에 조잡한 모조 단청을 하고 있다. 건립연대는 안채보다 빠른 시기로 추측된다.","전남광주통합특별시 남구 압촌길 78","","35.0925655","126.8385147","062-607-2332","","https://tour.gwangju.go.kr/uploads/tour/info/history/201805150507029420.jpg","90","False","False","False","False","","","","","","active","0.5","https://tour.gwangju.go.kr/home/tour/info/history.cs?act=view&infoId=140","","","","draft"
"gwangju_tour","history.cs:1268","광주 3.1 만세운동 기념비","광주","남구","역사·전통","광주는 일제강점기 시절 광주학생운동을 시작으로 다양한 독립운동이 펼쳐진 고장이다. 이러한 고장에서 3·1 만세운동이 벌어진 것은 당연한 결과이다. 이러한 광주지역의 3·1 만세운동을 기념하고 당시의 넋을 기리기 위해 만들어진 것이 “광주 3.1 만세운동 기념비”이다. 1995년 5월 10일에 건립한 이 기념비는 양림동 256번지 수피아여고 후문 안에 자리 잡고 있다. 앞면에는 ""광주 3·1 만세운동 기념""이라고 새겨져 있고, 뒷면은 1919년 3월 10일 광주 3·1 만세운동에 앞장섰기 때문에 옥고를 치른 수피아 학생들의 이름을 새겨 길이 기념하고자 했다. * 당시의 넋을 기리는 기념비의 추모시 * 기념비에는 박순애, 이태옥, 김양순, 윤혈녀, 김덕순, 조옥희, 이금봉, 하영자, 강화선, 이라혈, 최수향, 김만순, 홍순해 등 23명의 명단이 새겨져 있으며, 옆면은 ""역사의 별이 되어"" 라는 추모시가 다음과 같이 새겨져 있다.천추에 이름 석자 누구나 남기는가, 기미년 3·1 운동 선두에 서서 구국의 일념으로 충성을 맹세하고 태극기 앞에 두고서 독립만세를 외쳤네. 일제의 총칼 앞에 나라가 침탈 당하자 자유 없는 속박에서 사느니보다 사슬을 끊기 위해 목숨 걸고 싸웠네. 모진 고문을 당하여도 이겨낸 고결한 애국 얼이 역사의 별이 되어 무궁토록 빛나네. * 규 모: 넓이 4㎡ 길이 7m * 형 상: 3·1 운동 때 여학생들이 태극기를 들고 만세를 부르고 있는 형상","전남광주통합특별시 남구 백서로 13(양림동)","","35.136761993","126.9096947007","062-670-3008","","https://tour.gwangju.go.kr/uploads/tour/info/history/202203030552079800.jpg","90","False","False","False","","","","","","","active","0.7","https://tour.gwangju.go.kr/home/tour/info/history.cs?act=view&infoId=1268","","","","draft"
"gwangju_tour","history.cs:1266","광주 경찰충혼탑","광주","남구","역사·전통","경찰충혼답은 광주 사직공원에 위치해 있는 탑으로 높이가 약 14m에 이른다. 광주공원 입구의 계단을 한참 오르다 보면 나타난다. 이 탑은 여순 사건과 한국전쟁 등 당시 국가를 위해 목숨을 바친 광주, 전남출신 순국 경찰관 3,196명의 위패를 봉안하고 있다. 경찰충혼탑은 원래 1956년 전남도청 앞 상무관 정원에 건립되었는데 시간이 지나 탑이 붕괴 위험에 처해졌고, 이것을 1981년 10월 23일 현재의 위치(사구동 177번지)에 이전 건립하여 지금에 이르고 있다. * 경찰충혼탑이 있는 광주 사직공원 * 사직공원은 광주시의 제1호 공원이다. 옛날에는 성거사가 있었으며 일제강점기 때는 일본인들의 신사가 있던 곳인데 현재는 현충각과 광주시립 박물관, 시민관 등이 자리하고 있다.현충탑을 중심으로 한 공터는 노인들의 휴식처로 애용된다. 사직공원은 장수의 상징인 거북이 형상을 하고 있으며, 이곳에는 1974년 새로 설립한 광주시립 국악원과 조선조 이래의 생활도구를 전시한 민속관이 광주시립박물관에 병설되어있다.","전남광주통합특별시 남구 사직길 49","","35.142541996","126.9155968119","062-675-3280","","https://tour.gwangju.go.kr/uploads/tour/info/history/202203030549151670.jpg","90","False","False","False","","","","","","","active","0.7","https://tour.gwangju.go.kr/home/tour/info/history.cs?act=view&infoId=1266","","","","draft"
"gwangju_tour","culture.cs:161","(전) 광주 성거사지 오층석탑","광주","남구","문화·예술","광주천변에 위치한 광주공원은 성거산(聖居山)이라 불리웠다. 여기에 성거사라는 절이 있었다고 한다. 이 절에 있던 5층 석탑이라 하여 전 성거사지 오층석탑이라 명했다. 고려시대에 세워진 것으로 추정되며 보물 제109호로 지정되어 있다. 석탑의 아랫부분은 단층이며, 이 위에 2단으로 나누어 5개의 돌을 맞추고 있다. 이는 이전에 볼 수 없던 고려시대에 흔히 나타나는 특색이다. 지붕돌 밑면의 받침은 4단이고 각 귀퉁이는 모두 약간씩 치켜 올려져 있다. 1961년에 석탑을 다시 고쳐 세울 때 2층 탑신에서 금동으로 만든 집 모양의 사리장치가 발견되었다. 이 석탑과 관련하여 이야기 하나가 전해지고 있다. 성거산의 모양이 거북이처럼 생겨 지명도 구동(龜洞)으로 불리운다. 그런데 거북이가 광주를 떠나는 방향으로 가는 형세여서 광주를 떠나지 못하도록 거북의 등 위치에 성거사를 세우고 거북의 목 부근에는 5층석탑을 세웠다는 이야기다. 당초에 석탑은 꼬리부분에 세우려 했으나 몇 번이고 무너지자 지나가는 승려가 움직이는 꼬리에 세우려하니 무너지는 것이라며 움직이지 못하게 목에 세워야 한다고 해서 현재의 자리에 세워졌다 한다.","전남광주통합특별시 남구 서오층석탑2길 17","","35.147863","126.90791","062-607-2332","","https://tour.gwangju.go.kr/uploads/tour/info/culture/201805230508347890.jpg","90","False","False","False","","","","","","","active","0.7","https://tour.gwangju.go.kr/home/tour/info/culture.cs?act=view&infoId=161","","","","draft"
"gwangju_tour","culture.cs:1253","경장각","광주","광산구","문화·예술","경장각은 조선인조(仁祖1551∼1627) 때의 문신(文臣)이었던 이신의(李信儀)을 배양하는 곳이다. 이 곳에는 이신의의 유물로 선조왕 친필병풍(親筆屛風)과 거문고가 보존되어 있다. 병풍은 인조가 그의 충절을 가상히하여 선조왕 친필을 하사한 것이며, 거문고는 석탄이 평소 애용하던 거문고이다. 이신의는 정묘호란 때 왕을 대동하여 강화도로 가던 중 병으로 인천에 체류하다가 수원 마정리에서 객사하였다.","전남광주통합특별시 광산구 용아로 460(흑석동)","","35.1843631887","126.8052666353","062-960-8253","","https://tour.gwangju.go.kr/uploads/tour/info/history/202203030519331520.jpg","90","False","False","False","","","","","","","active","0.7","https://tour.gwangju.go.kr/home/tour/info/culture.cs?act=view&infoId=1253","","","","draft"
"gwangju_tour","culture.cs:1050","광주 미디어아트 플랫폼","광주","남구","문화·예술","2014년 12월 국내에서 처음으로 유네스코 미디어아트 창의도시로 선정된 광주시는 ‘광주 미디어아트 창의도시 마스터플랜’ 수립을 시작으로 미디어아트 창의벨트, 미디어아트 플랫폼 조성, 미디어아트 플랫폼 파사드 콘텐츠 개발, 미디어아트 페스티벌 개최 등 ‘미디어아트’를 통해 예술과 삶의 연결을 주도하는 문화산업 도시로서의 기반을 구축해왔다. 광주미디어아트플랫폼(G.MAP/Gwangju Media Art Platform) 은 광주시의 미디어아트 관련 특성화 정책을 총괄적으로 수행하는 컨트롤 타워로서, 시민과 예술가의 창의 역량을 축적하고 창의적인 도시환경 개선을 통해 예술-과학-산업의 선순환 기능을 주도해 나갈 것이다. G.MAP은 지하 2층, 지상 3층 규모로 건립되었으며, 크게 창작과 전시, 교육 및 교류 공간으로 구분된다. G.MAP은 시민, 예술가, 창의 인력이 만드는 미디어아트 문화 공간, 예술, 기술, 산업이 융합하는 미디어아트 창의 공간, 전 세계 창의도시를 연결하는 교류공간 등 세계를 향한 미디어아트의 허브로서 역할을 해나갈 것이다. ○시설현황 - 주요시설: 전시실, 미디어아트라운지, 창·제작실, 세미나실, 네트워킹실 [출처: 광주미디아트플랫폼 누리집]","전남광주통합특별시 남구 천변좌로 338번길 7 (구동12) 빛고을시민문화관 일대","","35.1481359","126.9086454","062-613-6124/070-4195-2104","http://gmap.gwangju.go.kr/","https://tour.gwangju.go.kr/uploads/tour/info/culture/202405230645462440.jpg","90","False","False","True","","True","False","","0.0","0.0","active","0.9","https://tour.gwangju.go.kr/home/tour/info/culture.cs?act=view&infoId=1050","","","","draft"
"gwangju_tour","culture.cs:162","광주 자운사 목조아미타래여좌상 및 복장유물","광주","동구","문화·예술","이 불상은 복장품에서 1388년 중수개금한 내용의 기문이 밝혀져 그 이전에 조성되었음을 알 수 있다. 재료의 특성상 목제가 오랫동안 전래되기 어려운 한계가 있다는 것을 감안하면 고려시대에 조성된 목조 불상으로서 중요한 자료이다. 1276년에 제작된 개운사 목조 아미타불좌상을 비롯하여 수국사 목조아미타불좌상, 화성 봉림사 목조아미타불좌상 등 대체로 12세기 말에 제작되었다고 생각되는 일련의 목불좌상들과 같은 계열의 불상이다. 자운사의 복장전적은 대수구다라니(大隨求陀羅尼) 및 주금강경(注金剛經) 등 국내에 처음 소개되는 의미 있는 자료가 다수 있으며, 함께 발견된 복장조성기에 의해 복장이 조성된 절대연대가 확실하여 서지학 분야의 판본 연구는 물론, 불교학의 내용 연구와 미술사의 도상(圖像) 연구에 있어서 중요한 자료적 가치를 지닌 복장 유물로 평가된다. 또한 섬유류의 유물이 존속하기 어려운 우리나라의 기후·환경 조건 등을 고려할 때 자운사 복장직물의 역사적·민속적 가치가 크다. 1611년에 내장된 후령통(候鈴筒)과 팔엽연화(八葉蓮花), 오보병(五寶甁)도 일괄 부속품으로 함께 지정한다.","전남광주통합특별시 동구 지호로106번길 8-8","","35.1479923","126.941531","062-608-3333","","https://tour.gwangju.go.kr/uploads/tour/info/culture/201805290454267220.jpg","90","False","False","False","","","","","","","active","0.7","https://tour.gwangju.go.kr/home/tour/info/culture.cs?act=view&infoId=162","","","","draft"
"gwangju_tour","culture.cs:163","광주 지산동 오층석탑","광주","동구","문화·예술","광주광역시내에 상당한 거리를 두고 떨어져 있는 2기의 탑 가운데 동쪽에 위치한 것으로 통일신라 후기의 석탑이다. 탑이 서있는 부근은 백주사(栢州寺)터로 알려져 있기도 하나 추정할 만한 자료는 아직 발견되지 않았다. 탑의 구성은 2단의 기단(基壇) 위에 5층의 탑신(塔身)을 세운 형태로 신라석탑의 기본형을 잃지 않고 있다. 탑의 받침대 역할을 하는 기단부는 여러 개의 돌을 짜맞추어 구성하였으며, 탑신부의 몸돌과 지붕돌은 각각 하나의 돌로 이루어졌다. 특히 지붕돌 밑면의 받침이 1층은 5단인데 비해 2층부터는 4단으로 간략화되어, 양식상 만들어진 시대가 통일신라 후기로 내려옴을 알 수 있다. 1955년 해체, 수리할 때 4층 지붕돌 윗면에서 사리장치가 발견되었고 1961년에 다시 수리를 하여 일부 석재를 보완하였다. 광주 전남지방에 남아있는 몇 안 되는 5층석탑 가운데서도 우수한 통일신라 후기의 석탑이다.","전남광주통합특별시 동구 지산로 57","","35.149016","126.9327667","062-608-3333","","https://tour.gwangju.go.kr/uploads/tour/info/culture/201805290452105490.jpg","90","False","False","False","","","","","","","active","0.7","https://tour.gwangju.go.kr/home/tour/info/culture.cs?act=view&infoId=163","","","","draft"
"gwangju_tour","culture.cs:1248","광주광산문화원","광주","광산구","문화·예술","광산문화원은 1965년 2월 25일 창립된 역사와 전통을 자랑하는 문화원이다. 광주광역시 전체면적의 46%에 해당하는 광산구는 광주광역시의 역사와 궤를 같이하고 있을뿐만 아니라 천혜의 경관으로 도시와 농촌이 잘 어우러진 아름다운 곳이다. 광산문화원은 이러한 지리적 여건과 역사성을 살려 지역문화 창달에 앞장서고 있다. 광산문화원의 대표적인 사업으로는 향토사연구를 비롯하여, 민족애국시인인 용아 박용철 전국백일장, 어등미술대전, 문화학교를 운영하고 있다 * 문화사업 * 광산문화원에서는 각계각층의 지역주민의 참여를 기반으로 문화예술교육을 통한 건전한 여가문화 활성화를 위한 문화학교를 운영 중에 있다. 노래, 재즈, 요가, POP, 문학기행 등의 강좌를 운영하고 있으며, 도자기 체험 등 주말가족프로그램도 운영하고 있다. 또한 평소 문학에 관심이 많은 분들에게 자기개발과 자아성취의 장을 마련하고, 문학에 소질이 있는 숨은 인재를 발굴하여 지역문화발전에 기여하고자 용아 박용철 전국백일장을 개최한다 이외에도 방학기간이나 주말에 가족과 함께하는 전통문화체험(한지공예교실, 도자기현장체험교실)을 함으로써 우리전통문화에 대한 이해와 가치관을 함양시키는 전통예술학교를 운영 중이며, 광산지역의 유래, 전설, 인물 등의 향토자료를 조사하는 어등의 맥 사업도 진행 중이다.","전남광주통합특별시 광산구 상무대로 265","","35.1424455318","126.7951296891","062-941-3377","http://gjgwangsan.kccf.or.kr/","https://tour.gwangju.go.kr/uploads/tour/info/experience/202202240414513580.jpg","90","False","False","True","True","","","","","","active","0.7","https://tour.gwangju.go.kr/home/tour/info/culture.cs?act=view&infoId=1248","","","","draft"
"gwangju_tour","sports.cs:1133","5·18자유공원 역사체험","광주","서구","체험·스포츠","5.18민주화운동 당시 민주주의를 지키기 위해 참여하신 분들이 구금되어 군사재판을 받았던 5.18자유공원 일대에서 인권평화화합의 정신을 기리는 역사체험 프로그램을운영하고 있습니다.","전남광주통합특별시 서구 상무평화로 13","","35.148819","126.840089","062-613-5184","","https://tour.gwangju.go.kr/uploads/tour/info/experience/201903280555074770.jpg","150","False","False","False","","","","","","","active","0.7","https://tour.gwangju.go.kr/home/tour/info/sports.cs?act=view&infoId=1133","","","","draft"
"gwangju_tour","sports.cs:1131","CCTV통합관제센터 VR 영상 체험","광주","서구","체험·스포츠","안전한 도시환경 조성을 위해 관내 설치된 CCTV의 필요성 및 CCTV통합관제센터의 역할을 널리 알리고자 CCTV VR 영상 체험관을 운영하고 있습니다. 이용 대상은 8세 이상이고 정원은 10명으로 이루어지나 VR체험은 1타임당 5명까지만 가능하므로 2타임에 나누어 진행됩니다. VR체험은 다소 어지러울 수 있으니 체험이 어려우신 분은 제외 할 수 있습니다. [출처: 광주광역시 사회재난과]","전남광주통합특별시 서구 화정로 149 광주광역시CCTV통합관제센터","","35.145622","126.873756","062-613-6445","","https://tour.gwangju.go.kr/uploads/tour/info/sports/202405240350150600.jpg","150","False","False","False","True","","False","","0.0","0.0","active","0.7","https://tour.gwangju.go.kr/home/tour/info/sports.cs?act=view&infoId=1131","","","","draft"
"gwangju_tour","sports.cs:1240","광주공연마루","광주","서구","체험·스포츠","광주공연마루는 본래 광주가 선도해 온 광산업을 알리기 위해 개막한 ‘2010 광주세계광엑스포’(2010년4월2일~5월9일)의 세계 광엑스포 빛주제 영상관으로 사용되었던 곳입니다. 행사 후 활용 방안으로 시민들의 의견과 광주발전연구원의 연구용역을 거쳐 영구시설물로서 유일하게 현존하고 있으며, 2011년부터 2018년까지 빛고을 유소년 영화체험전을 비롯해 애니메이션 기획전, ACE Fair 관련 3D 특별전, 달맞이 테마극장, 안전콘텐츠 체험관, 문화가 있는 날 수요극장 등이 개최되었으며, 2014년 공연장으로 등록되었습니다. 그러다 광주시가 문화수도 ‘예향광주’의 이미지에 걸맞은 브랜드 상설 공연장을 마련할 계획을 세우며, 2018년 행정안전부로부터 현안사업 특별교부금으로 10억원을 확보해 개조해 광주 브랜드 상설공연장으로 탈바꿈되어 시민들이 일상에서 공연을 즐길 수 있는 공간으로 활용되고 있습니다. ○ 주요사업 - 공연장 대관 및 운영사업: 개그, 미술, 연극, 콘서트, 영화제 등 여러 장르의 작품이 복합적으로 공연되는 문화의 장으로 활용 - 다양한 기획 프로그램을 중심으로 공연문화 활성화 사업 추진 ○ 공연개요 - 장르: 교향, 창극, 발레, 국악국악관현악, 합창, 연극, 오페라, 전통예술 - 기간/시간: 2024. 01. 20. ~ 2024. 12. 22. / 토 ~ 일요일 17시 * 전월 세 번째 수요일 오전 10시 오픈 / 해당 공연 1일 전 17시 마감 - 관람 및 금액: 4세이상(교향악 8세이상) / 관람료는 전체 무료 - 예약안내: 인터넷 예약은 광주예술의전당 누리집에서 가능 / 단체 및 개인 5인 이상 예약시 전화예약(062-613-8372,8379) - 티켓배부: 예약티켓배부는 공연 당일 16시~16시40분 예약내역(관람연령 등) 확인 후 배부하며, 현장티켓은 당일 16시30분 이후 잔여좌석에 대하여 배부함(좌석변경 불가)","전남광주통합특별시 서구 상무시민로 3 광주공연마루","","35.155799","126.839756","062-613-8379/8372","https://gjart.gwangju.go.kr/gjgugak/cmd.do?opencode=p0202","https://tour.gwangju.go.kr/uploads/tour/info/culture/202111120212112410.jpg","150","False","False","False","","","False","","0.0","0.0","active","0.7","https://tour.gwangju.go.kr/home/tour/info/sports.cs?act=view&infoId=1240","","","","draft"
"gwangju_tour","load.cs:258","동적골 생태탐방로","광주","동구","도보·산책","동적골 산책로' 는 한국보건사회연구원에서 동구청이 공모하여 '2010 건강영향평가기술지원시범사업'으로 선정된 사업이다. 학운초등학교 앞 동적교에서 체육쉼터에 이르는 동적골 산책로로 무등산 새인봉과 중머리재 등산로의 일부이기도 하다. 동구청에서는 동적골 생태탐방로의 1,700㎡부지에 8만여 송이의 튤립공원을 조성하여 시민들의 사랑을 받고 있다.","전남광주통합특별시 동구 지산동 동적교에서 체육쉼터","","35.1483152","126.9441243","062-608-2114","","https://tour.gwangju.go.kr/uploads/tour/info/course/201611240310417730.jpg","90","False","False","False","","","","","","","active","0.7","https://tour.gwangju.go.kr/home/tour/info/load.cs?act=view&infoId=258","","","","draft"
"gwangju_tour","load.cs:88","무돌길","광주","북구","도보·산책","무돌길은 마을과 마을을 잇던 길로써 1910년대에 제작된 지도를 기본자료로 하여 발굴 복구한 길이다. '무등산자락 무돌길'이란 이름은 구전으로 알려진 무등산의 옛이름 ""무돌뫼""와 ""무등산을 한바퀴 돌아가는 길""이란 의미를 지닌다. 총길이 약 51.8km, 15개 구간으로 거리와 역사성을 반영하여 복구한 길이다. 자세한 정보는 www.mudeungsan.org(무등산보호단체협의회)에서 제공한다. 제1길~제4길(광주 북구) 11.50km, 3시간 10분 각화마을→신촌마을→등촌마을→배재마을→금정촌→금곡리→평촌리→동림마을 제4길~제7길(전남 담양) 6.5km, 2시간 10분 반석마을→연천리→산음→정곡리→경상리→무동리 제7길~제12길(전남 화순) 18km, 4시간 50분 송계마을→서동마을→용강마을→영평리→장복마을→안심리→수만리→만수동→중지마을 제12길~제15길(광주 동구) 15.8km, 4시간 10분 용연마을→선교마을→광주천(주남→지원동→소태동→학동)→남광주 역사→푸른길(학동→서석동→산수동→풍향동→계림동→중흥동)→광주역","전남광주통합특별시 북구 각화대로 93","","35.1790507","126.9405269","062-528-1187","http://www.mudeungsan.org","https://tour.gwangju.go.kr/uploads/tour/info/course/201611140955325600.jpg","90","False","False","False","","","","","","","active","0.7","https://tour.gwangju.go.kr/home/tour/info/load.cs?act=view&infoId=88","","","","draft"
"gwangju_tour","load.cs:203","무등산 등산로","광주","북구","도보·산책","새인봉 - 입석대 코스 : 무등산의 전체적인 윤곽과 광주시가지의 풍경을 한 눈에 조망하여 즐기는 중거리 대표 코스, 능선길을 따라 무등산의 아름다운 풍경을 조망하며 입석대·서석대에 오르는 대표적인 탐방 코스(6.8km, 3시간30분 소요) 증심사주차장 입구에서 능선을 따라 오르는 탐방코스로 운소봉, 새인봉, 서인봉 이렇게 큰 봉우리 3개를 넘은 후 장불재를 거쳐 천연기념물 입석대·서석대까지 오르는 코스다. 무등산의 멋진 풍경과 정상을 한눈에 바라보면서 광주시가지의 모습까지도 볼 수 있어 힘들어도 즐겁게 올라갈 수 있는 코스다. 늦재 - 옛길코스 : 오솔길 같은 늦재 구간을 지나 옛길 2번을 경유하는 길로 넓게 펼쳐진 무등산의 경치를 감상하며 걷는 코스, 원효사입구에서 출발하여 늦재, 동화사터, 장불재를 거쳐 옛길 2번을 따라 다시 원효사로 돌아오는 코스로 무등산의 안과 밖 경치를 두루 감상할 수 있는 코스(10.4km, 4시간 50분소요) 무등산의 중턱에서 출발하여 장불재를 거쳐 서석대와 입석대를 조망할 수 있는 코스로 무등산의 전체적인 윤곽을 살 필 수 있는 코스다. 또한 무등산 옛길 중 가장 잘 조성된 옛길 2번을 따라 원효사로 다시 돌아올 수 있어 대중교통을 이용하기에 가장 적당한 코스로 추천할 수 있다. 당산나무 코스 : 남녀노소 무등산에 오면 가장 많이 찾는 코스로, 무등산의 중턱에 올라 전체적인 전망을 한눈에 볼 수 있는 대표 탐방코스, 증심사에서 당산나무를 거쳐 중머리재에 이르는 대표 탐방코스 4.0km, 1시간35분 소요) 비교적 완만한 경사를 따라가는 코스로 누구에게나 쉬운 산행으로 추천하는 탐방코스 증심사에서 당산나무를 거쳐 중머리재에 이르는 코스로 마을의 수호신으로 모셔 제사를 지냈던 당산나무를 지나 위에서 보면 중의 머리같이 생겼다하여 이름 붙여진 중머리재까지 이르는 코스다. 비교적 편안하고 중간에 아름다운 전망을 볼 수 있는 코스로 무등산 대표코스로 추천할 수 있다. 시무지기폭포 코스 : 봉황대, 천재단 등 역사적 유적지를 관찰한 후 장","전남광주통합특별시 북구 무등로 1550","","35.14399","126.9890221","062-227-1187","http://www.knps.or.kr/front/portal/visit/visitCourseSubMain.do?parkId=122000&amp;parkNavGb=guide&amp;menuNo=7020090","https://tour.gwangju.go.kr/uploads/tour/info/course/201611240317246780.jpg","90","False","False","False","False","","","","0.0","0.0","active","0.7","https://tour.gwangju.go.kr/home/tour/info/load.cs?act=view&infoId=203","","","","draft"
"gwangju_tour","load.cs:402","빛고을산들길","전남광주통합특별시 5개","","도보·산책","지도보기 ㆍ관리 부서 : 공원녹지과(광주광역시(062-613-4451), 동구(062-608-2962), 서구(062-360-7610), 남구(062-607-3841), 북구(062-410-6444), 광산구(062-960-8728)) ㆍ주노선 구간별 세부내용 / 탐방 소요일 : 6일 주노선 구간별 세부내용 구 간 관리 지역 기점 및 종점 거 리 계 광주광역시 6개 구간 81.5km 1 구간 북구 북구 용산교(담양경계)~삼각산~도동고개 9.8㎞ 2 구간 동, 북구 도동고개 ~ 잣고개 ~ 동구 장원봉 ~ 동적골 14..4㎞ 3 구간 동, 서, 남구 동적골~남구 진월교차로~서구 금당산~풍암저수지 11.5㎞ 4 구간 서, 광산구 풍암저수지~(백마산)만귀정~서창교~ 광산구 평동역~평동저수지 16.6㎞ 5구간 광산구 평동저수지~복룡산길~황룡강~임곡역 12.7㎞ 6구간 북, 광산구 임곡역~진곡~하남산단~비아~용산교 16.5㎞ ㆍ부노선 세부내용 부노선 세부내용 구 간 기점 및 종점 거 리 계 3개 노선 20.2km 1노선 동구 화산마을~분적산~진월교차로 / 분적산 노선 5.3㎞ 2노선 광산구 송산유원지 ~ 어등산 깃대봉 ~ 마호제 ~ 황룡강 / 어등산 노선 7.2㎞ 3노선 광산구 용진교 ~ 월봉서원~두정마을 / 백우산 노선 7.7㎞","전남광주통합특별시 5개 자치구","","35.119836","126.931738","062-613-4451","","https://tour.gwangju.go.kr/uploads/tour/info/course/201611180529163070.jpg","90","False","False","False","","","","","","","active","0.7","https://tour.gwangju.go.kr/home/tour/info/load.cs?act=view&infoId=402","","","","draft"
"gwangju_tour","park/003.cs:4","중외공원","광주","북구","공원·정원","중외공원은 수려한 자연 속에서 휴식을 취할 수 있는 도시 근린공원으로서 인기가 높은 으로 공원으로 휴일이면 나들이객들로 붐빈다. 특히 이곳에 사람들이 가장 많이 찾는 시기는 바로 봄과 가을이다. 그 이유는 공원의 드넓은 잔디밭과 함께 다양한 꽃과 수목이 심어져 있어서, 봄꽃놀이와 가을철 단풍명소로 유명한 곳이다. 또한, 광주의 관문에 설치된 무지개다리는 비엔날레 상징물로서 1회 광주비엔날레 때 설치된 또 다른 볼거리이다.","전남광주통합특별시 북구 하서로 50","","35.1808412","126.8824016","062-613-7100","https://artmuse.gwangju.go.kr/co/contentsView.php?pageID=artmuse0110010000&amp;","https://tour.gwangju.go.kr/uploads/tour/info/rest/201804100439211270.jpg","90","False","False","False","","True","True","","","","active","0.7","https://tour.gwangju.go.kr/home/tour/info/park/003.cs?act=view&infoId=4","","","","draft"
"gwangju_tour","park/003.cs:278","풍암생활체육공원","광주","서구","공원·정원","풍암생활체육공원은 과거 쓰레기 매립장을 생태공원으로 조성한 좋은 사례다. 국내에서 자생하는 수목 및 야생화를 비롯해 각종 유실수와 다양한 식물이 식재되어 있어 도심 속 주민들의 향수를 자극한다. 또한 전국명산을 대표하는 유명산 야생화단지는 곤충 · 조류 등 다양한 생물의 서식공간을 제공하며, 자연을 체험하고 싶은 청소년들의 학습장으로 활용되고 있다. 2010년 8월에는 광주월드 뮤직페스티벌이 이 공원에서 개최되어 풍암지구 카페거리와 잘 가꿔진 중앙공원 내 풍암호수공원 등과 조화를 이뤄 광주의 새로운 명소로 자리잡아 가고 있다.","전남광주통합특별시 서구 풍암동 20","","35.129327","126.883812","062-360-7225","https://seogu.gwangju.kr/culture/index.9is?contentUid=40284849518fe88a0151a83fe16e155f","https://tour.gwangju.go.kr/uploads/tour/info/rest/201611240920203560.jpg","90","False","False","False","True","","True","","0.0","0.0","active","0.7","https://tour.gwangju.go.kr/home/tour/info/park/003.cs?act=view&infoId=278","","","","draft"
"gwangju_tour","park/003.cs:279","풍암호수","광주","서구","공원·정원","1956년 농업용수를 공급하기 위해 축조한 풍암저수지는 1975년에 처음 공원으로 지정됐고, 1999년에는 수변 생태공원으로 거듭났다. 계절에 따라 다양한 꽃이 피는데, 특히 2012년에 개장한 장미원이 볼만하다. 이곳에는 루지메이앙, 슈왈츠마돈나 등 장미 140여 종, 2만여 주가 식재돼 있다. 용두동에 자리한 봉황산과 풍암지구를 둘러싼 금당산을 두루 조망할 수 있는 벤치가 마련돼 있으며, 쉼터와 작은 도서관, 야외 공연장 등을 갖춰 자연과 함께 문화를 즐기기에 좋다. 산책로 곳곳에는 시문이 적힌 팻말이 있어 낭만적 분위기를 더한다. [공원 규모 및 시설물] - 일주산책로 : 2.2km - 조경시설 : 고사분수 1개소, 폭기분수 3개소, 벽천분수 1개소 - 휴양시설 : 버드나무쉼터 1개소, 잔디광장 1개소, 등나무쉼터 1개소 - 운동시설 : 2개소 (하늘걷기 등 12종 18점) - 생태시설 : 꽃차원(6,100㎡), 자연체험학습장(1,035㎡), 야외음악당(280석), 생태습지(2,900㎡), 장미원(5,640㎡) - 편익시설 : 목교4개소 253m, 한식정자 1동, 연식파고라 1동, 화장실 2동 등","전남광주통합특별시 서구 월드컵서로 71-3(풍암동)","","35.1299485","126.8707485","062-360-7225","https://www.seogu.gwangju.kr/culture/index.9is?contentUid=40284849518fe88a0151a832396e14ee","https://tour.gwangju.go.kr/uploads/tour/info/rest/201611141005445730.jpg","90","False","False","False","True","True","True","","0.0","0.0","active","0.7","https://tour.gwangju.go.kr/home/tour/info/park/003.cs?act=view&infoId=279","","","","draft"
"gwangju_tour","park/003.cs:1168","상무시민공원","광주","서구","공원·정원","상무시민공원 여름에 물놀이장으로 유명하며 다양한 놀이기구가 한곳에 밀집되어 있어서 작지만 아이들이 놀기에는 부족함이 없는 곳입니다. 어린이들을 위한 물놀이 시설로서 물놀이터 1개, 얕은 수영장 1개, 그늘시설이 갖춰져 있습니다. 주변 축구장과 테니스장도 있어서 광주 시민들에게 여가생활을 즐기기 좋은 공원입니다. ○인공호수 : 2개소 ○체육시설 : 종합운동장 1개소, 테니스장 3면, 농구장 1면, 배구장 1면, 배드민턴장 4면 ○교양시설 : 야외무대 1개소 ○수경시설 : 물놀이시설 1점 ○편의시설 : 주차장(2개소 250대), 쉼터 등 6종, 공원등 164등 ○공원시설 : 관리사무소 1개소, 화장실 8동, 경로당 등 [출처: 서구청 문화관광누리집]","전남광주통합특별시 서구 상무공원로 101 1162","","35.153607","126.841631","062-360-7850","https://www.seogu.gwangju.kr/culture/index.9is?contentUid=40284849518fe88a0151a8353d981500","https://tour.gwangju.go.kr/uploads/tour/info/rest/202007171101546150.jpg","90","False","False","True","True","","True","","","","active","0.7","https://tour.gwangju.go.kr/home/tour/info/park/003.cs?act=view&infoId=1168","","","","draft"
"gwangju_tour","park/003.cs:272","운천호수","광주","서구","공원·정원","일제강점기 초기에 상무대와 민력동의 논에 물을 대는 역할을 했고, 수영과 뱃놀이를 즐기는 장소였다. 1951년 마륵동 농경지에 용수를 공급하기 위해 길이 420m의 제방을 쌓았다. 금호/상무지구의 대규모 택지개발 후 악취와 해충 문제로 매립될 위기에 처했으나 1995년부터 오폐수를 차단하고 맑은 물을 공급하여 저수지와 주변 7만 4,020㎡의 공간을 자연생태공원으로 조성했다. 저수지를 빙 둘러 산책로(500m),조형물,분수,실개천,지압로,정자 등이 있고, 여름에는 홍련이 저수지를 가득 메우며, 논병아리,흰뺨검둥오리 등의 조류가 찾아 드는 도심 속 명소가 되었다. 2010년부터는 음악분수와 야간경관이 조화를 이뤄 무더운 여름날 시민들에게 시원한 즐거움을 선물하고 있다.","전남광주통합특별시 서구 쌍촌동 869-9","","35.147986","126.85477","062-360-7990","https://www.seogu.gwangju.kr/culture/index.9is?contentUid=40284849518fe88a0151a840cfe91564","https://tour.gwangju.go.kr/uploads/tour/info/rest/201805010426051610.jpg","90","False","False","False","","","","","","","active","0.7","https://tour.gwangju.go.kr/home/tour/info/park/003.cs?act=view&infoId=272","","","","draft"
"gwangju_tour","park/003.cs:5","광주공원","광주","남구","공원·정원","광주공원은 광주시의 제1호 공원으로 시민들이 즐겨찾는 휴식공간이다. 옛날에는 성거사가 있었으며 일제강점기 때는 일본인들의 신사가 있던 곳인데 현재는 현충각과 광주시립 박물관, 시민관 등이 자리하고 있다. 주요 시설로는 복원된 사직단과 광주방송총국(KBS), 경찰충혼탑, 연파정, 전통국궁 수련장인 관덕정, 시가지를 조망할 수 있는 팔각정 등이 있다. 현충탑을 중심으로 한 공터는 노인들의 휴식처로 애용된다. 광주공원은 장수의 상징인 거북이 형상을 하고 있다. 각종 수목과 화초를 이용한 조경이 잘 되어 있으며, 매년 4월 중순이면 벚꽃이 만발한다.","전남광주통합특별시 남구 중앙로107번길 15(구동)","","35.1468321","126.9093969","062-613-6463","https://www.namgu.gwangju.kr/menu.es?mid=a70202010400","https://tour.gwangju.go.kr/uploads/tour/info/rest/201805150350403980.jpg","90","False","False","False","True","","True","","","","active","0.7","https://tour.gwangju.go.kr/home/tour/info/park/003.cs?act=view&infoId=5","","","","draft"
"gwangju_tour","nature.cs:1286","운천저수지","광주","서구","자연·경관","1956년 주변 농경지에 농업용수를 공급하기 위해 축조한 저수지로, 1990년대 중반 이후 일대가 택지로 개발되며 도심 속 공원으로 변모했다. 저수지를 한 바퀴 돌 수 있는 500미터 길이의 산책로와 분수, 실개천, 지압로, 정자 등이 조성돼 있다. 공원 내 산책로는 백석산으로 이어지는데, 경사가 완만해 어린이와 노약자도 쉽게 오를 수 있는 산이다. 저수지 주변으로 카페와 음식점 등이 즐비해 산책을 즐긴 뒤 식사를 하거나 음료를 마시며 여유로운 시간을 보내기에도 좋다. [출처: 광주 트래블 컬렉션]","전남광주통합특별시 서구 운천로 165(쌍촌동) 일대","","35.1471654718","126.8562352777","062-360-7990","https://www.seogu.gwangju.kr/menu.es?mid=a70901010000","https://tour.gwangju.go.kr/uploads/tour/info/nature/202203100520050750.jpg","90","False","False","True","","","","","","","active","0.7","https://tour.gwangju.go.kr/home/tour/info/nature.cs?act=view&infoId=1286","","","","draft"
"gwangju_tour","nature.cs:1045","승촌보 유채꽃밭","광주","남구","자연·경관","광주와 나주의 경계면에 위치한 승촌보는 자전거 라이딩과 갬핑장으로 인기가 많은 장소입니다. 봄이 되면 승촌보 주변 물길을 따라 샛노란 유채꽃 물결이 장관을 이루는 곳입니다. 아름다운 유채꽃 길을 따라 산책하며 봄을 느낄 수 있는 곳입니다.","전남광주통합특별시 남구 승촌동 598-1","","35.063062","126.75591","","","https://tour.gwangju.go.kr/uploads/tour/info/nature/201707121026437330.jpg","90","False","False","False","","","True","","0.0","0.0","active","0.7","https://tour.gwangju.go.kr/home/tour/info/nature.cs?act=view&infoId=1045","","","","draft"
"gwangju_tour","nature.cs:209","어등산","광주","광산구","자연·경관","'물고기가 올라간다'는 의미의 산 이름과 관련해 잉어전설이 몇 가지 전해진다. 하나는 죽파 오성술 장군의 모친이 장군을 출산하고 그에 대한 보답으로 황룡강에 잡힌 잉어 한 마리를 방생했는데, 갑자기 구름이 일며 용으로 변한 잉어가 산을 타고 승천해 어등산으로 불렀다는 설이다.","전남광주통합특별시 광산구 산정동 산 85-1","","35.1553408","126.7514993","062-960-6857","https://www.gwangsan.go.kr/culture/contentsView.do?pageId=culture130","https://tour.gwangju.go.kr/uploads/tour/info/nature/201611240747070130.jpg","90","False","False","False","","","","","","","active","0.7","https://tour.gwangju.go.kr/home/tour/info/nature.cs?act=view&infoId=209","","","","draft"
"gwangju_tour","nature.cs:199","금봉산(송정공원)","광주","광산구","자연·경관","예부터 금봉산은 송정사람들의 안식처였다. 여름의 폭염에 시달리는 밤이면 가족끼리 돗자리 하나 들고 나와 이야기 꽃 피우면 더운 몸 식히는 곳. 시험에 찌들대로 찌든 고등학생들의 발길이 머무는 곳. 송정공원은 송정공원대로 금봉산은 금봉산대로 사람들에게 다른 안식을 제공한다. 금봉산 자락에 자리잡은 송정공원 숲 속의 도서관은 조용함과 맑은 공기로 수많은 고시생들이 몰려들고 공원 곳곳에는 각각 당대에 문인으로 소리꾼으로 의병장으로 이름을 떨친 이들의 기념비들이 즐비하다.","전남광주통합특별시 광산구 소촌동","","35.148229","126.802774","062-960-8114","https://www.gwangsan.go.kr/pj/pjTour.php?action=view&amp;pageID=culture0203020000&amp;seq=34&amp;code=009","https://tour.gwangju.go.kr/uploads/tour/info/nature/201611240255014430.jpg","90","False","False","True","","","","","0.0","0.0","active","0.7","https://tour.gwangju.go.kr/home/tour/info/nature.cs?act=view&infoId=199","","","","draft"
"gwangju_tour","nature.cs:204","백마산","광주","서구","자연·경관","최근까지 군사보호구역이었던 이 산은 일반인이 들어갈 수 없었기 때문에 그렇게 때 타지 않은 산이다. 서창 향토마을 바로 옆에 그냥 지나치기 쉬운 샛길이 있다. 백마산 들어가는 입구다. 조선시대엔 이 산 위에서 김세근 장군이 의병들을 모아 적에 대항하는 훈련을 했다고 한다. 나라 사랑하는 일을, 한 사람을 사모하는 일보다 당연히 값지게 안고 살았던 오래 전 옛날 사람들의 함성이 가득했던 곳이다. [규모 및 시설물] - 총연장거리 2.2km(세도마을 - 정상 - 전평저수지) - 팔각정 1동, 의자20개","전남광주통합특별시 서구 세하동","","35.1216357","126.8315588","062-360-7225","http://seogu.gwangju.kr/culture/index.9is?contentUid=40284849518fe88a0151a84e867c15ad","https://tour.gwangju.go.kr/uploads/tour/info/nature/201611240323342690.jpg","90","False","False","False","","","","","0.0","0.0","active","0.7","https://tour.gwangju.go.kr/home/tour/info/nature.cs?act=view&infoId=204","","","","draft"
"gwangju_tour","history.cs:117","광주 구 수피아여학교 커티스메모리얼홀","광주","남구","역사·전통","1925년 건립 이 건물은 수피아여학교를 설립한 전라도 지역 선교의 개척가인 유진벨(Rev. Eugene Bell, 1868~1925, 한국어 이름: 배유지) 목사를 추모하기 위해 건립되었으며, 선교사와 그 가족들의 예배당으로 이용되었다. 전체적으로 중앙을 기점으로 대칭을 이루고 곳곳에 원형 창과 첨두아치 형상의 창문을 조화롭게 배치하였다. 규모는 작지만 장식적인 요소가 많고 건축 기법이 우수한 건축물이다.","전남광주통합특별시 남구 백서로 13","","35.137317","126.911547","062-670-3008","","https://tour.gwangju.go.kr/uploads/tour/info/history/201805010517397530.jpg","90","False","False","True","True","","","","","","active","0.7","https://tour.gwangju.go.kr/home/tour/info/history.cs?act=view&infoId=117","","","","draft"
"gwangju_tour","history.cs:99","광주 북동천주교회","광주","북구","역사·전통","광주 최초의 천주교회로서 의미가 깊은 북동천주교회는 1937년 전라남도가 광주교구로 승격되면서 주임신부로 부임한 구신부 (Rev. Thomas Quinlan)가 중국인 교우 가요셉에게 의뢰하여 지은 박공지붕의 조적식 건물이다. 평면은 좌우 대칭의 세장한 장방형으로 전면에 종탑과 후면에 장방형의 후진(Apse)을 배치한 보편적인 성당건축과 유사한 평면형태로 볼 수 있다. 그러나 1987년에 좌측의 제단과 제의실 사이를 일부 헐고 증축을 통해 회중석을 확장함으로써 현재 ‘ㄱ’자형 평면형태를 갖게 되었다. 내부공간을 보면 출입구와 회중석 사이의 공간인 전실(Narthex)에 두 개의 석조원형기둥을 두어 회중석과 경계로 이용하고 있으며, 회중석은 세 부분으로 구획된 전면에서 추측할 수 있는 것과는 달리 네이브(Nave)와 아일(Asile)의 경계가 없고 제단부와 감실은 목재로 마감하여 영역을 구분하였다. 좌측 면에는 제의실과 고해실을 두었다. 이층은 나르텍스(Narthex) 상부에 노대(Balcony)로 구성하여 성가대 석으로 사용하고 있다. 벽면과 갈색의 목재로 구획된 둥근 천장은 별다른 장식이 없이 흰색 플라스터로 마감하였다. 영식 쌓기로 마감한 벽면은 약 3m 단위로 버팀벽(buttress)을 세워 구획하였고, 모든 문과 창의 인방 및 원형 창에는 화강석으로 원형, 반원형의 아치를 둘렀으며 주 출입구는 4단의 물림아치(Recessed arch), 처마돌림에는 몰딩수법을 사용하였다.","전남광주통합특별시 북구 금재로 76","","35.1571017","126.9081352","062-526-3407","","https://tour.gwangju.go.kr/uploads/tour/info/history/201805080309539900.jpg","90","False","False","False","True","","","","","","active","0.7","https://tour.gwangju.go.kr/home/tour/info/history.cs?act=view&infoId=99","","","","draft"
"gwangju_tour","history.cs:141","김봉호 가옥","광주","광산구","역사·전통","1946년에 지은 집으로 안채, 문간채 등과 축사를 갖추고 있다. 안채는 앞면 6칸·옆면 1칸 규모의 건물로 왼쪽에서부터 방·부엌·큰방·대청마루·건넌방 순으로 되어 있다. 큰방과 대청마루, 건넌방 위에는 대청 다락방을 설치하였는데, 3칸 규모로 넓고 높이도 높아 특이하다. 문간채는 앞면 5칸·옆면 2칸 규모이며 지붕은 서양식 기와를 얹었다. 외양간·대문·방·헛간·뒷간으로 구성되어 있다.","전남광주통합특별시 광산구 하남대로54번안길 161","","35.1778507","126.8013587","062-960-8253","https://www.gwangsan.go.kr/pj/pjTour.php?action=view&amp;pageID=culture0103020000&amp;seq=80&amp;code=004","https://tour.gwangju.go.kr/uploads/tour/info/history/201805150504587420.jpg","90","False","False","False","","","","","","","active","0.7","https://tour.gwangju.go.kr/home/tour/info/history.cs?act=view&infoId=141","","","","draft"
"gwangju_tour","history.cs:96","박용철생가(용아생가)","광주","광산구","역사·전통","이 곳은 우리나라 현대 문학의 개척자 중 한 사람으로 초창기 시단을 빛낸 시인 용아 박용철(1904∼1938) 선생의 생가이다. 선생은 이곳에서 새로운 문명을 소개하고 자주독립 정신을 일깨워 주기도 하였다. 용아의 생가는 1970년대 새마을 사업으로 초가지붕을 시멘트 기와와 슬레이트 등으로 개량하였으나 1995년 문화재 복원 사업을 실시, 다시 초가지붕으로 복원하여 관리하고 있다. 본채와 사랑채, 행랑채, 사당, 서재 등이 남아 있다. 본채는 정면 5칸, 측면 2칸으로 높다란 막돌 기단 위에 세웠다. 왼쪽은 부엌이며, 중앙 2칸은 방인데, 4개로 나누어 열리는 문을 갖고 있다. 나머지 2칸은 2개로 열리는 정자 살문이다. 사랑채도 5칸인데 오른쪽부터 부엌, 방, 마루의 차례로 되어 있다. 사당은 정면 3칸 , 측면 1칸의 맞배지붕이다. 행랑채는 4칸으로 사랑채로 들어가는 대문이 있다. 이 집은 용아의 고조부가 지었다고 전해지나 19세기 후반에 지은 것으로 추정된다. 박용철 선생은 광주 공립 보통학교와 서울의 배재고등학교를 졸업했고 동경 청산학원에서 공부하면서 김영랑과 사귀게 되었다. 졸업 후 다시 외국어학교 독문과에서 수학한 후 연희전문학교를 수학하고 고향에 돌아와 문학활동에 전념하였다. 김영랑, 정지용, 정인보, 변영로 등과 문학 동인으로 활동하였으며, 1930년 「문예월간」을 창간하여 외국문학을 소개하였다. 1931년에는 김영랑, 정지용 등과 함께 순수시 전문지인 「시문학」을 발간하여 창간호에 대표작인 「떠나가는 배」「밤기차에 그대를 보내고」등을 발간하였고, 극예술연구회의 동인으로 신극운동을 전개하였으며, 해외 시의 이론을 번역하여 소개하기도 하였다. 이 무렵 문단은 프로문학에 깊은 영향을 받았으나, 그는 김영랑 등과 함께 순수시 운동을 펼쳤다. 정렬적이고 남성적인 그의 시세계는 30년대 서정시 발전에 선구적 역할을 하였다. 선생이 시를 통하여 마음을 가다듬어 곱게 바치려 한 것은 티끌없이 향 맑은 시혼의 순정 세계였다. 그러나 그는 1938년 35세의 젊","전남광주통합특별시 광산구 소촌로46번길 24","","35.1495927","126.7950093","062-960-8253","https://www.gwangsan.go.kr/pj/pjTour.php?action=view&amp;pageID=culture0103020000&amp;seq=68&amp;code=004","https://tour.gwangju.go.kr/uploads/tour/info/history/201806120414208420.jpg","90","False","False","False","","","","","","","active","0.7","https://tour.gwangju.go.kr/home/tour/info/history.cs?act=view&infoId=96","","","","draft"
"gwangju_tour","history.cs:1260","서강사","광주","남구","역사·전통","서강사는 방림동 현재 숭신공고 밑에 위치해 있으며 고려 태사공 윤신달(삼한공신)을 주벽으로 하고 개국백 문 숙공 윤관, 호조상서 문강공 윤언이, 남원백 벽송 윤위, 함안백 행촌 윤돈, 영평부원군 문현공 윤보 등 6위를 배향한다. 경내에는 강당인 경모제가 있으며 서강사묘정비가 세워져 있다. 건물은 3단의 화강석기단 위에 정평주초를 놓고 원주기둥을 세워정면 3칸 측면 1칸의 골기와 팔작지붕 정면으로 되어있다. 네귀에는 각3개씩 처마를 받치는 활주를 세웠으며 창방위의 주두에는 뺄목을 결구하고 평주와 평주사이에 1개의 변형소로를 끼워 장혀와 납도리를 가구하였다. 내부는 우물천정으로서 2고주 5량집이다. 창호는 좌우 편문으로되어 있고 중앙은 2분합겹문으로 교살창으로 장식하였다. 인방밑에는 머름을 두고 상인방 위에도 머름을 설치하여 안상의 무늬를 넣었다. 처마는 평고대를 끼워 겹처마로 되어있고 2익공식을 따르고 있다. 전면에는 단청이 비교적 잘되어 있고 대문은 평3문으로 되어 있으며 제일은 음력 3월 18일이다.","전남광주통합특별시 남구 치마봉1길 16-1(방림동)","","35.1300546245","126.921985449","062-607-2332","","https://tour.gwangju.go.kr/uploads/tour/info/history/202203030535537950.jpg","90","False","False","False","","","","","","","active","0.7","https://tour.gwangju.go.kr/home/tour/info/history.cs?act=view&infoId=1260","","","","draft"
"gwangju_tour","history.cs:1257","선교기념비","광주","남구","역사·전통","5·18 민주화운동 당시 시민군 대변인으로 활동했던 윤상원 열사를 기리는 공간이다. 그는 들불야학을 열어 가난한 청년들과 노동자들에게 배움을 나누던 스승이자, 최후까지 도청에 남아 계엄군과 싸우다 서른 살의 젊은 나이로 산화한 광주의 대표적 민주열사다. 생가 내부는 자료전시관으로 사용 중인데, 윤상원 열사뿐 아니라 그와 영혼결혼식을 올렸던 박기순 열사의 고귀한 삶과 정신을 돌아볼 수 있도록 꾸며졌다. 1970년대 후반 들불야학에서 만나 인연을 쌓았던 이들은 민주항쟁과 불의의 사고로 인해 젊은 나이로 생을 마감했다. 이들의 죽음을 안타까워한 가족과 친지들이 영혼결혼식을 올리게 됐고, 이때 5·18을 상징하는 노래가 된 이 헌정됐다고 한다. 노래뿐 아니라 ""오늘 우리는 패배할 것이다. 그러나 내일의 역사는 우리를 승리자로 만들 것이다""라고 했던 윤상원 열사의 말은 지금도 민주화운동을 상징하는 인터뷰로 깊은 여운을 남긴다.","전남광주통합특별시 남구 제중로 60(양림동)","","35.2113149855","126.7629558198","062-607-2332","","https://tour.gwangju.go.kr/uploads/tour/info/history/202203030531459360.jpg","90","False","False","True","True","","","","","","active","0.7","https://tour.gwangju.go.kr/home/tour/info/history.cs?act=view&infoId=1257","","","","draft"
"gwangju_tour","culture.cs:1242","광주비엔날레전시관","광주","북구","문화·예술","광주비엔날레 전시관은 1994년 창설된 이래 수많은 전시회를 통해 대한민국을 비롯한 세계 미술 문화에 큰 기여를 해오고 있는 곳이다, 비엔날레를 통해 수많은 사람들에게 즐거움과 삶의 의욕을 줄 수 있도록 노력하고 있으며 한국 작가들이 세계로 진출하기 위한 통로 역할을 하고 있다. 특히, 비엔날레 전시회는 일회성 행사로 끝나지 않고 비엔날레의 터전인 광주의 지역적 가치를 높이며 지속 가능한 플랫폼이 되기 위해 다양한 시도를 하고 있다. 코로나 시대를 맞아 온라인 서비스도 진행해 현장 방문이 어려운 시민들에게 전시 서비스를 체험할 수 있도록 제공하고 있다. 광주디자인비엔날레 전시 기간에는 본 전시, 특별전, 국제 학술 행사 등 다양한 행사와 전시 관람, 체험도 가능하다.","전남광주통합특별시 북구 비엔날레로 115(용봉동)","","35.1826203741","126.890259159","062-608-4114","https://www.gwangjubiennale.org/gb/index.do","https://tour.gwangju.go.kr/uploads/tour/info/culture/202202240351489950.jpg","90","True","True","True","True","True","False","","","","active","0.7","https://tour.gwangju.go.kr/home/tour/info/culture.cs?act=view&infoId=1242","","","","draft"
"gwangju_tour","culture.cs:82","광주시립미술관","광주","북구","문화·예술","1992년 개관 이래 광주와 전라남도에 연고를 둔 예술가의 작품을 전시하며 지역의 현대미술을 알리고 후원해왔다. 1995년 비엔날레관을 개관하며 광주비엔날레가 국제적 행사로 자리 잡는데에도 중요한 역할을 했다. 미술관 소장품을 선보이는 상설전 외에 특정 주제로 국내외 우수 작가들의 작품을 소개하는 기획 전시를 진행하며, 국제레지던기와 북경창작센터, 청년예술인지원센터를 통해 지역작가의 창작활동을 적극 지원한다. 전신관은 본관을 비록해 사진전시관, 어린이미술관으로 이루어져 있으며 금남로 분관, 옛 전남도지사 공관에 들어선 하정웅미술관, 서울 인사동에 위치한 G&J 갤러리까지 총6개관을 아우른다. ○시설현황 - 주요시설: 전시실, 수장고, 강당, 세미나실, 자료실, 문화센터 - 야외시설: 팔각정, 운동시설(테니스장 등 5종), 야외공연장, 잔디공원","전남광주통합특별시 북구 하서로 52 광주시립미술관","","35.1808412","126.8824016","062-613-7100","http://artmuse.gwangju.go.kr/","https://tour.gwangju.go.kr/uploads/tour/info/culture/201611220804311280.jpg","90","True","True","True","True","True","False","","0.0","0.0","active","0.7","https://tour.gwangju.go.kr/home/tour/info/culture.cs?act=view&infoId=82","","","","draft"
"gwangju_tour","sports.cs:1246","광주시청 야외음악당","광주","서구","체험·스포츠","광주시청 옆 문화광장내에 위치한 야외음악당은 2006년 5월 설립한 이동형 객석 2,000석 규모의 야외음악 공연장이다. 최신 음향장비 및 무대, 조명시설을 갖추고 있으며, 클래식, 국악 등의 음악공연을 비롯한 각종 문화공연 및 전시행사가 열린다.","전남광주통합특별시 서구 내방로 111(치평동)","","35.160019493","126.8513576102","","","https://tour.gwangju.go.kr/uploads/tour/info/culture/202202240409335140.jpg","150","False","False","False","True","","","","","","active","0.7","https://tour.gwangju.go.kr/home/tour/info/sports.cs?act=view&infoId=1246","","","","draft"
"gwangju_tour","sports.cs:1272","광주실내수영장","광주","서구","체험·스포츠","염주종합체육관 시설 내에 있는 수영장으로 주 1회 정기검사와 수시 검사를 통한 수질 개선으로 이용시민에게 양질의 수질을 제공하며 시민의 건강과 삶의 질을 향상시키기 위해 노력하고 있다.","전남광주통합특별시 서구 금화로 278(풍암동)","","35.1366531569","126.879180734","062-380-6800","http://www.gmcc.co.kr/new/bbs/content.php?co_id=0305010101","https://tour.gwangju.go.kr/uploads/tour/info/rest/202203100423411300.jpg","150","False","False","False","","","","","","","active","0.7","https://tour.gwangju.go.kr/home/tour/info/sports.cs?act=view&infoId=1272","","","","draft"
"gwangju_tour","sports.cs:1274","광주패밀리랜드 눈썰매장","광주","북구","체험·스포츠","호남 최대 길이의 썰매장, 광주패밀리랜드 눈썰매장 광주패밀리랜드는 호남 지방 최대의 종합 위락공원으로 991년 7월 6일 문을 열었다. 울창한 자연림과 저수지 등 자연조건이 빼어나 주변 전체가 우치공원으로 조성되어 있으며, 36만평의 대지 위에 35기종의 신나는 놀이기종, 동물원, 썰매장, 체육시설을 갖추고 있다. 또한 호남 최대길이를 자랑하는 사계절 썰매장은 봄, 여름, 가을엔 물썰매장으로 겨울엔 눈썰매장으로 더욱더 편하게 이용하시도록 에스컬레이터를 설치하고 있다. 패밀리랜드에는 다양한 놀이시설이 조성되어 있으며 코스에 따라 연인코스, 가족코스, 어린이 코스 등으로 나누어 이용할 수 있다. 우선 연인코스는 청룡열차, 카오스, 바이킹, 나는썰매, 박치기왕, 타가디스코, 나는그네 등으로 연인들이 함께 즐기면 좋을 놀이기구들이다. 가족코스는 패밀리열차, 사막의 폭풍, 타팀머신 등 가족 단위로 아이와 부모가 함께 즐기면 좋은 놀이기구이다. 이외에 어린이범퍼카, 꼬마비행기, 우주탐험대, 꼬마레이서 등 어린이 전용 놀이기구도 구비되어 있다.","전남광주통합특별시 북구 우치로 677(생용동)","","35.2235741448","126.894080016","062-607-8000","http://gjfamilyland.com/","https://tour.gwangju.go.kr/uploads/tour/info/rest/202203100431372480.jpg","150","False","False","True","True","","True","","10000.0","12000.0","active","0.5","https://tour.gwangju.go.kr/home/tour/info/sports.cs?act=view&infoId=1274","","","","draft"
"gwangju_tour","park/003.cs:262","사직공원","광주","남구","공원·정원","옛 공간을 기억하는 사람들이 느끼는 향수와 새 공간이 선물하는 문화적 향기가 적절히 버무려져 세월을 아우르는 시민들의 쉼터 사직공원, 사직공원은 봄이면 벚꽃이 만발하여 도심속 벚꽃놀이 장소로도 알려졌다. 공원에는 각종 수목과 꽃의 조경이 잘되어 있고, 10개가 넘는 시비가 세워져 또 다른 명물로 인기를 끌고 있다. 임제, 송순, 박봉우, 이수복, 윤선도, 김인류, 김덕령 등 우리 지역의 고금의 저명한 시인들의 시가 새겨져 있다. 공원 안에는 복원된 사직단과 광주문화콘텐츠진흥센터, 충혼탑, 연파정, 활쏘는 터인 관덕정 등이 있다. 예전의 팔각정은 사라졌지만, 이제는 광주의 중심지를 볼 수 있는 사직공원 전망대가 신축되었다.","전남광주통합특별시 남구 사직길 49","","35.1425585","126.911089","062-675-3280","https://www.namgu.gwangju.kr/menu.es?mid=a70202010500","https://tour.gwangju.go.kr/uploads/tour/info/rest/201805150339247230.jpg","90","False","False","False","","","","","","","active","0.7","https://tour.gwangju.go.kr/home/tour/info/park/003.cs?act=view&infoId=262","","","","draft"
"gwangju_tour","park/003.cs:257","금남로공원","광주","동구","공원·정원","광주광역시 금남로와 중앙로가 만나는 지점, 한국은행이 철거된 자리에 ""물과 숲과 빛이 있는"" 금남공원이 들어섰다. 유동인구가 많은 도심의 특성상 시민들의 적극적인 이용을 유도하기 위해, 휴게시설물, 매력적인 경관요소, 그리고 풍부한 녹지를 제공하고 있다. 공간은 크게 수목이 중심이 되는 녹지 공간과 지하상가와 연결된 썬큰(sunken)된 공간에 조성된 수경공간으로 나눌 수 있다. 썬큰(sunken)된 광장은 지하상가로 연결된 곳으로 사람들이 많이 모여드는 공간으로서 주로 만남의 장소로 이용되고 있다. 비교적 넓게 비워진 광장은 야외공연을 할 수 있도록 계획되어 시민문화마당으로서 활용하고자 하였으며, 계단과 벤치, 혹은 광장 바닥에 의지하여 자유로운 관람이 가능한 열린 공간이다. 레벨차를 이용한 수경공간과 LED조명으로 역동성과 환상적인 야경을 연출하고 있어 낮 보다 밤이 되면 공간의 진가를 확인할 수 있다. 수경공간은 상부와 하부로 나누어 볼 수 있다. 상부에는 안개분수가 피어 오르고, 이곳에서 시작된 물이 징검돌 사이를 지나 벽천을 타고 아래로 쏟아져 내리는 힘찬 광경은 사람들의 시선을 즐겁게 한다. LED등이 벽천을 타고 내리는 역동적인 물과 모락모락 피어나는 안개분수와 어우러져 환상적인 도시의 밤을 선사하며, 양 측면에 설치된 계단에도 설치되어 화려함을 뽐내고 있다.","전남광주통합특별시 동구 금남로3가 20-2","","35.149153","126.9160133","062-608-2222","","https://tour.gwangju.go.kr/uploads/tour/info/rest/201805150345077160.jpg","90","False","False","False","","","","","0.0","0.0","active","0.7","https://tour.gwangju.go.kr/home/tour/info/park/003.cs?act=view&infoId=257","","","","draft"
"gwangju_tour","park/003.cs:1284","너릿재공원","광주","동구","공원·정원","전남 내륙 한가운데에 위치한 화순은 조광조가 그의 이상을 펼치지 못하고 유배되어 죽음에 이른 곳이며 방랑시인 김삿갓은 중국적벽에 못지않게 아름다운 화순적벽의 절경에 반해 그곳에서 죽음을 맞기도 했다. 너릿재공원은 화순과 광주의 경계인 너릿재터널 입구 도로변 바로 옆에 있는 공원으로 휴일이면 광주, 화순 주변의 많은 사람들이 들러 휴식을 취하는 곳이다. 한편 공원에는 6.25전란으로 인해 아까운 젊음을 불사른 순국 선열들의 얼을 기리는 무명용사묘와 순국 경찰묘지가 자리하고 있어 숙연한 자세로 옷깃을 여미게 한다. * 무명용사묘 * 1951년 4월 2일 대구에서 출발하여 4월 5일 이양에 도착 주둔중 6일 새벽1시경 폭풍우속에 적의 기습을 받고 2시간여 혈전속에 공비는 격퇴하였으나 26명이 산화하였다.용사들의 유해는 동년 4월 8일 이양주민의 협조를 얻어 이 곳에 안장하고 음력 2월 1일 위령제를 지낸다. * 순국경찰묘지 * 범바우산 아래에 있다. 화순경찰서 소속경찰 19위가 있으며 1950년 10월 24일 경남 함안에서 화순으로 오는 도중묘치에서 공비들의 습격을 받고 순국 순국경찰들의 묘가 안치된 곳으로 원래 묘치전사16위와 화순각지36위가 있었으나 모두 연고지로 돌아가고 나머지 월남한 경찰 순국자의 유해만 이곳에 안치되어 있다.","전남광주통합특별시 동구 남문로 48-8(선교동)","","35.0803774303","126.9535616807","061-379-3501","","https://tour.gwangju.go.kr/uploads/tour/info/rest/202203100515052650.jpg","90","False","False","False","True","","True","","","","active","0.7","https://tour.gwangju.go.kr/home/tour/info/park/003.cs?act=view&infoId=1284","","","","draft"
"gwangju_tour","park/003.cs:332","조선대학교 장미원","광주","동구","공원·정원","5,299㎡ 의 면적에 조성된 장미원에서는 227종·1만8000여 송이의 다양한 색채와 모양의 장미를 만날 수 있다. 장미가 가장 예쁘게 피어나는 5월에는 장미축제가 개최되며, 연중무휴 무료로 개방된다. 장미원은 조선대학교 학생과 교직원은 물론 광주ㆍ전남ㆍ지역 주민들에게 휴식과 재충전을 제공하는 쉼터와 대학과 지역사회를 소통하는 열린 공간으로 사랑을 받고 있다.","전남광주통합특별시 동구 필문대로 309 조선대학교","","35.141261","126.929458","062-230-7114","","https://tour.gwangju.go.kr/uploads/tour/info/rest/201611240848325540.jpg","90","False","False","False","","","","","","","active","0.7","https://tour.gwangju.go.kr/home/tour/info/park/003.cs?act=view&infoId=332","","","","draft"
"gwangju_tour","park/003.cs:6","청풍쉼터","광주","북구","공원·정원","잔디밭, 체육시설, 놀이터 등을 갖추고 있어 유아들의 소풍장소로 애용되며 여름철에는 한 보따리씩 싸들고 저녁을 먹는 가족들의 행렬이 줄을 잇는 곳이다. 이곳에는 평생을 방랑하며, 가는 곳 마다 풍자적인 시를 남긴 불우시인 김삿갓의 시비가 있다.","전남광주통합특별시 북구 청풍동 209-5","","35.162113","126.962215","062-261-1187","","https://tour.gwangju.go.kr/uploads/tour/info/rest/201611240857416340.jpg","90","False","False","True","True","","False","","","","active","0.7","https://tour.gwangju.go.kr/home/tour/info/park/003.cs?act=view&infoId=6","","","","draft"
"gwangju_tour","park/003.cs:276","평화공원","광주","서구","공원·정원","1994년부터 상무지구 택지개발사업 추진 당시 화강석과 콘크리트 광장으로 조성된 시청 앞 미관광장은 지난 2007년 산림청 주관 녹색자금 공모사업으로 선정돼 국 · 시비 등 총 89 억 원을 투입, 숲과 물과 빛이 어우러지는 광장으로 확대 조성하고, 명칭을 평화공원으로 명명했다. 시민들에게 개방된 평화공원은 광주의 상징인 무등산 입석대를 형상화한 자연석 벽천과 나무숲이 어우러진 녹색 휴식공간이다. 주간에는 유치원생의 자연학습장으로 야간에는 상무지구를 찾는 시민과 외지인의 휴식공간으로 인기를 얻고 있다.","전남광주통합특별시 서구 내방로 102","","35.156533","126.851638","062-360-7225","","https://tour.gwangju.go.kr/uploads/tour/info/rest/202405230508097160.jpeg","90","False","False","False","","","True","","","","active","0.7","https://tour.gwangju.go.kr/home/tour/info/park/003.cs?act=view&infoId=276","","","","draft"
"gwangju_tour","nature.cs:205","백석산","광주","서구","자연·경관","주민들의 여가선용을 위하여 산책로가 개설되었으며 운천저수지와 산책로가 연계될 뿐 아니라 금호지구를 한눈에 볼 수 있도록 코스가 개설되어 있고, 경사도가 완만하여 어린이나 노약자들이 활용하기 좋은 장소이다. [규모 및 시설물] - 총 연장거리 : 4.5 km(운천저수지 - 남광병원뒤(향림사) - 상무초등학교 뒤 - 금호성당) - 팔각정 1동, 잔디 광장 500㎡, 안내판 9개총 연장거리 : 4.5 km(운천저수지 - 남광병원뒤(향림사) - 상무초등학교 뒤 - 금호성당)","전남광주통합특별시 서구 마륵동","","35.1412237","126.8393643","062-360-7225","http://seogu.gwangju.kr/culture/index.9is?contentUid=40284849518fe88a0151a84f1e8915b5","https://tour.gwangju.go.kr/uploads/tour/info/nature/201611240324250520.jpg","90","False","False","True","","","","","0.0","0.0","active","0.7","https://tour.gwangju.go.kr/home/tour/info/nature.cs?act=view&infoId=205","","","","draft"
"gwangju_tour","nature.cs:208","석문산","광주","광산구","자연·경관","석문산은 광주의 끝자락인 삼도동에 위치해 있다. 폐교가 된 삼도남초등학교 정문 옆길로 들어서면 산책로가 잘 안내돼 있다. 옛 학교엔 지금 호남문화재연구원이 들어서 있다. 학교 앞에 `석문산보호회’가 세워 놓은 기념비가 웅장해 이정표로 삼을 만하다. 저수지(석문제)와 어우러진 산자락은 주말농장으로, 도시민들의 텃밭이 돼 있었다. 저수지를 가운데 두고 둘러선 능선은 이어져 있는 듯하지만, 각각의 바위 덩어리일 뿐이다. 능선과 능선 사이 골이 깊다. 한 봉우리를 올라서면 다시 골로 내려와 다른 봉우리로 오르는 식이다. 산과 산 사이, 아니 정확히는 암벽과 암벽 사이 고갯길이 있다. 이 양편의 암석이 바로 남문바위와 북문바위다.","전남광주통합특별시 광산구 삼도동","","35.1339","126.692751","062-960-8114","https://www.gwangsan.go.kr/pj/pjTour.php?action=view&amp;pageID=culture0203020000&amp;seq=155&amp;code=009","https://tour.gwangju.go.kr/uploads/tour/info/nature/201611240341172650.jpg","90","False","False","False","","","","","0.0","0.0","active","0.5","https://tour.gwangju.go.kr/home/tour/info/nature.cs?act=view&infoId=208","","","","draft"
"gwangju_tour","nature.cs:210","용진산","광주","광산구","자연·경관","용진산은 본량과 임곡을 나누는 경계에 있는 산으로 이름 그대로 들녘에서는 드물게 보는 겹겹으로 포개져 있는 높은 산이다. 그 안에는 동굴과 폭포가 있고 조선의 개국공신 삼봉 정도전 선생이 전국을 두루 돌면서 이산의 빼어난 경치에 빠져서 산사에서 며칠을 머물고 갔다고 하니 그 그윽하고 아름다운 풍광을 가히 짐작할 수가 있다. 그리고 이산은 왜정 때에 전국에서도 이름 있는 금광이 있었던 곳으로 그로 말미암아 신임곡 일대는 작은 도시형태를 이루어 번창한 한 때가 있었다.","전남광주통합특별시 광산구 선동","","35.2005404","126.7458756","062-960-8114","https://www.gwangsan.go.kr/pj/pjTour.php?action=view&amp;pageID=culture0203020000&amp;seq=153&amp;code=009","https://tour.gwangju.go.kr/uploads/tour/info/nature/201611240806267810.jpg","90","False","False","False","","","","","0.0","0.0","active","0.5","https://tour.gwangju.go.kr/home/tour/info/nature.cs?act=view&infoId=210","","","","draft"
"gwangju_tour","nature.cs:27","용추계곡","광주","동구","자연·경관","제2수원지 정문 왼쪽에서 수원지 철조망 펜스를 따라 좁은 길로 들어서면 주변의 새소리와 벌레들의 합창 소리를 들으면서 계곡의 산책이 시작된다. 약 4㎞에 이르는 용추계곡은 기암절벽과 울창한 숲으로 둘러싸여 있어 천연림의 운치를 느낄 수 있다. 무등산의 북쪽과 서쪽으로 물이 흐르는 원효계곡이나 증심사계곡과는 달리 보호구역으로 지정되어 있고 사람들의 발길이 그다지 많지 않아 천연림의 아름다운 비경을 간직하고 있는 곳이다. 계곡을 따라 오르면 옹기종기 다양한 모습을 한 바위, 작은 폭포와 여울이 계속 반복되어 다양한 풍경을 보고 듣는 즐거움을 만끽할 수 있다. 무등산의 대표적인 휴양지로 각광을 받았고 지금도 많은 등산객들이 이 계곡과 폭포를 찾고 있다.","전남광주통합특별시 동구 용연동 용추계곡","","35.10742","126.971487","062-227-1187","http://mudeung.knps.or.kr","https://tour.gwangju.go.kr/uploads/tour/info/nature/201611021135337060.jpg","90","False","False","False","False","","False","","0.0","0.0","active","0.5","https://tour.gwangju.go.kr/home/tour/info/nature.cs?act=view&infoId=27","","","","draft"
"gwangju_tour","nature.cs:28","원효계곡","광주","북구","자연·경관","원효계곡은 무등산 정상 일대의 물이 바위틈으로 흐르다 원효계곡 시원지 인근에서 솟아올라 형성한 계곡이다. 비가 많이 오거나 할 경우는 물줄기가 시원지 위쪽에서부터 흘러내리지만, 평소에는 현재의 시원지 지점에서 작은 샘을 이루어 흘러내린다. 물이 깨끗하고 버스와 차량으로 방문하기 쉬워 해마다 여름이면 피서객으로 붐빈다.","전남광주통합특별시 북구 금곡동 원효계곡","","35.154327","126.990687","062-227-1187","","https://tour.gwangju.go.kr/uploads/tour/info/nature/201611021135089060.jpg","90","False","False","False","False","","False","","0.0","0.0","active","0.7","https://tour.gwangju.go.kr/home/tour/info/nature.cs?act=view&infoId=28","","","","draft"
"gwangju_tour","history.cs:1449","소심당 조아라기념관","광주","남구","역사·전통","조아라 선생의 기독교운동ㆍ여성운동과 민주화운동 및 여성복지향상을 통한 사랑ㆍ정의ㆍ평화ㆍ봉사 정신을 계승 선양하기 위한 기념관입니다. 여성운동가 조아라 시대적으로 수난과 고난으로 점철된 험난한 시대를 살아 오신 조아라 선생은 1922년에 창설된 광주YWCA에서 총무, 회장, 명예회장으로서 평생을 헌신 봉사하였다. 가정법률상담소, Y신용협동조합, 농촌사업, 소비자운동 등을 통해 Y프로그램을 활성화시켰고, 1960년대 대의동 Y회관을 건립하였으며, 1980년 5ㆍ18민주화 항쟁당시 총탄으로 파손된 대의동 회관을 떠나 1985년 유동 현 Y회관을 건립하였다. 또한 광주어머니회, 걸스카웃, 광주여성단체협의회 등을 육성 발전시켜 여성들의 계몽과 권익을 위해 선도적 역할을 하였다. 사회운동가 조아라 우리 사회의 가난과 부조리와 고충의 소리를 들을 줄 아는 귀를 가졌으며, 어려움에 처해 있는 사람을 볼 줄 아는 눈을 가졌고, 항상 가난한 자, 억압받는 자, 소외당한 자의 대변자로서 그들과 아픔을 함께 하였다. 호남여숙(야간중학), 성빈여사(육아사업), 계명여사(윤락여성선도 사업-직업보도사업), 별빛학원(야학반)등을 통해 불우한 이웃의 참된 친구가 되고, 시대적 사명을 감당해 온 사회 복지사업의 선구자이다. 신앙인 조아라 선생은 이 고장 초대 교인이었던 조형률 장로의 자녀로서 수피아 여학교를 거쳐 이일학교의 교사를 역임하던 중 백청단 은지환 사건에 연루되어 옥고를 치루면서도 굳건한 신앙으로 민족의 독립을 위해 투신하였다. 또한 이 지역 최초의 여성 장로로서 NCC운동과 교회일치운동에 크게 기여하였다. 기독교여성의 한사람으로서 ""어떻게 하면 조금이라도 예수님을 닮을까?"" 하는 신앙인의 자세로 한평생을 살아 왔다. 그의 실천적인 기독교 신앙의 힘은 이 땅의 교회들이 가진자의 교회가 되어서는 안되며, 억압받는 자의 편에서 거룩한 예수님의 사랑이 이 땅에 임하도록 해야 한다는 것을 역설하였다. 민주화운동가 조아라 암울한 조국의 일제식민통치하에서 독립과 주권회복을 위해, 독재권력 하에","전남광주통합특별시 남구 제중로46번길 3-6 (양림동)","","35.139066089583466","126.9142647325807","062-673-8681/062-682-8682~3","http://www.ssdjoara.or.kr/wp_main/index.html","https://tour.gwangju.go.kr/uploads/tour/info/history/202605210348381680.jpg","90","False","False","False","","","","","","","active","0.7","https://tour.gwangju.go.kr/home/tour/info/history.cs?act=view&infoId=1449","","","","draft"
"gwangju_tour","history.cs:137","약사암","광주","동구","역사·전통","약사암은 증심사의 부속 암자로 새인봉 아래쪽에 자리잡고 있다. 신라시대에 도윤(道允)이 847년(문성왕 9) 당나라에서 귀국한 뒤 창건하였다고 전하는데 당시에는 인왕사(人王寺)라고 했다가, 고려 예종(1105~1122) 때 국사 혜조(慧照)가 중창하면서 절 이름을 약사암으로 바꾸었다. 조선시대인 1856년(철종 7) 3월에 성암(性庵)이 약사전을 중수하였고, 1905년 9월에 선주(善周)가 관청의 도움과 시주로 중건했다. 이후 1970년대부터 주지 석담(石潭)이 법당과 요사채 등을 중건·중수하여 오늘에 이르고 있다. * 약사사의 볼거리와 문화재 * 약사암에 보존되어 있는 유물로 석조여래좌상(보물)과 3층석탑이 있다. 이 두 가지의 유물이 9세기 전반의 작품으로 추정되어 이 절의 역사를 뒷받침해 주고 있다. 현재 약사암에는 대웅전, 운림당, 운림서원, 강원, 일주문 등이 있으나, 모두 1970년 대 후반부터 1980년대 중반의 건물이다. 대웅전에는 독성탱화·칠성탱화·산신탱화·신중탱화 등의 불화가 있는데 독성탱화는 1912년에 그린 것이며 칠성탱화와 산신탱화도 이와 비슷한 시기의 작품으로 추정된다. 신중탱화는 근래의 것이다. [문화재정보] - 지정종목 : 광주광역시 문화재자료 - 지정연도 : 1984년 2월 17일 - 시대 : 신라 - 종류 : 사찰","전남광주통합특별시 동구 증심사길160번길 89","","35.1222866","126.9722413","062-222-9844","","https://tour.gwangju.go.kr/uploads/tour/info/history/201805080311513480.jpg","90","False","False","False","True","","","","","","active","0.5","https://tour.gwangju.go.kr/home/tour/info/history.cs?act=view&infoId=137","","","","draft"
"gwangju_tour","history.cs:1254","양림동 선교사 묘지","광주","남구","역사·전통","광주지역 선교사를 기리는 묘역인 양림동 선교사 묘지는 광주에 최초로 기독교를 전파하고 개화의 새 물결과 일제 치하에서 구국 운동의 계기를 마련했던 23인의 선교사가 묻혀 있는 곳이다. 광주광역시 양림동은 전라남도 최초의 선교사로 광주에서 활동하던 배유지 목사와 클레멘트 오웬의 주된 선교지였다. 배유지 목사는 선교활동의 일환으로 수피아여학교를 설립하였고, 글레멘크 오웬은 간호사인 부인과 함께 선교 및 의료봉사 활동에 헌신하였다. 현재 광주광역시에는 배유지 목사를 기념하기 위한 선교기념비와 클레멘트 오웬과 그의 할아버지를 기념하기위해 건립한 오웬 기념각 등의 문화재가 있다. * 선교기념비와 오웬기념각 * 양림동 선교기념비는 미국 남장로교 선교사 배유지 목사가 광주에서는 처음 예배드린 곳을 기념하기 설립한 비이다. 1982년 12월 6일 대한예수교 장로회 전남노회가 세운 것으로 자연석 화강암제에 음각으로 되어 있다. 오웬기념각은 광주기독병원 간호전문대학 안에 있으며 현재 강당으로 사용되고 있다. 배유지(E.Bell) 목사와 함께 전라남도 최초의 선교사로 광주에서 활동하던 선교사 클레멘트 C. 오웬(Clement C.Owen:1867∼1909. 한국명 오원 또는 오기원)과 그의 할아버지 윌리엄(William)을 기념하기 위하여 1914년에 건립한 건물이다.","전남광주통합특별시 남구 제중로 77(양림동)","","35.1404504959","126.911488894","062-607-2332","","https://tour.gwangju.go.kr/uploads/tour/info/history/202203030522006530.jpg","90","False","False","False","","","","","","","active","0.7","https://tour.gwangju.go.kr/home/tour/info/history.cs?act=view&infoId=1254","","","","draft"
"gwangju_tour","history.cs:180","오웬기념각","광주","남구","역사·전통","기독간호대학교 내에 있는 오웬기념각은 배유지 목사와 함께 전남 최초의 선교사로 들어와 광주에서 순교한 오웬선교사를 기념하기 위하여 미국 친지들이 보낸 기금 4,200 달러로 1914년에 세워진 연면적 434평방미터(부속건물 포함)인 양옥건물이다. 이 건물은 평면 형태로 보아 예배당 및 집회실로 사용되었으리라 짐작되나, 지금은 기독간호대학교의 강당으로 사용되고 있다.오웬은 1900년대에 광주에 들어온 양림동의 서양촌 외국인 중 1명으로서 간호사인 부인과 함께 선교 및 의료봉사 활동에 헌신하다가 과로로 1909년에 죽었다. 오웬은 생전에 그의 할아버지 기념병원을 지으려다 선교 활동이 급하다고 판단하여 먼저 할아버지 기념각을 지을 계획을 수립 하였으나, 그 계획이 추진되기 전에 사망하였다. 기념관 현판에 할아버지의 이름이 새겨진 것도 이 때문이다. * 건물 구조 및 건축양식 * 회색 벽돌의 2층 건물로서 평면 형태는 정방형이나 대각선상의 모서리에 위치한 설교단을 중심으로 좌우대칭 형태이다. 주 출입구는 북쪽과 서쪽에 똑같은 모양으로 있으며 동쪽과 남쪽에는 모서리에 조그마한 문으로 된 부출입구가 있다. 1층 바닥은 모서리의 설교단을 향하여 약 0.9/10의 경사가 져 있으며, 2층의 노대(balcony) 역시 설교단을 향해 1.2/10 경사져 있다. 벽은 길이 225mm, 나비 110mm, 두께 55mm의 회색벽돌을 사용하여 네델란드식 쌓기를 하였다.벽의 두께는 49cm로 공간쌓기를 하였으며 지면과 면하는 고막이 부분은 장대석의 화강석으로 축조하였다.1층과 2층 사이에는 벽돌의 허리 돌림띠를 두었으며 2B 두께의 붙임기둥을 설치하였다. 개구부에는 창, 문 모두 동일한 형태의 결원아치를 사용하였으며 하인방의 창대돌은 화강석으로 되어 있다. 또 정면의 작은 광창에는 창대 돌을 마구리 내쌓기한 벽돌이 지지하고 있다. 양쪽의 현관부분은 아치벽돌을 사용한 반원 아치로 key stone은 화강석으로 되어 있으며 porch의 천장은 나무널로 마무리되어 있다. 그리고 석조로 된 아","전남광주통합특별시 남구 백서로70번길 6","","35.1384037","126.9159846","062-607-2331","","https://tour.gwangju.go.kr/uploads/tour/info/history/201805010526096180.jpg","90","False","False","False","","True","","","","","active","0.7","https://tour.gwangju.go.kr/home/tour/info/history.cs?act=view&infoId=180","","","","draft"
"gwangju_tour","history.cs:95","오지호생가","광주","동구","역사·전통","이 곳은 서양화의 대가 오지호가 조선대학교 미술대학 교수로 근무 중이던 1954년부터 1982년 타계할 때까지 살던 집이다. 원래는 100여 년 전의 건축물이었으나 퇴락하자 1986년에 전면적인 보수작업을 했다. 오지호(1905∼1982)는 인상주의의 회화 양식을 받아들여 토착화시킨 화가이다. 화순 동복 출신이며 휘문고보(徽文高普)에서 우리나라 최초의 도일유학(渡日遊學) 유화가인 고의동(高義東)과 함께 있었으며 동경 미술학교에 유학했다. 1948년 광주에 내려와 정착하였고,「광주미술연구회」를 조직하는 한편 조선대학교 미술과 교수를 역임했다. 또「전남도전」의 창립과 더불어 지방 미술의 발전을 주도하며 서구상회화 우위의 개념과 이론으로 광주권 화단의 유화 화풍을 고착시켰고 만년에는 교과서에서 한자를 병용하여 과학적 두뇌를 개발할 것을 강조하는 한자 교육 부활 운동에 앞장서기도 했다. 국전 초대 작가, 심사 위원, 운영 위원을 역임하였고, 예술원 회원을 역임하였다. 1977년 에는 대한민국예술원상을 수상하였으며, 1973년, 국민훈장 모란장(牧丹章)을 받았다. 오지호 가옥의 대문을 들어서면 화실로 사용되었던 채광창이 있는 문간채가 있다. 안채는 초가집인데 정면 4칸, 측면 1칸의 전후퇴집으로 우진각 지붕이다. 평면은 1칸 반의 부엌과 1칸씩의 방3개로 되어 있고, 배면에는 툇마루와 골방이 있다. 부엌에는 살창과 찬장을 복원했으며 판장으로 된 문은 옛날 것을 그대로 달았다. 부연은 대나무로 엮었고, 연목(椽木)은 가늘고 끝을 훑었다. 기단은 막돌허튼층 쌓기의 외벌대 기단 위에 덤벙주초를 놓고 전면과 측면에는 네모기 둥, 뒷면에는 두리기둥을 세웠다. 현재의 기둥은 모서리 기둥만을 남기고 원래의 크기 대로 복원되어 있으며, 문은 외짝의 띠살문이다. 앞마루도 우물 마루를 살리기 위해 부분적으로 보수하였다. 방형기둥 위에는 우미량과 납도리를 결구하였고, 가구는 고주( 高柱)위에 대량을 걸친 뒤 동자주, 종량, 종도리를 차례로 올려놓은 일반적인 구조방식을 적용하고 있다. 화실","전남광주통합특별시 동구 밤실로4번길 17-6","","35.148906","126.938772","062-608-2114","http://www.heritage.go.kr/heri/cul/culSelectDetail.do?VdkVgwKey=23,00060000,24&amp;pageNo=1_1_1_0","https://tour.gwangju.go.kr/uploads/tour/info/history/201805150507413880.jpg","90","False","False","False","","","","","","","active","0.7","https://tour.gwangju.go.kr/home/tour/info/history.cs?act=view&infoId=95","","","","draft"
"gwangju_tour","history.cs:97","우일선 선교사사택","광주","남구","역사·전통","우일선 선교사 사택은 양림산 기슭에 동향으로 세워진 2층 벽돌 건물로 광주에 현존하는 양식 주택으로는 가장 오래된 건물이다. 미국인 선교사 우일선(Wilson)에 의해 1920년대에 지어졌다고 전해올 뿐 정확한 건립 연대는 알 수 없다. 현재 내부를 개조하여 대한예수교 장로회 사무실로 사용하고 있으며, 한국 근대 건축의 흐름을 이해하는 데 도움이 되는 귀중한 자료이다. 평면 정사각형으로 1층은 거실, 가족실, 부엌, 욕실 등이 있고, 2층은 사생활공간으로 침실을 두었다. 지하층은 창고와 보일러실이다. 동향인 점은 한국의 전통적인 방위관을 받아들인 것이라 해석된다. 크기는 정면 10.6m이다. 구조는 벽이 두께 55mm의 회색벽돌로 네델란드식으로 쌓아져 있고 내부는 회반죽으로 마감했으며, 고막이부분은 화강석을 쌓아 처리했다. 개구부는 모두 반원형의 아치로 만들었다. 창문 외부는 열개창, 내부는 오르내리창의 이중창으로 되어 있다. 1층과 2층을 구별하기 위하여 벽돌로 돌림띠를 두어 외벽에 변화를 주었다. 우일선 의사는 제중원 원장을 역임하였다. 1905년 유진벨 선교사의 임시사택에 설립된 제중원은 현재의 광주기독병원으로 100년 넘은 역사를 보유하고 있다. 우일선 선교사는 당시 천벌로 여겨지던 한센병 환자들을 친가족처럼 보살피며 자활의 기반을 마련하여 주었다. 환자들이 전국에서 몰려오자 여수 율촌면에 애양원을 개척하여 평생을 의료사역에 바쳤다. 우일선 선교사 사택 앞에는 100년 정도 된 흑호도나무와 은단풍나무, 그리고 이 지역에서 자생하던 호랑가시나무가 잘 어우러져 있다. 가끔씩 정원에서 음악회가 열리곤 하는데 야경과 함께 낭만적인 분위기를 연출한다. 우일선 선교사 사택 앞에 100m 정도의 돌담길이 있는데 월례행사로 '열정의 백미'라는 벼룩시장이 열려 색다른 재미를 선사하고 있다.","전남광주통합특별시 남구 제중로47번길 20","","35.1383586","126.9118538","062-607-2331","","https://tour.gwangju.go.kr/uploads/tour/info/history/201805080306150670.jpg","90","False","False","True","","","","","","","active","0.7","https://tour.gwangju.go.kr/home/tour/info/history.cs?act=view&infoId=97","","","","draft"
"gwangju_tour","culture.cs:85","광주전통문화관","광주","동구","문화·예술","전통문화관은 남도의 자랑스러운 전통문화를 보존, 전수하는 법고창신法古創新의 공간이자 함께 만들고 배우는 창작공방(創作工房) 이다. 무등산 국립공원 초입에 위치한 전통문화관은 2012년 전통한옥 무송원撫松院을 이설, 복원해 조성하고, 무형문화재 작품전시관과 전수실 및 서석당, 입석당, 너덜마당 등의 문화공간이 있다. 시민 누구나 즐길 수 있는 주말상설공연(토요상설공연, 무등풍류뎐), 무형문화재 대시민 교육인 전통문화예술강좌, 내외국인 관광객 및 청소년을 위한 전통문화예술체험, 공예 및 전통음식 체험 등의 친환경적 프로그램, 그리고 무등산 문화자원을 기반으로 한 특별기획프로그램과 무등산권 활성화를 위한 10월의 무등울림 축제를 진행하고 있다. 아름답고 넉넉한 무등의 품속에서 우리의 옛것을 보고 배우며 즐길 수 있는 전통문화관이다. 무등산권 유네스코 세계지질공원과도 연계 관광이 가능하다.","전남광주통합특별시 동구 의재로 222","","35.1335563","126.9520858","062-670-8550","http://www.gtcc.or.kr/","https://tour.gwangju.go.kr/uploads/tour/info/experience/201611090325383630.jpg","90","True","True","True","True","True","","","0.0","0.0","active","0.7","https://tour.gwangju.go.kr/home/tour/info/culture.cs?act=view&infoId=85","","","","draft"
"gwangju_tour","culture.cs:1454","나눔하우스 2호점 ‘마을미술관’","광주","광산구","문화·예술","카자흐스탄 출신 고려인 3세 문 빅토르 화백의 작품을 만나볼 수 있는 공간으로, 대표작인 「1937 고려인 강제이주열차」, 「인물화 : 홍범도 장군」을 포함하여 고려인의 역사와 존엄을 담은 작품들이 상설 전시 중이다. 1937년 고려인 강제이주와 디아스포라의 역사를 주제로 한 사실주의 회화, 인물 중심의 서사적 구성과 강한 윤곽선, 절제된 색채 사용이 특징이다.","전남광주통합특별시 광산구 산정로 58-9, 1층","","35.171845","126.80498","062-961-1925","","https://tour.gwangju.go.kr/uploads/tour/info/culture/202606180538124300.jpg","90","True","True","False","","","","","","","active","0.7","https://tour.gwangju.go.kr/home/tour/info/culture.cs?act=view&infoId=1454","","","","draft"
"gwangju_tour","culture.cs:1452","다모아어린이공원 ‘홍범도 장군 흉상’","광주","광산구","문화·예술","고려인들의 정신적 지주인 홍범도 장군의 희생정신과 뜻을 기리기 위한 추모 공간을 마련하기 위해 다모아어린이공원 내 건립된 흉상이다. 2022년 8월 15일, 홍범도 장군 유해 봉환 1주년을 맞이하여 추진한 흉상 제막식을 기점으로 국내외 방문객과 참배객들의 발길이 꾸준히 이어지고 있으며, 2023년 5월 국가보훈처 현충시설로 지정되었다.","전남광주통합특별시 광산구 산정공원로28번길 13-12","","35.170855","126.807151","062-960-4137","","https://tour.gwangju.go.kr/uploads/tour/info/culture/202606180536238430.jpg","90","False","False","True","","","","","","","active","0.7","https://tour.gwangju.go.kr/home/tour/info/culture.cs?act=view&infoId=1452","","","","draft"
"gwangju_tour","culture.cs:1085","드영미술관","광주","동구","문화·예술","무등산 국립공원 초입에 자리한 드영 미술관(De Young Museum)은 대중과 함께하는 미술관이라는 슬로건 아래 시민과 예술가들이 함께 소통하며 예술을 향유 할 수 있는 창조공간으로 발돋움해 나가고자 설립되었습니다. 드영미술관(De Young Art Museum)은 “영원한 젊음”을 모토로 2018년 5월 1일(광주광역시 1종) 등록 미술관으로 개관하였습니다. 복합미술공간인 드영미술관에서는 전시공간과 교육실을 활용한 기획전시, 특별전시, 상설전시, 성인강좌, 어린이 뮤지엄교육, 심포지엄, 워크샵 등의 전시 및 교육행사들을 다채롭고 지속적으로 추진하고 있습니다. 미술관 내부는 전시, 교육, 학술연구, 작품 보존 기능을 부각할 수 있는 독립적인 공간으로, 카페테리아는 크고 작은 창을 통해 무등산의 조망이 한눈에 보이는 아름다운 휴식공간으로 조성되어 있습니다. 드영미술관을 찾는 많은 분들에게 자연환경 안에서의 소소한 휴식을 선물하는 공간으로 자리 매김하고자 합니다.","전남광주통합특별시 동구 성촌길 6","","35.134337","126.953404","062-223-6515","http://www.deyoungmuseum.co.kr/","https://tour.gwangju.go.kr/uploads/tour/info/culture/201811200336015230.jpg","90","True","True","True","True","True","False","","0.0","0.0","active","0.7","https://tour.gwangju.go.kr/home/tour/info/culture.cs?act=view&infoId=1085","","","","draft"
"gwangju_tour","culture.cs:649","만취정","광주","광산구","문화·예술","이 정자는 한말의 우국지사인 심원표(1853~1939)가 1913년에 지어 후학을 가르쳤던 곳이다. 정자는 정면 3칸, 측면 1칸에 전후퇴가 있고, 가운데에 온돌방을 배치한 평면에 지붕은 팔작지붕이다. 심원표는 이곳 동호동에서 태어났으며, 만취는 그의 호이다. 젊어서는 기정진, 중년에는 송병준에게 공부하였으며, 기우만, 오준선 등과 교류하였다. 그는 나라가 기울어져 가는 상황에서도 마음을 굳게 지키며, 의병들을 돕다가 일제에 곤욕을 치르기도 하였다. 만취가 ‘추운 겨울에도 푸른빛을 잃지 않는 소나무의 높은 절개를 이르는 말’이라고 기우만은 설명하고 있다. 여기에서 만취를 호로 삼은 심원표의 기개를 엿볼 수 있다.","전남광주통합특별시 광산구 본량본촌길 29","","35.1798716","126.683978","062-960-8253","https://www.gwangsan.go.kr/pj/pjTour.php?action=view&amp;pageID=culture0103020000&amp;seq=81&amp;code=004","https://tour.gwangju.go.kr/uploads/tour/info/history/201805150525355640.jpg","90","False","False","False","","","","","","","active","0.7","https://tour.gwangju.go.kr/home/tour/info/culture.cs?act=view&infoId=649","","","","draft"
"tourapi","2783851","경암근린공원","광주","광산구","관광지","도심 속에서 숲을 접하고 자연 속에서 힐링할 수 있는 경암근린공원은 다양한 체육활동을 할 수 있는 다목적 운동장과 함께 광장, 어린이 놀이터 등이 갖추어져 있으며, 잘 정돈된 산책로와 휴게시설도 마련되어 있다. 또한, 유아 숲체험원이 조성되어 있어 어린이들이 자연 속에서 다양한 놀이와 함께 자연을 직접 체험할 수 있고, 어린이들이 좋아할 만한 조형물 및 다양한 체험시설을 갖추고 있어 어린이와 함께 나들이하기에 좋다. 그뿐만 아니라 보행 약자를 위한 무장애 나눔 길이 설치되어 있어 거동이 불편한 보행 약자들도 쉽고 편하게 숲을 체험하고 안전하게 산책할 수 있다.","전남광주통합특별시 광산구 하남대로54번안길 133 (하남동)","","35.1783221177","126.8000977994","광주 광산구청 도시공원과 062-960-8712","","http://tong.visitkorea.or.kr/cms/resource/84/3528384_image2_1.jpg","90","False","False","True","True","","","","","","active","0.5","","2026-06-30T18:44:28+00:00","","Type1","draft"
"tourapi","127069","관덕정의 각궁","광주","남구","관광지","정신과 신체를 동시에 건강하게 해주는, 관덕정의 각궁 궁술은 무사뿐만이 아니라 선비들도 반드시 익혀야 할 필수 요건이었다. 이러한 활이 요즘에는 생존이나 방비 기능은 완전히 상실하여 스포츠와 취미로 그 명맥을 이어가고 있다. 전남광주통합특별시에도 스포츠와 취미로서 활의 명맥을 이어주는 곳이 있는데, 사직공원에 있는 활터 관덕정이 그것이다. 관덕정의 사범이자 지역에서는 유일하게 활을 만들고 있는 권태은 씨는 호라의 고장으로 널리 알려진 경북 예천이 고향으로 3대째 활을 만들고 있는데, 전남광주통합특별시에 자리를 잡은 것은 23년 전이다. 경상도에서 활을 만들면 팔러 나가는 곳이 대부분 전라도이므로 아예 옮겨와 활을 만들기 시작했다는 권 씨의 이야기다. 옛날에는 활의 재료와 쓰임새에 따라 무척 다양했지만 요즘에는 각궁만이 남아 그 명맥을 유지해 주고 있다. 전통이 실려있는 각궁이란 후궁·장궁(長弓)이라고도 하는데 각궁의 모양은 시대에 따라 조금씩의 차이가 있다. 크게 2종류로 나눌 수 있는데, 전쟁이나 사냥에 쓰인 것은 궁간상(弓幹桑)·뿔·힘줄·아교·실·칠 등 6가지로 만들고, 운동이나 오락으로 쓰인 것은 궁간상·참나무·대·벚나무·뿔·힘줄·아교 등 7가지로 만들었다. 강(强)·중(中)·연(軟)의 구별이 있어서, 남녀 누구나 자신의 힘에 맞는 것을 쓸 수 있었다.","전남광주통합특별시 남구 사직길 49","","35.1419253355","126.9118638245","062-671-8383","https://www.heritage.go.kr/heri/cul/culSelectDetail.do?ccbaKdcd=79&ccbaAsno=06940000&ccbaCtcd=24&pageNo=1_1_1_0","http://tong.visitkorea.or.kr/cms/resource/46/3350246_image2_1.jpg","90","False","False","False","","","","","","","active","0.5","https://www.heritage.go.kr/heri/cul/culSelectDetail.do?ccbaKdcd=79&ccbaAsno=06940000&ccbaCtcd=24&pageNo=1_1_1_0","2026-06-30T21:26:27+00:00","","Type3","draft"
"tourapi","2822573","광주 수완호수공원","광주","광산구","관광지","도시계획을 통해 성장한 수완동 안의 공원으로 위치와 접근성이 뛰어나다. O체어, 벤치그네 등 시민들이 아이들과 함께 재밌게 접할 수 있는 조형물들이 있다. 밤이면 조형물 사이의 전구들과 조형물 자체에서 빛이 나 은은하고 따뜻한 분위기를 만끽할 수 있다. 호수를 가운데 두어 춤추는 분수를 매시 정각마다 즐길 수 있고 그 주변으로 산책길이 잘 조성되어 있다. 공원 주변으로 대형마트들을 비롯한 다양한 상가들이 있어 편의성도 갖추고 있다. 공연무대가 있어 각종 행사진행이 가능하다.","전남광주통합특별시 광산구 장신로82번길 57 공원관리사무소","","35.1879824765","126.8202596628","광주광역시 광산구청 공원녹지과 062-960-8705","","http://tong.visitkorea.or.kr/cms/resource/65/2822565_image2_1.jpg","90","False","False","True","True","","","","","","active","0.5","","2026-06-30T18:44:28+00:00","","Type1","draft"
"tourapi","127325","광주 충효동 왕버들 군","광주","북구","관광지","광주호 동쪽 호안(湖岸)과 충효동 마을 사이의 도로변에 위치한 왕버들나무는 버들과의 딸린 갈잎 큰 키나무이다. 암수 나무가 딴 그루를 이루며, 4월에 꽃이 피고 열매는 5월에 익는다. 우리나라 경기도 이남 지역과 일부 중부 이남 지역, 중국 중부 지역에 분포하며 풍치림(風致林)과 정자목(亭子木)으로 널리 사랑을 받고 있다. 물가나 들에서 자라며, 목재는 가구와 땔감 등으로 쓰인다. 충효동의 왕버들 3그루는 모두 광주시 나무로 지정되어 있는데 원래는 일송·일매·오류(一松·一梅·五柳)라 하여 마을의 상징 조경수였다고 한다. 그러나 매화와 왕버들 1그루는 말라죽었으며, 또 1그루의 왕버들과 소나무는 마을 앞 도로를 확·포장하면서 잘라 버려 지금은 왕버들 3그루만 남아 있다. 마을에서는 다시 왕버들 2그루를 식목하였으며, 소나무와 매화도 계속 식목할 계획을 가지고 있다. 충효동의 역사는 분명치 않으나 예부터 성이 있어 성안 또는 석저촌(石低村)이라 불려 왔다. 이 일대는 임진왜란 이전에 이미 양산보(梁山甫)의 소쇄원(瀟灑苑)을 비롯하여 김윤제(金允悌)의 환벽당(環璧堂), 김성원(金成遠)의 식영정(息影亭)과 누하당(樓霞堂) 등의 원림(苑林) 정각(亭閣)이 많이 있어, 주변 조경에 많은 영향을 주었던 곳이다.","전남광주통합특별시 북구 충효샘길 7 (충효동)","","35.1848719954","127.0009520932","062-410-6140","https://www.heritage.go.kr/heri/cul/culSelectDetail.do?ccbaKdcd=16&ccbaAsno=05390000&ccbaCtcd=24&pageNo=1_1_1_0","http://tong.visitkorea.or.kr/cms/resource/50/3350350_image2_1.jpg","90","False","False","False","True","","","","","","active","0.5","https://www.heritage.go.kr/heri/cul/culSelectDetail.do?ccbaKdcd=16&ccbaAsno=05390000&ccbaCtcd=24&pageNo=1_1_1_0","2026-06-30T21:26:27+00:00","","Type3","draft"
"tourapi","2489843","광주 평촌마을","광주","북구","관광지","평촌마을은 무등산 북쪽 자락에 자리하고 있는 동림, 담안, 우성, 닭뫼 4개의 자연마을로 형성된 아담하고 한적한 농촌마을이다. 마을 들녘에는 평무뜰이 있어 친환경 우렁이쌀을 재배하고 있으며, 마을 중심으로 흐르는 풍암천에는 도심에서는 이미 자취가 사라진 반딧불이와 무등산의 깃대종인 수달(천연기념물)이 서식하고 있어 우수한 자연생태를 지니고 있는 지역이다. 조선시대에는 이곳 평촌마을이 분청사기를 만들었던 곳으로 남도의 예술적 혼을 지니고 있는 지역이기도 하다. 현재 마을에 있는 평촌 도예공방이 그 전통을 이어가고 있다. 마을 길목에는 무돌길 쉼터와 반디민박이 있어 마을을 지나는 이들과 무등산을 찾는 탐방객들에게 편안한 휴식처가 되고 있다.","전남광주통합특별시 북구 평촌길 15","","35.1756287576","127.0105542557","062-266-2287","https://tour.gwangju.go.kr/home/tour/info/village/002.cs?act=view&infoId=1282","http://tong.visitkorea.or.kr/cms/resource/88/3367188_image2_1.jpg","90","False","False","False","True","","","","","","active","0.5","https://tour.gwangju.go.kr/home/tour/info/village/002.cs?act=view&infoId=1282","2026-06-30T18:44:28+00:00","","Type3","draft"
"tourapi","126329","광주호","광주","북구","관광지","광주호는 1976년 완공된 이래 전남광주통합특별시와 담양군 일대 농업용수로 활용하고 있는 인공 호수다. 무등산 아래에 위치하여 주변의 수려한 자연경관과 조화를 이룬 호반 휴양지로서, 어족이 풍부해 낚시터로도 각광을 받아 많은 휴양인파가 찾는다. 광주호 상류 충효동 일대에는 송강 정철의 가사문학 유적지인 식영정을 비롯해 환벽당, 소쇄원, 취가정, 독수정 등의 정자가 자리 잡고 있어 조선시대 정원문화의 진수를 보여 주고 있다. 광주호 남쪽으로는 2006년 개장한 호수생태원이 있어 시민들의 자연생태학습과 휴식공간으로 사랑받고 있다.","전남광주통합특별시 북구 충효샘길 7 (충효동)","","35.1840804198","127.0010882121","062-613-7892","https://tour.gwangju.go.kr/home/tour/info/nature.cs?act=view&infoId=2","http://tong.visitkorea.or.kr/cms/resource/04/3368304_image2_1.jpg","90","False","False","False","True","","","","","","active","0.5","https://tour.gwangju.go.kr/home/tour/info/nature.cs?act=view&infoId=2","2026-06-30T21:26:27+00:00","","Type3","draft"
"tourapi","126425","국립 5·18 민주묘지","광주","북구","관광지","1980년에 일어난 광주민주화운동의 희생자들이 묻힌 공동 묘지인 국립5·18 민주묘지는 5·18 묘역이라고도 한다. 민주 성지인 전남광주통합특별시의 대표적인 상징으로 묘역 안에는 5·18 영령의 묘가 있으며, 참배 광장, 전시 공간, 상징 조형물, 광주민주화운동 추모탑 등으로 구성되어 있다. 5·18 묘지 중앙에 있는 사각기둥인 탑신은 높이 40m로 우리나라 전통 석조물인 당간지주를 현대감각에 맞게 형상화했다. 탑신 가운데 감싸 쥔 손 모양으로 중앙에 설치된 타원형 형상은 새로운 생명의 부활을 상징하며, 시시각각 변하는 태양광에 반사된 빛은 희망의 씨앗이라고 볼 수 있다. 또한 5·18 추모관은 민주화를 위해 희생한 민주 영령들을 추모하고 그 뜻을 올바르게 계승하기 위해 건립되었다. 5·18민주화운동과 그 희생자 그리고 아직 밝혀지지 않은 진실 등을 객관적으로 이해할 수 있으며, 단순한 관람보다는 직접 참여하여 5·18 실상과 정신을 느낄 수 있는 체험 공간으로 구성되어 있다. ※ 경건한 참배분위기를 위하여 슬리퍼, 민소매 등의 복장은 자제 요망","전남광주통합특별시 북구 민주로 200 (운정동)","","35.2325767086","126.9415422558","062-268-0518","https://www.mpva.go.kr/518/index.do","http://tong.visitkorea.or.kr/cms/resource/81/1587681_image2_1.jpg","90","False","False","True","True","","","","","","active","0.5","https://www.mpva.go.kr/518/index.do","2026-06-30T21:26:27+00:00","","Type3","draft"
"tourapi","1621334","금남로","광주","동구","관광지","전남광주통합특별시 동구에 있는 2.3㎞의 길로 금남로 1~5가로 이루어져 있다. 이중 금남로 1가의 옛 전남도청에서 옛 광주 은행 사거리 518m는 5·18 광주민주화운동 등 한국 현대사의 역사를 간직한 곳으로 2011년 8월 30일 광주시에 의하여 ‘유네스코 민주인권로’로 지정되었다. 금남로는 광주시민이 계엄군에 맞서 5·18 민중항쟁 기간 중 연일 격렬하게 저항했던 항쟁의 거리다. 5월 18일 가톨릭센터 앞에서 최초의 학생 연좌시위가 있었으며 5월 19일부터 수많은 시민들이 끊임없이 모여들어 투쟁의지를 불태웠다. 5월 20일 저녁에는 택시를 중심으로 100대 이상의 각종 차량이 참가한 대규모 시위가 있었다. 21일 계엄군의 집단 발포 전까지 30여 만 광주시민이 매일 운집, 군사독재 저지와 민주화를 촉구했던 금남로는 5·18 민중 항쟁을 상징하는 거리다. 이후에도 항쟁의 진실을 밝히려는 투쟁이 이 거리를 중심으로 전개되었고, 가톨릭센터에서는 민주화를 위한 시민 집회가 계속 열렸다. 지금도 광주에서 진행되는 행사나 집회, 축제 등은 모두 금남로를 거쳐 옛 전남도청(현 국립아시아문화전당)으로 향한다.","전남광주통합특별시 동구 금남로 일대 (금남로5가)","","35.1538517467","126.9106747413","전남광주통합특별시 동구청 관광진흥과 062-613-3633","","http://tong.visitkorea.or.kr/cms/resource/73/3459973_image2_1.jpg","90","False","False","False","","","","","","","active","0.5","","2026-06-30T21:26:27+00:00","","Type3","draft"
"tourapi","2470068","녹색에너지체험관 (광주전남지역본부)","광주","북구","관광지","세계는 지금 기후변화로 상징되는 환경위기와 고유가로 대표되는 자원위기에 동시에 직면하고 있다. 기후변화 문제는 연이은 기상재해를 유발하여 생태계 질서를 근본적으로 뒤흔들며 인류의 생존을 위협하고, 자원고갈로 인한 에너지 가격 급등과 화석연료 사용으로 인한 지구 온난화는 우리 경제와 환경을 동시에 위협하고 있다. 우리나라는 이산화탄소 배출 세계 7위(IEA, 2018 기준)이며, 세계 9위의 에너지 소비 수입국으로 우리나라 공급에너지의 94%를 해외 수입에 의존하고 있기 때문에 에너지절약은 반드시 추진해야 하는 시대적 과제이다. 이에 발맞춰 녹색에너지체험관은 에너지절약이 왜 필요한지, 생활 속에서 실천할 수 있는 에너지절약은 무엇인지를 쉽게 이해하고 배울 수 있는 체험관이며, 화석에너지, 환경에너지, 신재생에너지 등 녹색에너지를 소개한다. 녹색에너지체험관은 에너지 접속존, 화석에너지와 기후변화, 에너지를 지켜라 존, 희망의 에너지 아크존, 유쾌한 녹색도시 존, LED 전시관으로 구성되어 있다.","전남광주통합특별시 북구 첨단과기로 123","","35.2274311559","126.8416345612","062-602-0001","https://dco.energy.or.kr/green/","http://tong.visitkorea.or.kr/cms/resource/88/3040988_image2_1.jpg","90","False","False","True","True","","","","","","active","0.5","https://dco.energy.or.kr/green/","2026-06-30T18:44:28+00:00","","Type3","draft"
"tourapi","2614773","덕산너덜 (무등산권 국가지질공원)","광주","북구","관광지","너덜은 너덜겅으로도 불리며 돌이 많이 흩어져 있는 비탈을 의미하는 순수한 우리말로, 중생대 백악기 후기(약 8,700~8,500만 년 전)에 생성된 주상절리대가 풍화되어 쪼개져 지금의 너덜이 되었다. 덕산너덜은 무등산 최대의 너덜로 길이 600m, 최대 폭 250m 규모로 펼쳐져 있으며 지공너덜과 함께 무등산의 대표적인 너덜이다.","전남광주통합특별시 북구 무등로 1550 (금곡동)","","35.1441458348","126.9890013959","수목원정원사업소 지질공원과 062-613-7853","http://geopark.gwangju.go.kr/gallery.do?S=S01&M=010301000000&b_code=0000000007&v_type=SK3&b_list=16&mod=view&list_no=26&nPage=1&vlist_no_npage=0&keyField=&keyWord=&orderby=REG_DATE","http://tong.visitkorea.or.kr/cms/resource/17/2917917_image2_1.jpg","90","False","False","False","","","","","","","active","0.5","http://geopark.gwangju.go.kr/gallery.do?S=S01&M=010301000000&b_code=0000000007&v_type=SK3&b_list=16&mod=view&list_no=26&nPage=1&vlist_no_npage=0&keyField=&keyWord=&orderby=REG_DATE","2026-06-30T18:44:28+00:00","","Type3","draft"
"tourapi","1620893","도림사(광주)","광주","광산구","관광지","도림사는 전남광주통합특별시 광산구 도림마을 입구에 있으며 노사 기정진(1798~1879), 난와 오계수(1843~1915), 후석 오준선(1851~1931)을 모신 사우이다. 기정진은 고종 3년(1866) 병인양요가 일어나자 병인소를 올려 외적을 방비하는 대책을 건의하였고, 위정척사사상의 기초를 마련하였다. 오계수는 기정진의 제자로 을미사변 후 일어난 을미의병에 참여하였다. 1910년 한일병합 이후 가마마을 뒤쪽 산에 있는 영사재에서 은거하면서 학문을 연구하였다. 오준선도 기정진의 제자로, 한일병합 이후 용진산에 들어가 용진정사를 세우고 성리학을 연구하면서 후진을 양성하였다. 1934년 나주오씨 문중과 오계수, 오준선의 후학들이 오계수, 오준선과 기정진을 기리기 위하여 도림사를 세웠다. 도림마을은 오계수와 오준선이 태어난 곳이며, 나주오씨 문중의 집성촌이다.","전남광주통합특별시 광산구 도림하길 33 (도덕동)","","35.1666995405","126.7007374404","062-940-8225","https://www.grandculture.net/gwangju/toc/GC60001435","http://tong.visitkorea.or.kr/cms/resource/40/3366540_image2_1.jpg","90","False","False","False","False","","","","","","active","0.5","https://www.grandculture.net/gwangju/toc/GC60001435","2026-06-30T21:26:27+00:00","","Type3","draft"
"tourapi","2565865","동리단길 카페거리","광주","동구","관광지","핫플레이스로 떠오르고 있는 동명동 카페거리는 1970~90년대를 정점으로 고급 주택과 오래된 한옥들이 혼재된 전남광주통합특별시의 대표적인 부촌이었다. 한때 원도심 침체에 따라 활기를 잃기도 하였지만, 학원이 동명동에 집중되며 부모들을 위한 카페가 생기기 시작했다. 이 카페들이 점차 개성을 가지고 독특한 인테리어와 음료를 추구하면서 다양한 스타일의 카페들이 들어서며 오늘의 로컬 브랜드로 자리 잡은 동명동 카페거리가 만들어졌다. 독특한 분위기와 다양한 스타일, 테마의 카페들이 모여 있어 방문객들은 자신에게 맞는 분위기와 메뉴를 선택할 수 있다. 동리단길은 골목길과 작은 공원이 많이 있어 산책이나 휴식을 즐길 수 있는 좋은 장소이다. 현재는 바닥에 쓰인 글과 이색적인 그림의 벽화도 볼만하고 이색 카페, 예술 작품, 쉼터로 떠오르는 여행 스폿이 되었다. 구도심 골목에 생겨난 카페거리라서 주차가 원활하지 않으나 근처에 국립아시아문화전당 부설주차장이 있다.","전남광주통합특별시 동구 동명동","","35.1492525371","126.9267289927","전남광주통합특별시 관광안내소 062-365-8733","https://tour.gwangju.go.kr/home/tour/info/village/002.cs?act=view&infoId=56&category=002&searchCondition=&searchKeyword=&pageIndex=1","http://tong.visitkorea.or.kr/cms/resource/70/3337270_image2_1.jpg","90","False","False","False","","","","","","","active","0.5","https://tour.gwangju.go.kr/home/tour/info/village/002.cs?act=view&infoId=56&category=002&searchCondition=&searchKeyword=&pageIndex=1","2026-06-30T21:27:26+00:00","","Type3","draft"
"tourapi","1620808","두남제","광주","광산구","관광지","두남제는 행주기씨 문중 재각으로 건축적 배치 및 조형이 가지는 유교 건축의 규범과 품격이 잘 유지되어 있으며, 한옥의 멋을 느낄 수 있는 문화 경관성을 지니고 있다. 건물은 화강석 기단 위에 정평주초를 넣고 평주와 고주를 세운 정면 5칸, 측면 2칸의 한식 기와 팔작지붕이다. 마루는 귀틀에 의한 툇마루로 되어 있으며, 내부에는 중앙에 대청과 좌우에 온돌방을 배치하였고, 천정은 대들보 위에 마루 대공과 종보를 결구하여 종도리를 걸친 5량 집이다. 창호는 좌우 1칸씩은 분합문으로 되어 있고, 중앙 3칸은 4 분합문으로 되어 있으며, 띠살창이다. 상인방 위에는 빗살창으로 된 봉창이 있다. 창호 좌우측에는 머름을 장식하였고, 좌우측 툇마루는 머름을 대고 1단 높인 마루이다. 대문은 맞배지붕의 평 3문이며, 담장은 토석 혼축의 담장이다. 처마는 겹처마로 되어 있다.","전남광주통합특별시 광산구 광산동 277","","35.2437804781","126.7462953738","062-960-8225","","http://tong.visitkorea.or.kr/cms/resource/71/3366471_image2_1.jpg","90","False","False","False","False","","","","","","active","0.5","","2026-06-30T18:44:28+00:00","","Type3","draft"
"tourapi","3353800","뜻모아센터","광주","북구","관광지","유한회사 뜻모아센터는 탄소중립공예를 주력으로 하는 공예 체험 업체이다. 재활용 가능한 다양한 재료와 공기정화식물인 스칸디아모스를 활용한 공예 체험 프로그램을 개발해 지역축제에서 다양한 연령층의 관광객을 만나고 있다. 스칸디아모스와 접목한 추억의 못난이 인형, 언제나 싱그러운 스칸디아모스 커피박 화분, 키링 만들기는 유한회사 뜻모아센터의 인기 체험 프로그램이다.","전남광주통합특별시 북구 서하로245번길 42 (오치동) 3층 302호","","35.1892060356","126.9076407902","010-7173-0808","","http://tong.visitkorea.or.kr/cms/resource/53/3353753_image2_1.jpg","90","False","False","True","True","","","","","","active","0.5","","2026-06-30T21:26:27+00:00","","Type1","draft"
"tourapi","1074432","무등산 주상절리대","광주","동구","관광지","무등산 주상절리대는 용연동 일대 무등산에 있는 육각형 모양의 기둥 바위가 늘어선 것이다. 대한민국의 천연기념물로 지정되어 있다. 주상절리는 용암(석영안산암질)이 지표부근에서 냉각되면서 물리적 풍화에 의해 수축되어 생기는 절리 중에 단면의 형태가 오각형이나 육각형의 기둥모양인 것을 말한다. 무등산 주상절리는 약 7천만 년 전(중생대 백악기) 화산활동의 산물로 형성된 것으로 입석대와 서석대 그리고 규봉에 있으며, 입석대와 서석대에 있는 절리대의 돌기둥 하나의 크기가 지금까지 남한에서 보고된 것 중 가장 커서 주목받고 있다. 입석대, 규봉은 풍화가 많이 진행되어 기둥모양이지만 서석대는 풍화가 덜 진행되어 병풍모양을 하고 있다. 정상을 중심으로 산비탈에 있는 너덜겅은 이러한 돌기둥이 무너져 쌓인 것이다. 서있는 바위나, 너덜겅들은 암석의 생성과 풍화과정을 살펴볼 수 있고 지구의 기후환경변화를 모니터링할 수 있는 희귀한 자연유적이므로 학술적·경관적 가치가 매우 크며 빼어난 지질경관을 이루고 있다. 이러한 지형자원들은 단순히 주상절리대, 너덜지대라는 인식 이외에 무등산 일대에서 살아가는 주민들에게는 또 다른 중요한 의미를 지니고 있다. 무등산의 주상절리대와 너덜지대를 신앙의 대상으로, 때로는 종교적 수행을 하는 장소로 활용하기도 했다.","전남광주통합특별시 동구 용연동 산 354-1","","35.1202403693","126.9990150009","062-227-1187","https://www.donggu.kr/tour/M0000016/tour/view.do","http://tong.visitkorea.or.kr/cms/resource/23/3029123_image2_1.jpg","90","False","False","False","True","","","","","","active","0.5","https://www.donggu.kr/tour/M0000016/tour/view.do","2026-06-30T21:27:26+00:00","","Type3","draft"
"tourapi","1621168","고싸움놀이전수교육관","광주","남구","문화·예술","고싸움놀이전수교육관은 고싸움놀이 무형문화재 전수교육과 체험을 하며 궁극적으로는 고싸움놀이를 보존하기 위한 곳이다. 매년 국가 무형 유산 공개행사 ‘고싸움놀이축제’를 통하여 고싸움놀이가 지닌 고유한 멋과 즐거움을 일반 시민에게 전수, 보존하는데 힘쓰고 있다. 또한 체험과 교육 등의 다양한 프로그램을 연중 실시하여 우리 전통문화예술에 대한 사회적 향유 기회를 제공하고 있다. (출처 : 고싸움놀이전수교육관 홈페이지)","전남광주통합특별시 남구 고싸움로 2","","35.0697294541","126.837538861","","http://www.gossaum.com/","http://tong.visitkorea.or.kr/cms/resource/87/3367587_image2_1.jpg","90","True","True","True","True","","","","","","active","0.5","http://www.gossaum.com/","2026-06-30T18:44:28+00:00","","Type3","draft"
"tourapi","2733545","광주 전통문화관","광주","동구","문화·예술","전통문화관은 전남광주통합특별시의 자랑스러운 전통문화를 보존 및 전수하는 법고창신(法古創新)의 공간이자 함께 만들고 배우는 창작공방(創作工房)이다. 무등산 국립공원 초입에 위치한 전통문화관은 2012년 전통한옥 무송원(撫松院)을 이설 및 복원해 조성하고, 무형문화유산 작품전시관과 전수실 및 서석당, 입석당, 너덜마당 등의 문화공간이 있다. 시민 누구나 즐길 수 있는 주말상설공연인 토요상설공연과 무등풍류뎐, 무형문화재 대시 민 교육인 전통문화예술강좌, 내외국인 관광객 및 청소년을 위한 전통문화예술체험, 공예 및 전통음식 체험 등의 친환경적 프로그램, 그리고 무등산 문화자원을 기반으로 한 특별기획프로그램과 무등산권 활성화를 위한 10월의 무등울림 축제를 진행하고 있다. 아름답고 넉넉한 무등의 품속에서 우리의 옛것을 보고 배우며 즐길 수 있는 전통문화관이다.","전남광주통합특별시 동구 의재로 222","","35.1336797291","126.9523771168","","http://www.gtcc.or.kr/","http://tong.visitkorea.or.kr/cms/resource/46/2733546_image2_1.jpg","90","True","True","True","True","","","","","","active","0.5","http://www.gtcc.or.kr/","2026-06-30T21:27:26+00:00","","Type3","draft"
"tourapi","969963","광주야외음악당","광주","서구","문화·예술","전남광주통합특별시청 옆 문화광장 내에 위치한 광주야외음악당은 2006년 5월 설립한 이동형 객석 2,000석 규모의 야외음악 공연장이다. 최신 음향장비 및 무대, 조명시설을 갖추고 있으며, 클래식, 국악 등의 음악공연을 비롯한 각종 문화공연 및 전시행사가 열린다. 광주야외음악당은 광주시민들에게 특별한 공간이다. 전남광주통합특별시 또는 우리나라에 좋은 일이 생기거나 생기길 희망할 때면 이곳에 모여 자축하거나 기원의 에너지를 모으는 장소로 활용되는 곳이다.","전남광주통합특별시 서구 내방로 111 (치평동)","","35.160019493","126.8513576102","","https://tour.gwangju.go.kr/home/tour/info/sports.cs?act=view&infoId=1246","http://tong.visitkorea.or.kr/cms/resource/64/3367264_image2_1.jpg","90","True","True","False","True","","","","","","active","0.5","https://tour.gwangju.go.kr/home/tour/info/sports.cs?act=view&infoId=1246","2026-06-30T21:26:27+00:00","","Type3","draft"
"tourapi","2009775","국립아시아문화전당","광주","동구","문화·예술","국립아시아문화전당은 아시아의 문화 교류와, 문화자원 수집·연구, 콘텐츠의 창·제작, 전시, 공연, 아카이브, 유통이 한 곳에서 모두 이루어지는 세계적인 복합문화예술공간이다. 국립아시아문화전당의 대표적인 콘텐츠를 보여주는 상설전시와 기획전시, 레지던시 전시, 특별전시 등 대중과 함께 공감하고 즐기는 약 40개의 다양한 전시를 매년 선보이고 있다. 전시는 민주주의와 인권의 요람인 광주의 지역적 정체성을 근간으로 전 세계인들이 공감하는 ‘시대정신’을 반영하고 있다. 또한 창의성, 혁신성, 전문성을 바탕으로 과학기술과 융합된 예술적 표현 매체를 적극 활용하는 전시를 선보임으로써 동시대 미술의 다양한 가능성을 관람객들과 공유하고 있다. 국립아시아문화전당은 콘서트, 연극, 무용, 클래식, 토크쇼 등 장르에 구애받지 않는 아시아의 동시대 담론을 소재로 한 실험적 공연을 매년 30회 이상 제작하고 있다. 국내외 유수 창작진과 협업하여 ACC 고유의 아시아콘텐츠 공연, 국제공동 창·제작 공연, 어린이·청소년을 위한 창·제작 공연을 개발하고 있다. 또한, 남녀노소 누구나 즐길 수 있는 다양한 브런치 콘서트, 슈퍼클래식, 빅도어 시네마, 수요극장, 지역협력 공연, 송년음악회, 신년음악회 등의 공연도 진행하고 있다. 5‧18민주화운동의 민주·인권·평화 정신을 확산하기 위해 매년 5월 'ACC오월문화주간'에서 오월어머니의 노래, 오월스토리 퍼즐, 오월이야기 등 다양한 전시, 공연, 행사 등을 선보이고 있다. 또한, 야외 공간에서 즐기는 다채로운 축제와 행사를 연중 운영하고 있다. 아시아문화주간, 아시아문학페스티벌, ACC 월드뮤직페스티벌, HOW FUN, ACT 페스티벌, 책 읽는 ACC, 요가축제, ACC 시티런 등 전당 곳곳에서 방문객들과 함께 참여하는 다양하고 역동적인 프로그램이 펼쳐진다. 어린이들의 꿈이 성장하는 창의 예술 어린이 문화 놀이터인 어린이문화원에서는 체험 전시, 도서관, 공연, 창의예술교육 등 재미와 즐거움을 체험하고 창작 놀이를 통해 감성과 창의성을 키울 수 있","전남광주통합특별시 동구 문화전당로 38 (광산동)","","35.1460861028","126.9192936186","","http://www.acc.go.kr","http://tong.visitkorea.or.kr/cms/resource/59/3083359_image2_1.jpg","90","True","True","True","True","","","","","","active","0.5","http://www.acc.go.kr","2026-06-30T21:26:27+00:00","","Type3","draft"
"tourapi","1745001","빛고을시민문화관","광주","남구","문화·예술","빛고을시민문화관은 아시아문화중심도시 전남광주통합특별시의 새로운 복합문화시설로서 시민 정서 함양과 지역 문화예술의 창달을 위해 시민본위의 공연·전시, 쾌적하고 친숙한 문화예술공간 제공에 중점을 두고 운영하고 있다. 옛 구동체육관 부지에 2008년 11월 착공해 2010년 2월에 개관했다. 지하 2층, 지상 4층, 연면적 14,049㎡ 규모이며, 공연장(715석), 전시실, 다목적실 등의 시설을 갖추고 있다. 지역 주민들을 위한 공연·전시 등 각종 문화행사와 각종 문화강좌를 위한 공간으로 사용된다.","전남광주통합특별시 남구 천변좌로338번길 7","","35.1479301594","126.9086750662","","http://bitculture.gjcf.or.kr","http://tong.visitkorea.or.kr/cms/resource/05/3366705_image2_1.jpg","90","True","True","False","True","","","","","","active","0.5","http://bitculture.gjcf.or.kr","2026-06-30T21:26:27+00:00","","Type3","draft"
"tourapi","2605338","수피아여자중고등학교","광주","남구","문화·예술","수피아여자중고등학교는 전남광주통합특별시 남구 양림동에 있는 사립학교로 1908년 배유지(Dr. Eugene Bell) 선교사에 의해 설립됐다. 교육사적·종교사적으로 가치 있는 건축물을 보유한 이곳은 광주 지역 근대건축의 변천사를 여실히 보여주고 있다. 수피아여자중고등학교에서 가장 오래된 건물은 구 수피아여학교 수피아홀이다. 당시에 일반적으로 사용되던 붉은 벽돌이 아니라 회색 벽돌로 지은 것이 특징으로, 중앙의 현관 포치 위쪽에 박공을 두어 정면성을 강조하고 있다. 배유지기념예배당은 학교 설립자인 배유지 선교사를 추모하기 위해 건립한 건물로 규모는 작고 아담하지만, 장식적인 요소가 많고 건축 기법이 독특하고 조화롭다. 윈스브로우 여사의 생일 헌금으로 건축한 구 수피아여학교 윈스브로우홀은 좌우 대칭의 중복도형으로 정면 출입구에 설치한 아담한 돌출 현관 포치가 인상적이다. 학교 후문 안에는 1995년 건립한 광주 3·1 만세 운동 기념비가 위치해 있다. 앞면에는 ‘광주 3.1 만세 운동 기념’이 새겨져 있고, 뒷면은 광주 3.1 만세 운동에 앞장섰기 때문에 옥고를 치른 수피아 학생들의 이름을 새겨 길이 기념하고자 했다.","전남광주통합특별시 남구 백서로 13 (양림동)","","35.1368703131","126.9096335919","","","http://tong.visitkorea.or.kr/cms/resource/79/3366679_image2_1.jpg","90","True","True","False","True","","","","","","active","0.5","","2026-06-30T21:26:27+00:00","","Type3","draft"
"tourapi","130639","우제길미술관","광주","동구","문화·예술","우제길미술관은 사립미술관으로, 김차순 관장이 2001년 설립 이후 2014년 건축가 승효상의 설계로 새로운 공간을 증축하며 한층 더 현대적인 감각을 갖춘 복합문화공간으로 거듭났다. 한국 현대 추상미술을 대표하는 ‘빛의 화가’ 우제길 화백의 예술세계를 깊이 있게 조명하는 전시뿐만 아니라, 미술관이라는 세련된 건축미가 어우러진 인문학적 감성 공간에서 문화예술 행사, 교육, 워크숍 및 세미나, 결혼식 등 다양한 대관 행사를 개최할 수 있다. 또한, 작가의 창작 작업실이 함께 위치하여 그의 예술적 영감과 창작의 순간을 더욱 가까이에서 느낄 수 있는 특별한 경험을 제공한다. * 빛의 화가 우제길 우제길은 빛의 화가라고 불리는 작가로 현대 미술의 거장이다. 1942년 일본 교토에서 태어나 광주서중학교를 거쳐 1961년 광주사범학교를 졸업하였다. 이후 1987년 광주대학교 산업디자인과를 졸업하였다. 한국과 일본, 미국, 유라시아 국가에서 180여 회 이상의 국제전과 기획전에 참여하였으며, 한국미술대상전 특별상(1976), 문화체육부 공로상(1994), 제1회 광주비엔날레 인기작가상(1995), 옥관 문화훈장(2004) 등을 받았다.","전남광주통합특별시 동구 의재로 140-6","","35.1317742306","126.9430502112","","https://wooart.co.kr/board/","http://tong.visitkorea.or.kr/cms/resource/53/3510753_image2_1.jpg","90","True","True","False","True","","","","","","active","0.5","https://wooart.co.kr/board/","2026-06-30T21:26:27+00:00","","Type1","draft"
"tourapi","2755010","5·18민주화운동 기록관","광주","동구","문화·예술","5·18 민주화운동은 1980년 5월 18일부터 열흘간 전남광주통합특별시에서 촉발된 항쟁, 항거운동으로 대한민국을 지금의 민주주의 국가로 만든 역사적인 운동이다. ‘5·18 민주화운동 기록관’은 5·18 민주화운동 기록유산을 체계적으로 수집하여 영구 보존하고, 5·18의 역사적 의미를 세계인들과 함께 공유하기 위해 1980년 5월 역사적 현장이었던 옛 광주가톨릭센터에 2015년 설립되었다. 광주 시민들의 노력으로 2011년 유네스코 세계기록 유산에 등재된 5·18 민주화운동의 기록들을 직접 관람할 수 있고, 정기해설, 온라인 전시관 등을 이용한 관람도 가능하다. ‘5·18 민주화운동 기록관’은 대한민국 국민 모두의 역사를 간직한 곳이다.","전남광주통합특별시 동구 금남로 221 (금남로3가)","","35.1496023298","126.9167687536","","https://www.518archives.go.kr/","http://tong.visitkorea.or.kr/cms/resource/32/3532032_image2_1.jpg","90","True","True","False","True","","","","","","active","0.5","https://www.518archives.go.kr/","2026-06-30T21:26:27+00:00","","Type1","draft"
"tourapi","127480","가거도","전남","신안군","관광지","가거도(소흑산도)는 중국의 새벽닭 울음소리가 들릴 만큼 중국 땅과 가깝다는 우리나라 최서남단의 섬으로, 독실산(639m)의 산세가 높고 절벽으로 형성되어 웅장한 절경을 자랑하는 섬이다. 가거도의 섬등반도는 서쪽에 있는 반도 형태의 지형으로 해안선 주변으로 반도 전체가 주상절리를 이루고 있기 때문에 섬등병풍 바위라고도 불린다. 기암절벽으로 이루어진 암봉과 병풍처럼 펼쳐진 해식애가 일대 장관을 이루며, 특히 낙조 경관이 아름답다. 가거도라는 이름은 가히 살만한 섬이라는 뜻에서 붙었다고도 하고, 가도 가도 뱃길의 끝이 보이지 않는 섬이라해서 가거도라 불리었다는 설도 있다. 가거도는 서해안 어업전진기지로서 매우 중요한 섬이다. 한중일 어선들의 각축장이 되어 있는 황금 어장이기도 하고, 국토의 최서남단에 있기에 지리적, 외교적, 정치적으로 중요한 섬이기도 하다. 멸치, 조기, 갈치, 다랑어, 돔 등 온갖 고기들이 모여들기 때문에 연중 많은 낚시객들이 찾는 섬이며, 가거도 등대 앞바다에는 천연기념물인 바닷새의 번식지 국흘도(구굴도)가 있다. 여름철새인 슴새와 뿔쇠오리가 이 무인도에 둥지를 틀고 번식하는 등 백여 종의 철새들이 봄과 가을에 가거도에서 쉬거나 번식을 한다.","전남광주통합특별시 신안군 흑산면 가거도길 38-2","","34.0520609879","125.1263860145","061-246-5400","https://tour.shinan.go.kr/home/tour/island_tour/heuksan/place/place_12/page.wscms","http://tong.visitkorea.or.kr/cms/resource/28/3572128_image2_1.jpg","90","False","False","False","","","","","","","active","0.5","https://tour.shinan.go.kr/home/tour/island_tour/heuksan/place/place_12/page.wscms","2026-06-30T18:44:28+00:00","","Type1","draft"
"tourapi","126273","가계해수욕장","전남","진도군","관광지","바닷물이 갈라지는 현대판 모세의 기적으로 유명한 신비의 바닷길옆에 위치한 해수욕장이다. 넓은 백사장과 다도해상을 마주하고 풍경이 아름다운 해수욕장으로 백사장 길이는 3㎞이다. 교통이 편리할 뿐 아니라 넓은 주차장과 샤워장, 음수대 등 편의시설이 잘 갖추어져 있고 교통이 편리하여 자가용을 이용한 피서객들이 많이 찾는다. 해수욕장 인근에는 조형물들이 있어서 포토존으로 인기가 좋으며 해변가를 따라 소나무와 잔디가 있어 나무아래 그늘에서 햇볕을 피할 수 있고 초록색과 파란 바다색이 어우러져 아름다운 경치를 즐기며 물놀이와 휴식을 즐길 수 있다. 또한, 갯바위와 선착장, 무인도에서 감성동, 도다리, 농어, 숭어, 장어, 보리멸 등의 바다낚시를 즐길 수 있다. 인근에 진도해양생태관, 진도 신비의 바닷길, 금호도 등의 관광지가 있다.","전남광주통합특별시 진도군 고군면 신비의바닷길 47 (고군면)","","34.4354594945","126.3547412438","061-540-6605","https://www.jindo.go.kr/tour/tour/info/nature/002.cs?act=view&infoId=1&category=002&searchCondition=&searchKeyword=&pageIndex=1&m=57","http://tong.visitkorea.or.kr/cms/resource/36/3079736_image2_1.jpg","90","False","False","False","True","","","","","","active","0.5","https://www.jindo.go.kr/tour/tour/info/nature/002.cs?act=view&infoId=1&category=002&searchCondition=&searchKeyword=&pageIndex=1&m=57","2026-06-30T18:44:28+00:00","","Type3","draft"
"tourapi","127423","가마골계곡","전남","담양군","관광지","담양군 용면 용연리에 소재한 용추봉(523m)을 중심으로 사방 4㎞에 걸쳐 형성되어 있는 계곡이다. 그다지 산이 높다고는 할 수 없으나 총 311,000㎡의 넓은 규모에 울창한 숲 사이의 계곡과 맑은 물, 기암괴석이 수려한 경관을 이루고 있다. 입구에서부터 계곡을 따라 올라가면 크고 작은 폭포와 연못이 곳곳에 있어 걸음을 멈추게 한다. 수림도 잘 형성되어 풍부한 그늘을 만들고 있으며 중간중간 쉬기 좋은 쉼터가 잘 조성되어 있다. 계곡의 도로를 따라 안쪽으로 더 깊이 들어가면 입장료를 내고 들어가는 가마골 생태공원이 나온다. 가마골 생태정원은 계곡 입수가 불가하지만 하류쪽 가마골 계곡은 물놀이가 가능하다. 자연미는 덜하지만 길이 잘 닦여있고 계곡 주변으로 캠핑장, 펜션, 식당 등이 위치해있어 야영과 물놀이와 함께 숙식이 가능하다. 가마골 계곡이 합류하는 담양호가 인접해 있으며 차량 이동 20분, 약 16㎞ 지점에 담양리조트, 차량 이동 24분 거리에 담양읍이 있다.","전남광주통합특별시 담양군 용면 용소길 261","","35.445187367","127.0227046757","061-380-3492","","http://tong.visitkorea.or.kr/cms/resource/35/3027135_image2_1.jpg","90","False","False","False","True","","","","","","active","0.5","","2026-06-30T18:44:28+00:00","","Type3","draft"
"tourapi","126289","가마미해수욕장","전남","영광군","관광지","영광읍 서쪽 24㎞ 거리에 위치한 해수욕장으로 1925년에 개장하였다. 길이 1㎞, 폭 200m의 백사장이 반달 모양으로 드리워져 있으며, 2,000여 그루의 울창한 소나무숲이 해안을 따라 길게 펼쳐져 있어 아늑한 분위기를 자아낸다. 수심은 1~2m에 불과하고 물이 깨끗해서 호남 3대 해수욕장의 하나로 꼽힌다. 가마미라는 해수욕장 이름은 뒤편에 있는 금정산의 산세가 마치 멍에를 멘 말의 꼬리처럼 생겼다 하여 가마미(駕馬尾)라고 하였다고 한다. 천연기념물 노랑부리백로와 괭이갈매기가 서식하고 있다. 해수욕장의 앞쪽으로는 숱한 섬들이 올망졸망 떠 있고, 그 바다 위로 한가로이 항해하는 어선들의 모습은 평화롭기 그지없다. 또한 칠산바다를 붉게 물들이는 이 곳의 서해낙조는 동해일출과는 사뭇 다른 운치를 안겨준다. 해수욕장 근처에는 뛰어난 해안 풍광을 자랑하는 백수해안관광도로, 바다낚시터로 유명한 돔배섬, 크기와 모양이 비슷한 섬 7개가 일자형으로 수평선 위에 떠 있는 칠산도가 있다. 해질 무렵 뒷편 금정산에 올라 바다 속으로 사라져가는 석양을 조망하는 것도 좋다.","전남광주통합특별시 영광군 홍농읍 가마미로 355","","35.399729392","126.4090769892","061-356-1020","https://tour.yeonggwang.go.kr/tour2?site=tour_2019&mn=7405&type=view&t_idx=4279","http://tong.visitkorea.or.kr/cms/resource/63/3018763_image2_1.jpg","90","False","False","False","True","","","","","","active","0.5","https://tour.yeonggwang.go.kr/tour2?site=tour_2019&mn=7405&type=view&t_idx=4279","2026-06-30T18:44:28+00:00","","Type3","draft"
"tourapi","2615324","가사동백숲해변","전남","완도군","관광지","가사동백숲해변은 완도 조약도 남쪽에 있는 아름다운 해변이다. 3월이면 붉은 동백꽃이 푸른 바닷물을 붉게 물들이며 장관을 이룬다는 이곳은 수백 년 된 동백나무 수백 그루와 후박나무, 잿밤나무가 해수욕장 전체를 둥글게 감싸 안고 있는 조약도의 유일한 해수욕장이다. 해변길이 300m정도로 규모는 아담하지만 해수욕과 삼림욕을 동시에 즐길 수 있는 해변이다. 가사동백숲해변 백사장 양 끝 쪽 갯바위는 소문난 바다 낚시터로 돔과 농어, 우럭 등 어족자원이 풍부해 사계절 낚시가 가능하다. 또, 간조에 물이 빠지면 갯벌 체험도 가능하다. 조약도 중앙에는 삼문산이 있으며 삼문산에 조성된 둘레길을 걸으며 산책하기 좋으며, 산 정상에 오르면 다도해해상국립공원과 일출과 일몰을 감상할 수 있다. 가사동백숲해변 인근에는 야영장도 있고 민박, 펜션도 있어 숙박을 하며 바다를 즐기기 편리하다.","전남광주통합특별시 완도군 약산면 해동리","","34.3698373475","126.9277952875","061-550-6401","https://www.wando.go.kr/tour/sub.cs?m=162&tCimTitle=%EA%B0%80%EC%82%AC%ED%95%B4%EC%88%98%EC%9A%95%EC%9E%A5&tCimUniqId=TCIM_000000000004499&tCfdMenuChoice=tCfdBeach","http://tong.visitkorea.or.kr/cms/resource/77/3591577_image2_1.jpg","90","False","False","True","True","","","","","","active","0.5","https://www.wando.go.kr/tour/sub.cs?m=162&tCimTitle=%EA%B0%80%EC%82%AC%ED%95%B4%EC%88%98%EC%9A%95%EC%9E%A5&tCimUniqId=TCIM_000000000004499&tCfdMenuChoice=tCfdBeach","2026-06-30T18:44:28+00:00","","Type1","draft"
"tourapi","1916695","가사해수욕장","전남","완도군","관광지","3월이면 붉은 동백꽃이 푸른 바닷물을 붉게 물들인다는 가사해수욕장은 수백 년 된 동백나무 수백 그루와 후박나무, 잣밤나무가 해수욕장 전체를 둥글게 감싸 안고 있는 조약도의 유일한 해수욕장이다. 가사동은 상록활엽수림이 하늘을 가리고 그늘막을 만들어 준다. 그늘 밑으로는 장용산에서 흘러내리는 시원한 물이 한 여름에도 냉기로 가득해 발을 담그기가 쉽지 않다. 조약도는 예부터 흑염소로 유명한데 피서와 함께 흑염소로 몸을 보신할 수 있는 피서지로 각광받고 있으며. 바로 인근에 해동사라는 전망 좋은 절이 있다. 주변은 바다 낚시터로 돔과 농어, 우럭등 어족자원이 풍부해 사계절 내내 낚시가 가능하다.","전남광주통합특별시 완도군 약산면","","34.370487281","126.9281702396","061-550-6401","https://www.wando.go.kr/tour/sub.cs?m=162&tCimTitle=%EA%B0%80%EC%82%AC%ED%95%B4%EC%88%98%EC%9A%95%EC%9E%A5&tCimUniqId=TCIM_000000000004499&tCfdMenuChoice=tCfdBeach","http://tong.visitkorea.or.kr/cms/resource/24/3382824_image2_1.JPG","90","False","False","False","True","","","","","","active","0.5","https://www.wando.go.kr/tour/sub.cs?m=162&tCimTitle=%EA%B0%80%EC%82%AC%ED%95%B4%EC%88%98%EC%9A%95%EC%9E%A5&tCimUniqId=TCIM_000000000004499&tCfdMenuChoice=tCfdBeach","2026-06-30T18:44:28+00:00","","Type3","draft"
"tourapi","1957336","가산서원","전남","장성군","관광지","가산서원은 고려 후기 문신 익재 이제현(1287∼1367)과 이제현의 8대손인 조선 중기 문신이자 학자 백사 이항복(1556~1618) 등의 위패를 모신 사당이다. 연산군 4년(1498) 이제현의 5대손인 장수 현감 이재인(1415~?)이 현 전남광주통합특별시 장성군 삼계면 주산리 백산촌에 집을 짓고 은거하면서 익재의 영정을 모셨고, 1559년 후손 이대정이 사우 백산사를 지어 익재의 제사를 모셨다. 세월이 흘러 사우가 퇴락하자 영조 42년(1766) 후손 이언경이 낭월산 남쪽 기슭의 현 위치(장성군 삼서면 홍정리 가산마을)로 사당을 옮겨 가산서원이라 하고 이항복을 추배하였다. 고종 5년(1868) 훼철되어 영정만 모시는 영당으로 남았다가 1960년 중건하였다. 1998년 장성향교의 발의로 이재인을 추배하고, 해마다 음력 8월 10일에 향사를 올린다. 익재영정이 보관되어 있다.","전남광주통합특별시 장성군 삼서면 영장로 2015","","35.2313226604","126.6931003984","061-390-7240","https://www.heritage.go.kr/heri/cul/culSelectDetail.do?pageNo=1_1_1_1&sngl=Y&ccbaCpno=3413601640000","http://tong.visitkorea.or.kr/cms/resource/35/3347635_image2_1.JPG","90","False","False","False","True","","","","","","active","0.5","https://www.heritage.go.kr/heri/cul/culSelectDetail.do?pageNo=1_1_1_1&sngl=Y&ccbaCpno=3413601640000","2026-06-30T21:26:27+00:00","","Type3","draft"
"tourapi","2732489","가야금산조테마공원","전남","영암군","관광지","가야금산조테마공원은 전국에서 유일하게 음악을 테마로 삼은 공원으로 2014년에 개관하였다. 공원은 가야금산조기념관과 김창조 선생 사당과 재실, 생가터, 누각, 야외공연장, 잔디밭 등으로 조성되어 있다. 가야금산조기념관은 유수한 역사를 지닌 가야금의 흐름을 한눈에 볼 수 있도록 갖가지 가야금 관련 유물과 자료를 전시하고 있다. 또한 가야금산조에 대해 생소한 초보자들도 쉽게 접하고 체험할 수 있는 국악의 산 교육장 역할도 수행하고 있다. 가야금산조를 창시한 악성 김창조선생을 선양하고 영암이 가야금산조의 본향(뿌리)으로서 역사성을 고취하기 위해 기념관을 조성하였다. 전시관에는 각종 국악기와 음향, 영상자료, 가야금산조 관련 6 대류파 기증품을 언제든 관람할 수 있고, 250여 명이 관람할 수 있는 산조공연장은 가야금 연주와 국악행사를 치를 수 있다.","전남광주통합특별시 영암군 영암읍 기찬랜드로 19-10","","34.7919693222","126.6856118867","061-471-8500","https://www.yeongam.go.kr/home/tour/enjoy/enjoy_02/show/31?page=1","http://tong.visitkorea.or.kr/cms/resource/96/3382096_image2_1.JPG","90","False","False","True","","","","","","","active","0.5","https://www.yeongam.go.kr/home/tour/enjoy/enjoy_02/show/31?page=1","2026-06-30T18:44:28+00:00","","Type3","draft"
"tourapi","3013529","가야정원","전남","순천시","관광지","가야정원은 쓰레기와 잡초로 우거졌던 약 2만여 평의 폐염전 부지를 가꾼 곳으로, 정원지기인 유병천 씨가 10여 년 전부터 자신의 재산을 들여 꽃과 나무를 심었다. 람사르 습지인 순천만과 인접해 있어 해변 정원으로도 알려져 있다. 가야정원의 정원지기는 무료로 이곳을 개방하여 내방객들이 즐겁고 행복해하는 모습을 보며 행복과 위로를 삼는다고 한다. 이른 봄이면 해변이 보이는 꽃동산과 정원 길 따라 꽃잔디가 피고 오월이면 가야정원을 둘러싸고 있는 장미 울타리가 갯벌 풍경과 맞닿아 어디에도 쉽게 찾을 수 없는 풍경이 펼쳐진다. 특히 사랑의 오작교가 놓인 연못 주변으로 낮달맞이가 피면 분홍 물결이 장관을 이룬다. 연이어 피는 나도샤프란, 꽃무릇, 소국 또한 놓칠 수 없다. 모과, 자두, 복숭아 등 과수나무의 과일을 조금씩 따서 맛볼 수 있어 아이들의 자연학습장으로도 한몫을 하고 있다. 가야정원 뒷산 정상에서는 순천만과 아름다운 노을을 즐길 수 있다. 와온해변에서 가야정원까지는 1.7㎞로, 차량으로는 약 5분 거리이므로 함께 방문하면 좋다.","전남광주통합특별시 순천시 해룡면 농주리 230-10","","34.861908939","127.5222504674","0507-1417-2202","","","90","False","False","True","","","","","","","active","0.5","","2026-06-30T18:44:28+00:00","","","draft"
"tourapi","129024","갈두마을(땅끝마을)","전남","해남군","관광지","우리나라 국토의 땅끝에 위치한 마을인 갈두마을(땅끝마을)은 갈두산에 칡이 많아 칡머리로 불리던 것이 한자 갈두(葛頭)를 써서 명명된 것이다. 이곳은 일출과 일몰을 동시에 볼 수 있는 곳이고 갈두항 앞에 나란히 있은 두 개의 맴섬 사이로 뜨는 일출은 갈두마을 관광의 백미로 특히 양력 2월 중순 무렵과 10월 20일에서 25일 사이에 맴섬 가운데로 떠오르는 일출은 가히 환상적이다. 또한, 땅끝천년숲옛길 3코스 중 약 17㎞의 땅끝 길이 이곳 땅끝마을에서 시작하여 미황사역사길, 다산초의교류길과 연결되며 갈두마을에서 땅끝탑까지 조성하는 무장애길 해안 처음 길은 갈두마을의 해안 자연경관을 마음껏 즐길 수 있는 산책길로 서남해의 탁 트인 바다 전망을 한눈에 담을 수 있는 땅끝탑 앞의 스카이워크까지 이어진다. 연말연시가 되면 갈두마을은 해넘이 해맞이 축제를 하며 지난 한 해의 액운을 떨치는 해넘이 행사와 신년 아침에 소원을 담은 띠배 띄우기 행사 등 다채로운 축제 프로그램을 운영하며 인정 나누기 행사를 통해 마을 주민들이 떡국을 쑤어 관광객들과 나누어 먹으며 서로의 새해의 시작을 응원한다. 주변으로 땅끝전망대와 땅끝 스카이워크, 땅끝 모노레일, 송호해수욕장, 사구미해수욕장, 땅끝해양자연사박물관, 땅끝오토캠핑리조트, 황토나라 테마촌 등 마을 주변 곳곳이 온통 볼거리 즐길 거리로 넘쳐난다. 갈두항 여객선 터미널에서 보길도에 갈 수 있는 노화도로 가는 배를 이용할 수 있다.","전남광주통합특별시 해남군 송지면 땅끝마을길 82","","34.2998052878","126.5285847288","송지면 061-531-3162","https://www.haenam.go.kr/tour/index.9is?contentUid=18e3368f68230ef801689ca7b32f7839","http://tong.visitkorea.or.kr/cms/resource/36/3061236_image2_1.jpg","90","False","False","False","True","","","","","","active","0.5","https://www.haenam.go.kr/tour/index.9is?contentUid=18e3368f68230ef801689ca7b32f7839","2026-06-30T18:44:28+00:00","","Type3","draft"
"tourapi","1349796","강진 백사어촌체험마을","전남","강진군","관광지","강진군 소재지로부터는 남으로 20km 지점에 위치하고 있다. 고려 시대 때 대구면에서 만들어 낸 청자기를 수출하는 역할을 했던 곳이기도 하며, 앞바다에 흰모래가 많아 백사라고 이름 지어졌다고 한다. 백사어촌체험마을에서는 바지락, 꼬막 캐기, 어선 타기 갯벌낚시 등 다양한 갯벌 체험 프로그램을 운영함으로써 도심에서 느낄 수 없는 자연의 에너지와 소중한 추억을 만들 수 있다. 관광객들은 다양한 갯벌체험을 비롯해 어장체험, 승선체험 등의 어촌문화체험을 할 수 있으며 드넓은 강진만을 한눈에 조망할 수 있어 방문객들에게 인기가 있는 곳이다. 서쪽으로 천혜의 청정해역이 내륙으로 들어온 고깔 모양의 영양염류가 많아 싱싱한 패류와 어류가 생산되는 곳으로 청정지역 수산물의 별미를 느낄 수 있다. 고려 시대 청자를 수출하기도 했던 곳인 만큼 청자박물관에서 도자기체험도 해볼 수 있다.","전남광주통합특별시 강진군 대구면 청자해안길 253","","34.4928741381","126.7939012802","061-432-0641","https://www.gangjin.go.kr/culture/trip/village/baeksa","","90","False","False","True","True","","","","","","active","0.5","https://www.gangjin.go.kr/culture/trip/village/baeksa","2026-06-30T18:44:28+00:00","","","draft"
"tourapi","129693","강진 삼인리 비자나무","전남","강진군","관광지","이 비자나무는 수령 약 500년으로 높이가 10m, 가슴 높이 둘레가 5.2m이다. 앞에서 볼 때에는 지상 1.87m에서 커다란 가지가 길게 뻗었으며, 뒤쪽에 가지는 짧고 양쪽 가지는 비슷하게 자랐다. 가장 큰 가지의 밑부분 둘레는 2.6m나 된다. 태종 17년에 전라 병마절도사영을 이곳으로 정했을 때 쓸만한 나무는 모조리 다 베어버렸으나 이 나무는 굽었고 키가 작아서 쓸모가 없었기 때문에 남게 되어 현재에 이르렀다고 전해오기도 한다. 조선 500년 동안 호남 지방의 방어 진지였던 병영성이 갑오동란으로 동학군에 함락되어 마침내 폐영될 때가지 이 근처에는 많은 병사가 있었으나 열매를 촌충 구제에 사용하기 때문에 잘 보호되어 온 것 같아 보인다. 마을 사람들은 이 나무를 마을을 지키는 수호신으로 여겨 매년 정월 대보름(음력 1월 15일)에 당산제가 열린다. 비자나무를 둘러보고 마을을 빠져나와 병영천 다리 건너 도보 약 10분 거리에 조선시대 전라도 육군 총지휘부였던 전라병영성과 하멜기념관 등이 있다.","전남광주통합특별시 강진군 병영면 동삼인길 28-10","","34.7148441009","126.8191381191","061-430-3363","https://www.gangjin.go.kr/culture/attractions/region?mode=view&idx=83","http://tong.visitkorea.or.kr/cms/resource/00/3538100_image2_1.jpg","90","False","False","False","","","","","","","active","0.5","https://www.gangjin.go.kr/culture/attractions/region?mode=view&idx=83","2026-06-30T18:44:28+00:00","","Type1","draft"
"tourapi","1350167","강진 서중어촌체험마을","전남","강진군","관광지","서중어촌체험마을은 청정해역이 내륙으로 들어온 고깔모양의 강진만 중심부, 전남광주통합특별시 강진군 최남단에 위치한 아름다운 어촌마을이다. 마을앞바다의 까막섬(상록수림)이 천연기념물로 지정되어 있으며 원래 서당이 많아서 서재동으로 불리었으나 점차 서중으로 변경되었다. 주요 체험거리로는 통발로 낙지를 잡는 통발낙지체험과 소형 어선을 타고 호남제일의 미향 마량의 앞바다를 둘러보는 승선체험, 해상바지선에서 낚시를 즐길 수 있는 바지선낚시체험과 숙박까지 가능한 해상펜션에서 낚시를 즐길 수 있는 해상펜션체험 그리고 김 양식을 직접 체험해볼 수 있는 김 양식 및 건조체험 등이 있다. 우리나라 최초로 어촌어항복합단지로 조성된 마량항이 마을인근에 위치하고 있다. 강진군 마량면과 완도군 고금면을 잇는 연륙교가 지난 2007년 개통되면서 고금대교와 바다, 섬 그리고 마량향이 어우러지는 새로운 관광명소로 부각되고 있다. 22개의 횟집과 12개소의 해조류가공업체가 위치하여 강진군 지역경제의 원동력이 되고 있다.","전남광주통합특별시 강진군 마량면 까막섬로 75-7","","34.4536620901","126.8076232442","061-433-8525","http://www.xn--hz2b17k22d0xb19cw7hura767c.kr/","","90","False","False","True","True","","","","","","active","0.5","http://www.xn--hz2b17k22d0xb19cw7hura767c.kr/","2026-06-30T21:26:27+00:00","","","draft"
"tourapi","2515789","강진 오감통","전남","강진군","관광지","강진 오감통은 음악창작소, 먹거리 장터, 한정식 체험관 등으로 이루어진 복합문화공간이다. 화려한 공연, 눈과 입이 즐거운 산해진미, 특별한 재미가 넘치는 체험거리, 친환경 로컬푸드 등을 즐길 수 있다. 전남음악창작소는 지역 뮤지션들의 창작활동을 지원하고 더불어 지역의 대중음악 소비자층을 확대하기 위해 지역 뮤지션과 지역 주민들을 위한 진정한 열린 복합문화공간으로서의 역할을 다하고 있다.","전남광주통합특별시 강진군 강진읍 오감길 2 2동","","34.6391324006","126.773588414","음악창작소 061-433-3636","http://ogamtong.com/","http://tong.visitkorea.or.kr/cms/resource/70/3381570_image2_1.JPG","90","False","False","True","","","","","","","active","0.5","http://ogamtong.com/","2026-06-30T21:26:27+00:00","","Type3","draft"
"tourapi","128151","강진다원","전남","강진군","관광지","강진다원은 한국 제다 업계의 선두주자인 ‘태평양다원’에서 운영하는 차밭으로 면적이 33.3㏊에 이른다. 부드러운 곡선과 푸르름이 돋보이는 이 차밭은 월출산의 솟아오른 바위들과 절묘한 조화를 이룬다. 월출산은 큰 바위가 병풍처럼 둘러쳐져 산세가 뛰어나며 예로부터 산 주변의 여러 사찰을 중심으로 차나무가 재배되었다. 일찍이 다산 정약용은 월출산에서 나오는 차가 천하에서 두 번째로 좋은 차라고 극찬한 곳이기도 하다. 월출산 기슭은 해마다 5월 초가 되면 눈이 시리도록 푸른색으로 채색된다. 5월의 강진 다원은 취미로 다도를 즐기는 이들뿐 아니라 일반 나들이객들에게도 관광 명소로 떠오르기 시작했다. 방문객들은 단지 관광이나 사진촬영에 그치는 것이 아니라, 그윽한 차 향기에 취하며 녹찻잎을 따보는 이색체험을 할 수도 있다. 초록 녹차밭도 멋지지만 다원의 겨울의 전경 또한 녹차밭을 감상하는 새로운 포인트이다.","전남광주통합특별시 강진군 성전면 백운로 93-25","","34.7409031836","126.7061613195","061-432-5500","https://www.gangjin.go.kr/culture/attractions/park?mode=view&idx=175","http://tong.visitkorea.or.kr/cms/resource/07/3558407_image2_1.jpg","90","False","False","True","True","","","","","","active","0.5","https://www.gangjin.go.kr/culture/attractions/park?mode=view&idx=175","2026-06-30T18:44:28+00:00","","Type1","draft"
"tourapi","126645","강진만","전남","강진군","관광지","강진만에는 강진군의 내륙 깊숙이 들어서 탐진을 비롯하여 장계천, 강진천, 도암천 등 여러 하천들이 흘러든다. 이로 인하여 주위의 해역보다 염도가 낮아 영양염도가 2.4도, 평균수온이 17.8℃로서 해조류 및 어패류의 서식에 적합하다. 강진만은 1978년 청정수역으로 지정되었으며, 대합, 꼬막, 굴, 갯장어, 새우, 낙지, 숭어, 농어 등의 산지이다. 습지 위에 설치되어 있는 나무데크를 걸으며 20만 평의 갈대 군락지와 천연기념물 201호인 큰고니 등 약 1,131종의 해양생물이 서식하는 남해안 생태의 최대 보고인 강진만생태공원은 꼭 방문해야 하는 곳이다. 강진읍을 지나 고금도가 건너다 보이는 마량항까지 강진만 동쪽 가장자리를 따라 내려가는 23번 국도를 이용하면 바닷가를 따라 늘어선 바다갈대들의 풍경을 감상할 수 있다. 동남쪽에 위치한 마량항은 수심이 깊고 바다 전면에 위치 한 고금도가 방파제 역할을 하며 해상 교통의 요지로 발전하고 있다. 강진읍에서 시작해 다산로-해안관광로를 따라 해안가를 따라 사초해변공원과 사내호를 둘러볼 수 있다.","전남광주통합특별시 강진군 신전면 벌정리","","34.595223382","126.770150892","061-430-5386","https://www.gangjin.go.kr/culture/attractions/region?mode=view&idx=162","http://tong.visitkorea.or.kr/cms/resource/79/3538079_image2_1.jpg","90","False","False","False","","","","","","","active","0.5","https://www.gangjin.go.kr/culture/attractions/region?mode=view&idx=162","2026-06-30T18:44:28+00:00","","Type1","draft"
"tourapi","1778079","강진아트홀","전남","강진군","문화·예술","강진아트홀은 강진군의 공공건축물로 강진 군민의 문화와 복지 등 삶의 질을 한 단계 높이는데 기여하고 자 2011년 5월 11일 개관하였다. 이곳은 강진아트홀과 강진복지타운으로 나누어져 있으며, 강진아트홀에는 대공연장(718석), 소공연장(174석) 등 2개의 공연장으로 구성되어 있으며, 강진아트홀 입구엔 200석 규모의 아트홀 야외무대가 위치하고 있고 이곳에서 지역민들의 문화 예술 공연이 진행되어 자발적인 군민문화가 펼쳐진다. 또한, 강진아트홀 1층엔 전시실(70평), 화랑(50평)이 있어 지역 작가 및 국내 유명 작가의 작품들이 상시 전시되고 있다. 강진복지센터는 노인 요양 시설과 주민생활 문화강좌 등이 실시되고 다목적실(100석)에서는 다양한 군민 모임이 이루어진다. 이렇듯 강진군아트홀은 공연과 전시 그리고 지역 문화 예술 강좌 등 활발한 지역 문화 및 행사를 개최하고 있다. 강진아트홀 주변으로 도보 약 5분 거리에 영랑생가가 있다.","전남광주통합특별시 강진군 강진읍 영랑로1길 9","","34.6382074538","126.7705248168","","http://arthall.gangjin.go.kr","http://tong.visitkorea.or.kr/cms/resource/39/3589439_image2_1.jpg","90","True","True","False","True","","","","","","active","0.5","http://arthall.gangjin.go.kr","2026-06-30T18:44:28+00:00","","Type1","draft"
"tourapi","2612901","고산 윤선도 박물관","전남","해남군","문화·예술","고산 윤선도 박물관은 조선조의 문신이자 국문학의 최고봉이라 일컫는 고산 윤선도를 비롯해 실용적인 학문을 추구하고 뛰어난 예술적 감각으로 혁신적인 그림 세계를 개척한 공재 윤두서 등 해남 윤씨가 사람들이 남긴 1775점의 문화유산을 소장하고 있는 박물관이다. 고산 윤선도 박물관은 해남 백련동에 터를 잡은 이래 500년이 넘도록 한 곳에 살아온 해남 윤씨 어초은공파 사람들의 삶과 문화유물이 전시되어 있다. 또한 해남윤씨가의 학문과 예술을 볼 수 있고, 수많은 문인과 예술가들의 문화적 교류를 느낄 수 있는 곳이다. 관람객들의 문화적 욕구를 해소하고 다양한 경험을 위해 다도체험을 비롯해 판화체험, 전통 민속놀이 체험도 운영하고 있다. 또한 고전강좌 등 다양한 인문학 강좌를 마련하여 전통문화를 이해할 수 기회를 마련하고 있다. 이곳 박물관에는 해남윤씨 녹우당(사적 제67호) 고택과 어초은사당, 고산사당, 추원당이 있고 고산윤선도 유물전시관에는 공재 윤두서(1668~1715)의 자화상(국보 제240호)을 비롯하여 해남윤씨가전고화첩(보물 제481호), 윤고산수적관계문서(보물 제482호), 지정14년노비문서(보물 제483호) 등 많은 문화재와 유물이 전시되어 있다. 덕음산 중턱에 있는 비자나무숲(천연기념물 제241호)은 약 500년 전에 조성된 것으로 400여 그루가 숲을 이루고 있다.","전남광주통합특별시 해남군 해남읍 녹우당길 130","","34.5502315216","126.620851215","","https://gosan.haenam.go.kr/index.9is","http://tong.visitkorea.or.kr/cms/resource/51/3383051_image2_1.JPG","90","True","True","True","True","","","","","","active","0.5","https://gosan.haenam.go.kr/index.9is","2026-06-30T18:44:28+00:00","","Type3","draft"
"tourapi","2605786","고흥분청문화박물관","전남","고흥군","문화·예술","고흥의 모든 역사·문화를 한곳에서 볼 수 있는 고흥분청문화박물관은 대한민국 최대 규모의 분청사기 요지로 국가 지정문화재로 지정된 곳에 자리하고 있다. 1980년 운대리가마터 발굴을 시작으로 37년간의 장기프로젝트 끝에 2017년 10월 31일 개관했다. 찬란하고 유구한 고흥의 역사를 기록·보존하고 백토분장의 부드러운 아름다움이 돋보인 분천도자문화와 우리의 정신문화인 설화문화를 계승·발전시키기 위해 건립되었다. (출처 : 고흥관광 홈페이지)","전남광주통합특별시 고흥군 두원면 분청문화박물관길 99","","34.6278595774","127.3244875637","","http://buncheong.goheung.go.kr/","http://tong.visitkorea.or.kr/cms/resource/70/3344670_image2_1.JPG","90","True","True","False","True","","","","","","active","0.5","http://buncheong.goheung.go.kr/","2026-06-30T18:44:28+00:00","","Type3","draft"
"tourapi","3351638","곡성기차마을 생태학습관","전남","곡성군","문화·예술","곡성기차마을 생태학습관은 섬진강의 자연 생태와 천적관계를 테마로 한 자연속의 실제 곤충들을 전시하고 습지생물의 서식처 보호와 습지 보존의 중요성을 일깨워줌으로써 어린이들의 교육장으로 활용되고 있다. 특히 멸종 위기 2급인 꼬마잠자리의 부화 및 성장 과정을 조형물로 표현하고 있으며 이외에도 곤충의 정의와 일생, 종류와 삶을 곤충 표본과 함께 설명하고, 곤충을 활용한 곡성에서의 친환경 농법, 섬진강의 곤충과 민물고기 등을 전시하고 있다.","전남광주통합특별시 곡성군 오곡면 기차마을로 252-16","","35.2812191216","127.3065559809","","https://www.railtrip.co.kr/homepage/gokseong/","http://tong.visitkorea.or.kr/cms/resource/68/3385368_image2_1.jpg","90","True","True","True","","","","","","","active","0.5","https://www.railtrip.co.kr/homepage/gokseong/","2026-06-30T18:44:28+00:00","","Type1","draft"
"tourapi","2733394","광양 역사문화관","전남","광양시","문화·예술","광양역사문화관은 광양의 역사, 문화, 인물, 옛 광양의 모습들이 잘 보존되어 있는 곳이다. 위치는 조선시대 육방들의 업무 처리 장소인 질청이 있었던 곳으로 1942년 8월 25일에 건립되어 구 광양군청으로 사용되었다. 현재는 등록문화재로 지정되어 있다. 내부에는 국보 광양 중흥산성 쌍사자석등을 복제한 것과 구석기부터 현대까지의 광양의 역사가 간략한 연표 형식으로 연출되어 있다. 또한 광양의 주요 관광지 사진과 자세한 설명이 있어 관광 정보를 얻을 수도 있다. 광양 출신의 역사적인 인물과 명인, 광양의 주요 특산품 등에 관한 자료도 잘 설명되어 있다.","전남광주통합특별시 광양시 광양읍 매천로 829","","34.9758111359","127.5860086407","","","","90","True","True","False","True","","","","","","active","0.5","","2026-06-30T18:44:28+00:00","","","draft"
"tourapi","129987","광양문화원","전남","광양시","문화·예술","1965년 설립된 광양문화원은 지역교육 문화의 개발하여 보존 및 전승하며, 선양 향토사의 조사연구 및 사료 수집 보존을 위해 설립되었다. 지역 문화행사, 지역 전통문화의 국내외 교류, 지역 문화에 관한 사회교육 활용 등 기타 지역 문화발전에 기여고 있다. 연중 문화행사로 정월 대보름 축제, 푸른 예술제, 향토문화지 발간 등이 있다.","전남광주통합특별시 광양시 광양읍 매천로 829","","34.975866687","127.5861308504","","http://www.광양문화원.kr/","http://tong.visitkorea.or.kr/cms/resource/45/2515545_image2_1.jpg","90","True","True","False","True","","","","","","active","0.5","http://www.광양문화원.kr/","2026-06-30T18:44:28+00:00","","Type3","draft"
"tourapi","2732668","광양예술창고","전남","광양시","문화·예술","광양예술창고는 구 광양역과 연계하여 1970년대 창고용도로 사용되던 건물이었다. 2011년 광양역 이전에 따라 폐창고로 활용되던 공간을 2015년 전남도립미술관 유치에 연계하여 복합문화공간으로 조성하고자 계획하였고, 2019년 폐창고 리모델링 공사를 시작하여 개관준비 과정을 거쳐 전남도립미술관과 더불어 2021년 3월 22일 자로 광양예술창고를 개관하여 운영을 시작하였다. 광양예술창고는 미디어영상실, 전시실로 구성된 미디어 A동과 문화쉼터(카페), 다목적실, 어린이 다락방 등으로 구성된 소교동 B동으로 구성되어 있다. 미디어 A동의 미디어 영상실은 ‘광양의 현재와 미래’를 테마로 높이 4m, 가로 56m에 달하는 영상을 상영하고 있으며, 전시실에는 고 이경모 작가의 사진 및 카메라를 전시하고 있다. 소교동 B동(소통, 교류, 동행의 약자)에는 문화쉼터라는 카페를 운영하고 있으며, 전이수 동화작가의 그림이 벽화 등으로 재현되어 전시되고 있다. 다목적실에서 문화교육프로그램이 이뤄지며 어린이다락방에서는 어린이들이 편하게 쉬고 놀 수 있는 공간을 조성하였다.","전남광주통합특별시 광양시 광양읍 순광로 664","","34.9682620238","127.588325297","","https://gwangyang.go.kr/tour/gallery.es?mid=a31101020000&bid=0008&act=view&list_no=11119","http://tong.visitkorea.or.kr/cms/resource/00/3552400_image2_1.JPG","90","True","True","True","True","","","","","","active","0.5","https://gwangyang.go.kr/tour/gallery.es?mid=a31101020000&bid=0008&act=view&list_no=11119","2026-06-30T21:26:27+00:00","","Type1","draft"
"tourapi","130559","구례향제줄풍류전수관","전남","구례군","문화·예술","구례향제줄풍류는 구례 지방에서 전승되는 현악영산회상이라는 기악곡을 ‘구례향제줄풍류’라 하며, 영상회상은 여러 음악이 조곡과 같이 구성된 합주곡을 말하며 ‘풍류’라고도 한다. 관악기가 중심이 되는 영산회상을 대풍류라 하고, 현악기가 중심이 되는 영산회상을 줄풍류라고 한다. 구례향제줄풍류는 15곡으로 구성된 방대한 조곡으로 되어 있는데, 이 음악을 모두 연주하는 데는 약 70분이 걸린다고 한다. 구례향제줄풍류전수관은 구례읍에 위치하고 있으며 국가무형문화유산으로 지정된 구례향제줄풍류를 전수하는 곳으로, 1994년 5월 15일 개관하였다. 줄풍류의 맥을 잇기 위하여 활동하는 구례줄풍류보존회가 연수와 공연을 진행하는 공간이며, 일반인을 대상으로 한 국악교실이 운영된다. 구례읍사무소 바로 옆, 구례교육지원청 맞은편에 위치해 있다.","전남광주통합특별시 구례군 구례읍 봉성산길 16","","35.2084078164","127.4627690718","","","http://tong.visitkorea.or.kr/cms/resource/67/3587367_image2_1.jpg","90","True","True","False","","","","","","","active","0.5","","2026-06-30T21:26:27+00:00","","Type1","draft"
"tourapi","129896","국립해양유산연구소","전남","목포시","문화·예술","목포시 갓바위 문화거리에 자리한 ‘국립해양유산연구소’는 국가유산청 소속기관으로, 우리의 소중한 해양 문화유산을 찾고 알리는 곳이다. 1975년 어부의 우연한 발견으로 한국의 수중 문화유산이 이슈가 되었으며, 한국 뿐 아니라 동아시아 여러 나라에서 전시와 국제 심포지엄이 개최되었다. 계속해서 역사적 침몰선과 수중 문화유산이 발견되었으며 잊혀졌던 우리의 해양문화유산을 확인하게 되었다. 1994년에 국가 지원하에 해양문화유산을 보호하고 발굴, 연구하는 국립해양유물전시관이 개관하였고, 국립해양유산연구소가 탄생하게 되었다. 전시관 주변으로 목포문예역사관, 목포문학관, 목포자연사박물관, 목포생활도자박물관, 남농기념관들이 밀접하여 아이들과 함께 방문하기 좋다.","전남광주통합특별시 목포시 남농로 136","","34.791834429","126.421687956","","https://www.seamuse.go.kr/","http://tong.visitkorea.or.kr/cms/resource/10/3533710_image2_1.jpg","90","True","True","True","True","","","","","","active","0.5","https://www.seamuse.go.kr/","2026-06-30T18:44:28+00:00","","Type1","draft"
"tourapi","705052","귀족호도박물관","전남","장흥군","문화·예술","억불산 가는 길에 자리잡고 있는 귀족호도박물관은 조선시대부터 장흥군에서만 자생하는 손운동 건강용 지압호도(두)를 다양한 품종으로 육종하고, 명품을 관리하며 그 자료를 보존하고자 설립하였다. 지상 1층은 기획전시실, 2층은 관리 및 자료실이며 부대시설로는 귀족호도테마공원, 육종 및 배양실, 자연쉼터, 판매장 등이 있다. 박물관 외 별도 생약초 체험랜드가 조성되어 있는데 중요시설로는 생약초 인체모형 동산, 생약초 분재 기와관, 생약초 향수관, 생약초 자원 식물관, 생약초 분재공원, 생약초 테마관광포장 등을 함께 관람할 수 있다.","전남광주통합특별시 장흥군 장흥읍 남부관광로 56-90","","34.6750057964","126.919096969","","http://www.hodonamu.com/","http://tong.visitkorea.or.kr/cms/resource/74/693174_image2_1.jpg","90","True","True","True","True","","","","","","active","0.5","http://www.hodonamu.com/","2026-06-30T18:44:28+00:00","","Type3","draft"
"tourapi","3090707","규남박물관","전남","화순군","문화·예술","규남 박물관은 화순군 백아로에 자리하고 있으며 전남광주통합특별시 유형문화재인 『하백원의 만국전도와 동국지도』를 비롯하여 서화, 간찰, 전적, 인장 등 940여 점의 유물을 소장하고 있는 곳이다. 규남 하백원 선생은 여암 신경준, 존재 위백규, 이재 황윤식과 함께 조선 후기 호남의 4대 실학자 중 한 분이다. 전남광주통합특별시 화순군 이서면 야사리에서 태어나 벼슬을 하던 몇 년을 제외하고는 일생의 대부분을 고향에서 자승차, 자명종, 계영배, 방적기 등 다양한 발명품을 만들고 만국지도, 동국지도를 그리는 등 실용 학문을 탐구하며 지냈다. 이곳에는 규남 선생님과 그의 선 후대 인물, 친지들의 편지 등 여러 유물을 만나볼 수 있다. 겨울에는 찾는 이들이 많지 않아 개관하지 않으며 하백원의 실학에 대해 알고 찾아오는 사람도 있지만 한옥 건축물이 예쁘고 박물관이라는 점에서 궁금증을 갖고 들어오는 사람들도 있다. 이곳에는 상설 전시관과 특별 전시관이 있으며 규남 선생의 영정이 모셔진 사당인 영당에서는 매년 4월 규남제를 봉행하고 있다. 화순을 여행하며 들러볼 만한 곳이다.","전남광주통합특별시 화순군 이서면 백아로 3109","","35.1101984314","127.0799247775","","http://www.gyunammuseum.org/","http://tong.visitkorea.or.kr/cms/resource/92/3090692_image2_1.jpg","90","True","True","False","True","","","","","","active","0.5","http://www.gyunammuseum.org/","2026-06-30T21:26:27+00:00","","Type3","draft"
"tourapi","1994953","김대중 노벨평화상 기념관","전남","목포시","문화·예술","김대중 노벨평화상 기념관은 민주주의, 인권, 평화를 지키기 위해 평생을 바친 한국인 최초 노벨평화상 수상자 김대중 정신을 공유할 수 있는 기념관이다. 김대중 대통령은 민주주의와 인권 신장을 향한 40여 년에 걸친 노력과 6·15 남북공동선언을 이끌어내며 한반도 긴장 완화 등 국제 평화에 기여한 공로를 인정받아 2000년 12월 10일 노벨평화상을 수상하였다. 네 개의 전시실로 이루어진 본 기념관은 국민의 정부 5년 동안 국가 발전을 위한 외교 안보, 경제, 문화 등 각 분야별 국가 발전 전략과 이를 위한 시책들을 전시하고 있다. 또한 노벨상의 탄생 배경, 선정 이유, 선출 방법 등을 알아보고 다양한 분야의 수상자들의 에피소드를 전시하여 자라나는 아이들에게 노벨상 수상의 꿈과 포부를 심어주고자 한다. 삼학도 공원에 위치하고 있어 목포 어린이바다과학관, 난영공원까지 둘러볼 수 있다.","전남광주통합특별시 목포시 삼학로92번길 68","","34.7828349612","126.3922741039","","http://www.kdjnpmemorial.or.kr","http://tong.visitkorea.or.kr/cms/resource/73/3534373_image2_1.jpg","90","True","True","True","True","","","","","","active","0.5","http://www.kdjnpmemorial.or.kr","2026-06-30T18:44:28+00:00","","Type1","draft"
"tourapi","129986","나주문화원","전남","나주시","문화·예술","문화원은 지방 문화원 진흥법에 의해 시.군.구 지방자치단체별로 설립된 공익법인 문화단체이다. 나주문화원은 지역 고유문화의 보급과 보존을 위해 세시풍속놀이, 나주삼색유산놀이 등 사라질 뻔한 전통을 발굴하여 전승하고 있으며, 지역의 어린이들을 위한 지역 문화행사도 개최한다. 나주 지역 문화에 관한 자료 발굴, 수집 및 보존하며, 경상남도 진주문화원, 경상북도 문경문화원과 결연하여 지역 전통문화를 교류하고 있다. 지역 문화에 대한 사회교육 활동과 환경 보존 등 지역사회 발전을 위한 문화활동에도 힘쓰고 있다. 그 외에도 다양한 문화학교를 운영하여 나주시민의 문화적 소양을 높이고 있다. 나주문화원은 나주시청과 바로 인접하여 나주시 향토문화회관 안에 있다.","전남광주통합특별시 나주시 시청길 22 (송월동)","","35.0159556319","126.711576325","","https://www.xn--910bn5roljr8bbu0a.kr/","http://tong.visitkorea.or.kr/cms/resource/88/3590188_image2_1.jpg","90","True","True","True","True","","","","","","active","0.5","https://www.xn--910bn5roljr8bbu0a.kr/","2026-06-30T18:44:28+00:00","","Type1","draft"
"tourapi","130913","남포미술관","전남","고흥군","문화·예술","남포미술관은 학교법인 팔영학원 영남중학교의 폐교된 학교건물을 리모델링하여 2005년 2월 23일 개관한 사립미술관이다. 4개의 전시장을 비롯하여 공연장, 창작교육실을 갖추고 매년 다양한 장르의 기획전시와 교육프로그램, 미술관 음악회를 활발하게 운영하고 있으며, 3천 여 평 규모의 미술관 정원은 300여 종의 야생화를 비롯한 수목과 수생 식물들이 자라고 있어 사계절 내내 관람객들에게 다양한 볼거리를 제공하고 있다. 팔영산 자락 아래 수려한 자연경관 속에 자리한 아름다운 미술관으로 널리 알려진 남포미술관은 지역주민 뿐만 아니라 전국 단위 관광객들의 발길이 끊이지 않는 고흥의 명소가 되고 있다.","전남광주통합특별시 고흥군 영남면 팔영로 1081","","34.6037034299","127.4572293239","","http://nampoart.co.kr/","http://tong.visitkorea.or.kr/cms/resource/24/3552724_image2_1.jpg","90","True","True","False","True","","","","","","active","0.5","http://nampoart.co.kr/","2026-06-30T21:26:27+00:00","","Type1","draft"
"tourapi","2554912","곡성기차마을 패러글라이딩","전남","곡성군","체험·스포츠","550m의 높이에서 하늘을 날아볼 수 있는 단한번의 기회!! 하늘을 나는 새와 이야기 해보자. 단순한 재미를 떠나 평생의 감동과 추억을 만들어준다. 이착륙장을 포함한 모든 시설이 패러글라이딩 전용으로 만들어진 국내 최초의 패러글라이딩 체험장이다. 경찰청을 포함한 여러 관공서및 유수의 대학, 기업과도 MOU를 맺은 믿을 수 있는 곡성 기차마을 패러글라이딩 체험장이다.","전남광주통합특별시 곡성군 오곡면 덕양서원길 42","","35.263612844","127.3104671975","","http://gspara.com","","150","False","False","True","","","","","","","active","0.5","http://gspara.com","2026-06-30T18:44:28+00:00","","","draft"
"tourapi","2483594","금오도 비렁길","전남","여수시","체험·스포츠","금오도는 다도해해상국립공원에 속한 지역으로 큰 자라를 닮아서 붙은 이름이다. 이 섬에는 비렁길이라 부르는 천혜 절경 해안 절벽 길이 있다. 비렁은 벼랑의 여수 사투리로, 해안 절벽 위를 연결한 걷기 길을 지칭하며 원래 이 길은 지역 주민들이 땔감을 구하고 낚시를 하기 위해 다니던 해안 길이다. 이 길을 2010년부터 걷기 코스로 개발한 것이 금오도 비렁길이다. 바다 풍광이 빼어난 비렁길은 5개 코스에 총 18.5㎞ 구간으로 종주하려면 8시간 30분 정도 걸린다. 함구미~두포에 이르는 1코스, 두포에서 직포로 넘어가는 2코스를 대표로 꼽는다. 비렁길 코스 곳곳에는 금오도의 특산물 방풍나물과 머위, 대나무와 동백나무들이 빽빽하게 자라고 있다. 금오도로 입도하는 배편은 여수여객선터미널, 백야도, 돌산 신기항에서 출항하지만 신기항을 가장 많이 이용한다. 운항 시간이 25분으로 짧고 하계 기준 07:45~18:00까지 7회차 출항하고 있다. 여수항에서 출발하여 함구미항에 내리는 경우는 하루 3번 왕복하는 배를 이용하며 1시간 30분이 소요된다.","전남광주통합특별시 여수시 남면 용머리길","","34.5371985513","127.7111643607","","http://www.yeosu.go.kr/tour/travel/10tour/geumodo","http://tong.visitkorea.or.kr/cms/resource/62/3015562_image2_1.jpg","150","False","False","False","","","","","","","active","0.5","http://www.yeosu.go.kr/tour/travel/10tour/geumodo","2026-06-30T18:44:28+00:00","","Type3","draft"
